ISO-10303-21;
HEADER;
FILE_DESCRIPTION (( 'STEP AP214' ),
    '1' );
FILE_NAME ('LT3045IMSE#TRPBF.STEP',
    '2024-12-15T15:35:14',
    ( '' ),
    ( '' ),
    'SwSTEP 2.0',
    'SolidWorks 2021',
    '' );
FILE_SCHEMA (( 'AUTOMOTIVE_DESIGN' ));
ENDSEC;

DATA;
#1 = DIRECTION ( 'NONE',  ( 1.000000000000000000, 0.000000000000000000, -9.908630082471227708E-15 ) ) ;
#2 = LINE ( 'NONE', #5100, #2635 ) ;
#3 = CYLINDRICAL_SURFACE ( 'NONE', #361, 0.2800000000000000822 ) ;
#4 = VECTOR ( 'NONE', #652, 1000.000000000000000 ) ;
#5 = LINE ( 'NONE', #4451, #5852 ) ;
#6 = ORIENTED_EDGE ( 'NONE', *, *, #2552, .T. ) ;
#7 = AXIS2_PLACEMENT_3D ( 'NONE', #831, #5283, #1991 ) ;
#8 = FACE_OUTER_BOUND ( 'NONE', #6108, .T. ) ;
#9 = VERTEX_POINT ( 'NONE', #6746 ) ;
#10 = EDGE_LOOP ( 'NONE', ( #4040, #91, #2771, #6760 ) ) ;
#11 = ORIENTED_EDGE ( 'NONE', *, *, #1076, .T. ) ;
#12 = EDGE_CURVE ( 'NONE', #4548, #6112, #4538, .T. ) ;
#13 = VERTEX_POINT ( 'NONE', #6195 ) ;
#14 = VECTOR ( 'NONE', #7137, 1000.000000000000000 ) ;
#15 = ORIENTED_EDGE ( 'NONE', *, *, #5882, .F. ) ;
#16 = VECTOR ( 'NONE', #4011, 1000.000000000000000 ) ;
#17 = PLANE ( 'NONE',  #1956 ) ;
#18 = CARTESIAN_POINT ( 'NONE',  ( 0.7055000000000003491, 0.2400000000000004075, -7.389720253661496764E-15 ) ) ;
#19 = ORIENTED_EDGE ( 'NONE', *, *, #3360, .F. ) ;
#20 = DIRECTION ( 'NONE',  ( -1.047444401652940007E-14, 0.000000000000000000, -1.000000000000000000 ) ) ;
#21 = VECTOR ( 'NONE', #5792, 1000.000000000000114 ) ;
#22 = LINE ( 'NONE', #4979, #2379 ) ;
#23 = ORIENTED_EDGE ( 'NONE', *, *, #6415, .T. ) ;
#24 = EDGE_CURVE ( 'NONE', #2820, #7125, #1650, .T. ) ;
#25 = DIRECTION ( 'NONE',  ( 1.402715769532989942E-14, 0.000000000000000000, 1.000000000000000000 ) ) ;
#26 = VERTEX_POINT ( 'NONE', #6787 ) ;
#27 = DIRECTION ( 'NONE',  ( -1.000000000000000000, 0.000000000000000000, 1.047444401652940007E-14 ) ) ;
#28 = CARTESIAN_POINT ( 'NONE',  ( 1.499999999999984679, 0.7600000000000000089, -1.460000000000016396 ) ) ;
#29 = EDGE_CURVE ( 'NONE', #2748, #348, #6052, .T. ) ;
#30 = EDGE_CURVE ( 'NONE', #243, #1936, #1183, .T. ) ;
#31 = ORIENTED_EDGE ( 'NONE', *, *, #4311, .F. ) ;
#32 = CARTESIAN_POINT ( 'NONE',  ( -2.259012843649067737, 0.3808193555679768583, 0.4900000000000238609 ) ) ;
#33 = FILL_AREA_STYLE ('',( #3343 ) ) ;
#34 = VECTOR ( 'NONE', #1944, 1000.000000000000000 ) ;
#35 = ADVANCED_FACE ( 'NONE', ( #4982 ), #6124, .F. ) ;
#36 = FILL_AREA_STYLE ('',( #5419 ) ) ;
#37 = ORIENTED_EDGE ( 'NONE', *, *, #3453, .T. ) ;
#38 = LINE ( 'NONE', #3932, #402 ) ;
#39 = LINE ( 'NONE', #6719, #7092 ) ;
#40 = VECTOR ( 'NONE', #405, 1000.000000000000000 ) ;
#41 = CARTESIAN_POINT ( 'NONE',  ( 1.815873739763122163, 0.5142020143325679582, 1.139999999999981251 ) ) ;
#42 = VECTOR ( 'NONE', #6314, 1000.000000000000000 ) ;
#43 = LINE ( 'NONE', #1700, #93 ) ;
#44 = DIRECTION ( 'NONE',  ( -1.000000000000000000, 0.000000000000000000, 1.022859097168414451E-14 ) ) ;
#45 = CARTESIAN_POINT ( 'NONE',  ( -1.499999999999981570, 0.7600000000000000089, 1.790000000000016467 ) ) ;
#46 = ORIENTED_EDGE ( 'NONE', *, *, #6147, .F. ) ;
#47 = CLOSED_SHELL ( 'NONE', ( #3169, #2014, #2602, #413, #3652, #3982, #5720, #4294, #3127, #776, #1086, #3270, #3437, #5026 ) ) ;
#48 = DIRECTION ( 'NONE',  ( -0.05233595624293647247, -0.9986295347545742773, 5.481900437181704796E-16 ) ) ;
#49 = ORIENTED_EDGE ( 'NONE', *, *, #4853, .F. ) ;
#50 = AXIS2_PLACEMENT_3D ( 'NONE', #3912, #6109, #5253 ) ;
#51 = ORIENTED_EDGE ( 'NONE', *, *, #4314, .F. ) ;
#52 = AXIS2_PLACEMENT_3D ( 'NONE', #3478, #5031, #3690 ) ;
#53 = VERTEX_POINT ( 'NONE', #1147 ) ;
#54 = VERTEX_POINT ( 'NONE', #5627 ) ;
#55 = VECTOR ( 'NONE', #3840, 1000.000000000000114 ) ;
#56 = EDGE_CURVE ( 'NONE', #1123, #6294, #5522, .T. ) ;
#57 = CARTESIAN_POINT ( 'NONE',  ( 0.9454999999999817994, 0.2400000000000004075, -1.772500000000010623 ) ) ;
#58 = AXIS2_PLACEMENT_3D ( 'NONE', #6323, #1378, #3601 ) ;
#59 = DIRECTION ( 'NONE',  ( -1.000000000000000000, 0.000000000000000000, 1.052637691431445486E-14 ) ) ;
#60 = ORIENTED_EDGE ( 'NONE', *, *, #679, .T. ) ;
#61 = DIRECTION ( 'NONE',  ( -1.000000000000000000, 0.000000000000000000, 1.057097118173366350E-14 ) ) ;
#62 = ORIENTED_EDGE ( 'NONE', *, *, #4083, .F. ) ;
#63 = PLANE ( 'NONE',  #4601 ) ;
#64 = ORIENTED_EDGE ( 'NONE', *, *, #1709, .T. ) ;
#65 = DIRECTION ( 'NONE',  ( -1.000000000000000000, 0.000000000000000000, 9.908630082471240330E-15 ) ) ;
#66 = DIRECTION ( 'NONE',  ( 1.000000000000000000, -1.221473969113538888E-16, -1.047444401652940007E-14 ) ) ;
#67 = PLANE ( 'NONE',  #1256 ) ;
#68 = VECTOR ( 'NONE', #1808, 1000.000000000000000 ) ;
#69 = ADVANCED_FACE ( 'NONE', ( #5085 ), #4430, .F. ) ;
#70 = DIRECTION ( 'NONE',  ( 1.000000000000000000, 0.000000000000000000, -1.047444401652940007E-14 ) ) ;
#71 = CARTESIAN_POINT ( 'NONE',  ( -0.9454999999999817994, 0.3399999999999998024, 1.772500000000010623 ) ) ;
#72 = AXIS2_PLACEMENT_3D ( 'NONE', #6462, #969, #3704 ) ;
#73 = ORIENTED_EDGE ( 'NONE', *, *, #5154, .F. ) ;
#74 = EDGE_CURVE ( 'NONE', #458, #881, #605, .T. ) ;
#75 = PLANE ( 'NONE',  #4809 ) ;
#76 = EDGE_CURVE ( 'NONE', #3395, #1386, #6780, .T. ) ;
#77 = LINE ( 'NONE', #2284, #4095 ) ;
#78 = VERTEX_POINT ( 'NONE', #671 ) ;
#79 = DIRECTION ( 'NONE',  ( -0.000000000000000000, -1.000000000000000000, -0.000000000000000000 ) ) ;
#80 = DIRECTION ( 'NONE',  ( -0.1710878697460379849, 0.9702875252478135870, -0.1710878697460344045 ) ) ;
#81 = DIRECTION ( 'NONE',  ( 1.000000000000000000, 0.000000000000000000, -1.047444401652940007E-14 ) ) ;
#82 = DIRECTION ( 'NONE',  ( 1.047444401652940007E-14, -0.000000000000000000, 1.000000000000000000 ) ) ;
#83 = ADVANCED_FACE ( 'NONE', ( #246 ), #214, .F. ) ;
#84 = ORIENTED_EDGE ( 'NONE', *, *, #1707, .F. ) ;
#85 = DIRECTION ( 'NONE',  ( -0.000000000000000000, 1.000000000000000000, -0.000000000000000000 ) ) ;
#86 = ORIENTED_EDGE ( 'NONE', *, *, #6505, .T. ) ;
#87 = VERTEX_POINT ( 'NONE', #2393 ) ;
#88 = EDGE_CURVE ( 'NONE', #1136, #212, #6263, .T. ) ;
#89 = ORIENTED_EDGE ( 'NONE', *, *, #4072, .F. ) ;
#90 = VERTEX_POINT ( 'NONE', #5303 ) ;
#91 = ORIENTED_EDGE ( 'NONE', *, *, #2115, .T. ) ;
#92 = DIRECTION ( 'NONE',  ( -1.000000000000000000, 0.000000000000000000, 1.057097118173366350E-14 ) ) ;
#93 = VECTOR ( 'NONE', #6802, 1000.000000000000000 ) ;
#94 = CARTESIAN_POINT ( 'NONE',  ( -1.910579527876290928, 0.2540000000000005587, -1.789999999999980718 ) ) ;
#95 = EDGE_LOOP ( 'NONE', ( #2300, #6193, #269, #5972 ) ) ;
#96 = EDGE_CURVE ( 'NONE', #2962, #3395, #2931, .T. ) ;
#97 = LINE ( 'NONE', #5624, #55 ) ;
#98 = ORIENTED_EDGE ( 'NONE', *, *, #6696, .T. ) ;
#99 = CARTESIAN_POINT ( 'NONE',  ( -1.499999999999978906, 0.7600000000000000089, 2.019500000000015838 ) ) ;
#100 = CARTESIAN_POINT ( 'NONE',  ( 0.7054999999999816973, 0.3399999999999998024, -1.772500000000007958 ) ) ;
#101 = DIRECTION ( 'NONE',  ( -1.221473969113538888E-16, -1.000000000000000000, 1.279426070712772449E-30 ) ) ;
#102 = VECTOR ( 'NONE', #4951, 1000.000000000000000 ) ;
#103 = CARTESIAN_POINT ( 'NONE',  ( -1.499999999999981570, 0.7600000000000000089, 1.790000000000016467 ) ) ;
#104 = CARTESIAN_POINT ( 'NONE',  ( 1.499999999999998446, 0.5800000000000004041, -0.1600000000000157130 ) ) ;
#105 = CARTESIAN_POINT ( 'NONE',  ( 2.259012843649085056, 0.3808193555679768583, 1.139999999999976588 ) ) ;
#106 = LINE ( 'NONE', #2977, #2267 ) ;
#107 = VECTOR ( 'NONE', #4321, 1000.000000000000000 ) ;
#108 = EDGE_CURVE ( 'NONE', #2589, #641, #4616, .T. ) ;
#109 = AXIS2_PLACEMENT_3D ( 'NONE', #6042, #630, #4497 ) ;
#110 = CARTESIAN_POINT ( 'NONE',  ( 0.8254999999999871330, 0.2400000000000004075, -1.272500000000008846 ) ) ;
#111 = VERTEX_POINT ( 'NONE', #4689 ) ;
#112 = DIRECTION ( 'NONE',  ( 1.000000000000000000, 1.221473969113538888E-16, -1.047444401652940007E-14 ) ) ;
#113 = DIRECTION ( 'NONE',  ( 0.05233595624293795046, 0.9986295347545742773, -5.516594906701396738E-16 ) ) ;
#114 = ORIENTED_EDGE ( 'NONE', *, *, #6878, .F. ) ;
#115 = LINE ( 'NONE', #4448, #5920 ) ;
#116 = CARTESIAN_POINT ( 'NONE',  ( 1.721904477684514045, 0.7600000000000000089, -0.4900000000000183098 ) ) ;
#117 = EDGE_CURVE ( 'NONE', #3328, #5682, #4585, .T. ) ;
#118 = CARTESIAN_POINT ( 'NONE',  ( 1.815873739763108619, 0.5142020143325679582, -0.1600000000000191269 ) ) ;
#119 = CARTESIAN_POINT ( 'NONE',  ( 1.721904477684507384, 0.5800000000000004041, -1.140000000000018110 ) ) ;
#120 = DIRECTION ( 'NONE',  ( -1.064097747022317355E-14, 0.000000000000000000, -1.000000000000000000 ) ) ;
#121 = EDGE_CURVE ( 'NONE', #5724, #1827, #3003, .T. ) ;
#122 = LINE ( 'NONE', #3427, #3417 ) ;
#123 = VERTEX_POINT ( 'NONE', #4761 ) ;
#124 = EDGE_CURVE ( 'NONE', #4905, #2205, #4027, .T. ) ;
#125 = VERTEX_POINT ( 'NONE', #1868 ) ;
#126 = ORIENTED_EDGE ( 'NONE', *, *, #4831, .F. ) ;
#127 = EDGE_CURVE ( 'NONE', #6260, #6731, #6852, .T. ) ;
#128 = EDGE_CURVE ( 'NONE', #878, #1742, #4652, .T. ) ;
#129 = ORIENTED_EDGE ( 'NONE', *, *, #5009, .T. ) ;
#130 = ORIENTED_EDGE ( 'NONE', *, *, #6004, .F. ) ;
#131 = ORIENTED_EDGE ( 'NONE', *, *, #1310, .T. ) ;
#132 = AXIS2_PLACEMENT_3D ( 'NONE', #2096, #6645, #6537 ) ;
#133 = DIRECTION ( 'NONE',  ( 0.05233595624293647247, -0.9986295347545742773, -5.481900437181704796E-16 ) ) ;
#134 = VECTOR ( 'NONE', #4008, 1000.000000000000000 ) ;
#135 = CARTESIAN_POINT ( 'NONE',  ( 2.450000000000019718, 0.1797533162558246356, 1.789999999999975167 ) ) ;
#136 = ORIENTED_EDGE ( 'NONE', *, *, #6791, .T. ) ;
#137 = ORIENTED_EDGE ( 'NONE', *, *, #3082, .T. ) ;
#138 = VECTOR ( 'NONE', #5554, 1000.000000000000000 ) ;
#139 = DIRECTION ( 'NONE',  ( 0.000000000000000000, -1.000000000000000000, 0.000000000000000000 ) ) ;
#140 = VECTOR ( 'NONE', #2467, 1000.000000000000000 ) ;
#141 = VERTEX_POINT ( 'NONE', #5735 ) ;
#142 = CARTESIAN_POINT ( 'NONE',  ( 1.721904477684524482, 0.7600000000000000089, 0.4899999999999822275 ) ) ;
#143 = LINE ( 'NONE', #103, #6176 ) ;
#144 = CARTESIAN_POINT ( 'NONE',  ( -2.440579527876267196, -2.168404344971008868E-16, 0.4900000000000258038 ) ) ;
#145 = VECTOR ( 'NONE', #3038, 1000.000000000000000 ) ;
#146 = VECTOR ( 'NONE', #2628, 1000.000000000000000 ) ;
#147 = ORIENTED_EDGE ( 'NONE', *, *, #6468, .F. ) ;
#148 = CARTESIAN_POINT ( 'NONE',  ( -0.9455000000000188809, 0.2400000000000004075, -1.772499999999990861 ) ) ;
#149 = CARTESIAN_POINT ( 'NONE',  ( -1.217400630678597828, 1.000000000000000666, -1.490642050501195470 ) ) ;
#150 = AXIS2_PLACEMENT_3D ( 'NONE', #3788, #3751, #2039 ) ;
#151 = VECTOR ( 'NONE', #263, 1000.000000000000000 ) ;
#152 = CARTESIAN_POINT ( 'NONE',  ( 1.499999999999991784, 0.5800000000000004041, -0.8100000000000159295 ) ) ;
#153 = CARTESIAN_POINT ( 'NONE',  ( 2.440579527876260091, -2.168404344971008868E-16, -1.140000000000025882 ) ) ;
#154 = DIRECTION ( 'NONE',  ( 0.9986295347545742773, 0.05233595624293741616, -1.046008915503959065E-14 ) ) ;
#155 = DIRECTION ( 'NONE',  ( -0.3420201433256684354, -0.9396926207859085389, 3.582470843790075770E-15 ) ) ;
#156 =( NAMED_UNIT ( * ) SI_UNIT ( $, .STERADIAN. ) SOLID_ANGLE_UNIT ( ) );
#157 = LINE ( 'NONE', #1777, #16 ) ;
#158 = CARTESIAN_POINT ( 'NONE',  ( 2.259012843649064184, 0.3808193555679768583, -0.8100000000000237010 ) ) ;
#159 = CIRCLE ( 'NONE', #6990, 0.1750719788243585429 ) ;
#160 = DIRECTION ( 'NONE',  ( -0.000000000000000000, -1.000000000000000000, -0.000000000000000000 ) ) ;
#161 = VERTEX_POINT ( 'NONE', #5796 ) ;
#162 = ORIENTED_EDGE ( 'NONE', *, *, #3797, .F. ) ;
#163 = EDGE_CURVE ( 'NONE', #6701, #2751, #1358, .T. ) ;
#164 = AXIS2_PLACEMENT_3D ( 'NONE', #2405, #2282, #5129 ) ;
#165 = ORIENTED_EDGE ( 'NONE', *, *, #6105, .F. ) ;
#166 = VERTEX_POINT ( 'NONE', #4145 ) ;
#167 = VERTEX_POINT ( 'NONE', #1287 ) ;
#168 = EDGE_CURVE ( 'NONE', #2205, #3844, #4102, .T. ) ;
#169 = EDGE_CURVE ( 'NONE', #4020, #4687, #4705, .T. ) ;
#170 = AXIS2_PLACEMENT_3D ( 'NONE', #4279, #7087, #6475 ) ;
#171 = SURFACE_STYLE_FILL_AREA ( #6890 ) ;
#172 = DIRECTION ( 'NONE',  ( 0.3420201433256684354, 0.9396926207859085389, -3.582470843790075770E-15 ) ) ;
#173 = ORIENTED_EDGE ( 'NONE', *, *, #560, .F. ) ;
#174 = VECTOR ( 'NONE', #6228, 1000.000000000000114 ) ;
#175 = EDGE_LOOP ( 'NONE', ( #186, #2354, #5563, #5037 ) ) ;
#176 = EDGE_CURVE ( 'NONE', #5065, #4648, #3032, .T. ) ;
#177 = AXIS2_PLACEMENT_3D ( 'NONE', #4244, #6473, #178 ) ;
#178 = DIRECTION ( 'NONE',  ( -1.000000000000000000, 0.000000000000000000, 1.022859097168414451E-14 ) ) ;
#179 = LINE ( 'NONE', #4575, #1454 ) ;
#180 = DIRECTION ( 'NONE',  ( 1.047444401652940007E-14, 0.000000000000000000, 1.000000000000000000 ) ) ;
#181 = CIRCLE ( 'NONE', #4251, 0.3707949898354948592 ) ;
#182 = DIRECTION ( 'NONE',  ( -1.047444401652940007E-14, 0.000000000000000000, -1.000000000000000000 ) ) ;
#183 = CIRCLE ( 'NONE', #5630, 0.1000000000000000472 ) ;
#184 = CARTESIAN_POINT ( 'NONE',  ( -1.500000000000001998, 0.7600000000000000089, -0.1599999999999843769 ) ) ;
#185 = FACE_OUTER_BOUND ( 'NONE', #3367, .T. ) ;
#186 = ORIENTED_EDGE ( 'NONE', *, *, #3402, .T. ) ;
#187 = LINE ( 'NONE', #1331, #1329 ) ;
#188 = CARTESIAN_POINT ( 'NONE',  ( -2.239606933285943846, 0.01053252737922920866, -0.1599999999999764388 ) ) ;
#189 = CARTESIAN_POINT ( 'NONE',  ( -1.217400630678597828, 1.100000000000000089, -1.490642050501195470 ) ) ;
#190 = DIRECTION ( 'NONE',  ( -1.000000000000000000, 0.000000000000000000, 8.642576025897891774E-15 ) ) ;
#191 = ORIENTED_EDGE ( 'NONE', *, *, #3133, .T. ) ;
#192 = CARTESIAN_POINT ( 'NONE',  ( -1.815873739763105066, 0.5142020143325679582, 0.4900000000000193645 ) ) ;
#193 = DIRECTION ( 'NONE',  ( -1.000000000000000000, 0.000000000000000000, 1.084202172485503961E-14 ) ) ;
#194 = CARTESIAN_POINT ( 'NONE',  ( -2.449999999999982414, 0.1797533162558246356, 1.790000000000026015 ) ) ;
#195 = LINE ( 'NONE', #722, #483 ) ;
#196 = CARTESIAN_POINT ( 'NONE',  ( -2.079724199617717595, 0.3155636257986206283, 1.790000000000022462 ) ) ;
#197 = DIRECTION ( 'NONE',  ( -1.047444401652940007E-14, 0.000000000000000000, -1.000000000000000000 ) ) ;
#198 = EDGE_CURVE ( 'NONE', #6036, #1830, #4126, .T. ) ;
#199 = CARTESIAN_POINT ( 'NONE',  ( -1.721904477684507384, 0.4800000000000010369, 1.140000000000018110 ) ) ;
#200 = CARTESIAN_POINT ( 'NONE',  ( 1.499999999999991784, 0.7600000000000000089, -0.8100000000000159295 ) ) ;
#201 = ORIENTED_EDGE ( 'NONE', *, *, #2462, .T. ) ;
#202 = ORIENTED_EDGE ( 'NONE', *, *, #3937, .F. ) ;
#203 = EDGE_CURVE ( 'NONE', #3825, #236, #6542, .T. ) ;
#204 = ORIENTED_EDGE ( 'NONE', *, *, #1895, .T. ) ;
#205 = ORIENTED_EDGE ( 'NONE', *, *, #2189, .T. ) ;
#206 = ORIENTED_EDGE ( 'NONE', *, *, #4133, .F. ) ;
#207 =( LENGTH_UNIT ( ) NAMED_UNIT ( * ) SI_UNIT ( .MILLI., .METRE. ) );
#208 = FACE_OUTER_BOUND ( 'NONE', #6515, .T. ) ;
#209 = ORIENTED_EDGE ( 'NONE', *, *, #2462, .F. ) ;
#210 = VERTEX_POINT ( 'NONE', #1941 ) ;
#211 = EDGE_CURVE ( 'NONE', #5361, #1614, #4178, .T. ) ;
#212 = VERTEX_POINT ( 'NONE', #3622 ) ;
#213 = CARTESIAN_POINT ( 'NONE',  ( -2.450000000000003286, 0.1797533162558246356, -0.1599999999999743294 ) ) ;
#214 = PLANE ( 'NONE',  #4002 ) ;
#215 = CARTESIAN_POINT ( 'NONE',  ( 2.440579527876270305, -2.168404344971008868E-16, -0.1600000000000255385 ) ) ;
#216 = FACE_OUTER_BOUND ( 'NONE', #1504, .T. ) ;
#217 = DIRECTION ( 'NONE',  ( 1.000000000000000000, -0.000000000000000000, -1.047444401652940007E-14 ) ) ;
#218 = PLANE ( 'NONE',  #6349 ) ;
#219 = CARTESIAN_POINT ( 'NONE',  ( -2.259012843649088165, 0.3808193555679768583, -1.459999999999976872 ) ) ;
#220 = ADVANCED_FACE ( 'NONE', ( #5833 ), #849, .F. ) ;
#221 = CARTESIAN_POINT ( 'NONE',  ( 2.239606933285953616, 0.01053252737922920866, 1.139999999999977032 ) ) ;
#222 = DIRECTION ( 'NONE',  ( -1.047444401652940007E-14, 0.000000000000000000, -1.000000000000000000 ) ) ;
#223 = ORIENTED_EDGE ( 'NONE', *, *, #3357, .F. ) ;
#224 = ADVANCED_FACE ( 'NONE', ( #5330 ), #5571, .F. ) ;
#225 = CARTESIAN_POINT ( 'NONE',  ( -2.259012843649077951, 0.3808193555679768583, -0.4899999999999766764 ) ) ;
#226 = AXIS2_PLACEMENT_3D ( 'NONE', #3893, #2855, #4472 ) ;
#227 = DIRECTION ( 'NONE',  ( -1.000000000000000000, 0.000000000000000000, 1.047444401652940007E-14 ) ) ;
#228 = PLANE ( 'NONE',  #3374 ) ;
#229 = CARTESIAN_POINT ( 'NONE',  ( 2.440579527876274302, -2.168404344971008868E-16, 0.1599999999999744127 ) ) ;
#230 = AXIS2_PLACEMENT_3D ( 'NONE', #4620, #6822, #1838 ) ;
#231 = FACE_OUTER_BOUND ( 'NONE', #744, .T. ) ;
#232 = DIRECTION ( 'NONE',  ( 1.047444401652940007E-14, 0.000000000000000000, 1.000000000000000000 ) ) ;
#233 = DIRECTION ( 'NONE',  ( 1.000000000000000000, 0.000000000000000000, -1.047444401652940007E-14 ) ) ;
#234 = ORIENTED_EDGE ( 'NONE', *, *, #3093, .T. ) ;
#235 = DIRECTION ( 'NONE',  ( 1.047444401652940007E-14, 0.000000000000000000, 1.000000000000000000 ) ) ;
#236 = VERTEX_POINT ( 'NONE', #5939 ) ;
#237 = ORIENTED_EDGE ( 'NONE', *, *, #4374, .F. ) ;
#238 = ORIENTED_EDGE ( 'NONE', *, *, #6277, .F. ) ;
#239 = ORIENTED_EDGE ( 'NONE', *, *, #3207, .T. ) ;
#240 = CYLINDRICAL_SURFACE ( 'NONE', #5360, 0.2800000000000003042 ) ;
#241 = ORIENTED_EDGE ( 'NONE', *, *, #649, .F. ) ;
#242 = VERTEX_POINT ( 'NONE', #1973 ) ;
#243 = VERTEX_POINT ( 'NONE', #2594 ) ;
#244 = VERTEX_POINT ( 'NONE', #4254 ) ;
#245 = FILL_AREA_STYLE ('',( #5869 ) ) ;
#246 = FACE_OUTER_BOUND ( 'NONE', #3954, .T. ) ;
#247 = VECTOR ( 'NONE', #2946, 999.9999999999998863 ) ;
#248 = PLANE ( 'NONE',  #3859 ) ;
#249 = CARTESIAN_POINT ( 'NONE',  ( 1.440048826559143125, 0.2400000000000004075, 1.959548826559106116 ) ) ;
#250 = VECTOR ( 'NONE', #3854, 1000.000000000000114 ) ;
#251 = LINE ( 'NONE', #817, #6790 ) ;
#252 = LINE ( 'NONE', #5241, #140 ) ;
#253 = PLANE ( 'NONE',  #700 ) ;
#254 = VERTEX_POINT ( 'NONE', #1099 ) ;
#255 = CARTESIAN_POINT ( 'NONE',  ( -0.7055000000000156701, 0.2400000000000004075, -1.422499999999993214 ) ) ;
#256 = CIRCLE ( 'NONE', #4322, 0.1000000000000000472 ) ;
#257 = EDGE_CURVE ( 'NONE', #1026, #465, #1052, .T. ) ;
#258 = CIRCLE ( 'NONE', #4324, 0.2800000000000003042 ) ;
#259 = EDGE_CURVE ( 'NONE', #1744, #7088, #5, .T. ) ;
#260 = CARTESIAN_POINT ( 'NONE',  ( -1.985018411504581914, 0.5757656401311880279, -0.8099999999999794031 ) ) ;
#261 = ORIENTED_EDGE ( 'NONE', *, *, #4706, .T. ) ;
#262 = CARTESIAN_POINT ( 'NONE',  ( -1.721904477684500723, 0.4800000000000010369, 1.790000000000018465 ) ) ;
#263 = DIRECTION ( 'NONE',  ( 1.000000000000000000, 3.664421907340616418E-16, -1.047444401652940007E-14 ) ) ;
#264 = EDGE_CURVE ( 'NONE', #6292, #210, #5174, .T. ) ;
#265 = CARTESIAN_POINT ( 'NONE',  ( 0.8255000000000134452, 0.3399999999999998024, 1.272499999999991527 ) ) ;
#266 = CYLINDRICAL_SURFACE ( 'NONE', #5355, 0.3707949898354946372 ) ;
#267 = DIRECTION ( 'NONE',  ( 0.000000000000000000, 1.000000000000000000, 0.000000000000000000 ) ) ;
#268 = CARTESIAN_POINT ( 'NONE',  ( -1.721904477684514045, 0.4800000000000010369, 0.4900000000000183098 ) ) ;
#269 = ORIENTED_EDGE ( 'NONE', *, *, #5722, .F. ) ;
#270 = CYLINDRICAL_SURFACE ( 'NONE', #7134, 0.1907949898354945883 ) ;
#271 = ORIENTED_EDGE ( 'NONE', *, *, #5238, .T. ) ;
#272 = VECTOR ( 'NONE', #7095, 1000.000000000000000 ) ;
#273 = VERTEX_POINT ( 'NONE', #1131 ) ;
#274 = DIRECTION ( 'NONE',  ( -1.047444401652940007E-14, -0.000000000000000000, -1.000000000000000000 ) ) ;
#275 = DIRECTION ( 'NONE',  ( 1.047444401652940007E-14, 0.000000000000000000, 1.000000000000000000 ) ) ;
#276 = ORIENTED_EDGE ( 'NONE', *, *, #1846, .F. ) ;
#277 = VERTEX_POINT ( 'NONE', #378 ) ;
#278 = AXIS2_PLACEMENT_3D ( 'NONE', #192, #2944, #1844 ) ;
#279 = VERTEX_POINT ( 'NONE', #1433 ) ;
#280 = DIRECTION ( 'NONE',  ( -1.047444401652940007E-14, 0.000000000000000000, -1.000000000000000000 ) ) ;
#281 = EDGE_CURVE ( 'NONE', #1562, #1903, #2012, .T. ) ;
#282 = CARTESIAN_POINT ( 'NONE',  ( -2.249027405409655511, 0.1902858436350523264, 1.460000000000023945 ) ) ;
#283 = AXIS2_PLACEMENT_3D ( 'NONE', #1499, #2800, #6410 ) ;
#284 = PLANE ( 'NONE',  #1651 ) ;
#285 = LINE ( 'NONE', #5837, #2497 ) ;
#286 = AXIS2_PLACEMENT_3D ( 'NONE', #588, #3977, #658 ) ;
#287 = LINE ( 'NONE', #3591, #3783 ) ;
#288 = FACE_OUTER_BOUND ( 'NONE', #2616, .T. ) ;
#289 = AXIS2_PLACEMENT_3D ( 'NONE', #467, #1590, #3819 ) ;
#290 = LINE ( 'NONE', #1442, #5703 ) ;
#291 = ORIENTED_EDGE ( 'NONE', *, *, #3315, .T. ) ;
#292 = VECTOR ( 'NONE', #4438, 999.9999999999998863 ) ;
#293 = DIRECTION ( 'NONE',  ( 1.047444401652940007E-14, 0.000000000000000000, 1.000000000000000000 ) ) ;
#294 = CARTESIAN_POINT ( 'NONE',  ( -2.449999999999996181, 0.1797533162558246356, 0.4900000000000258038 ) ) ;
#295 = CARTESIAN_POINT ( 'NONE',  ( 0.7055000000000190008, 0.3399999999999998024, 1.772499999999993525 ) ) ;
#296 = CARTESIAN_POINT ( 'NONE',  ( 1.499999999999991784, 0.7600000000000000089, -0.8100000000000159295 ) ) ;
#297 = EDGE_CURVE ( 'NONE', #801, #6112, #6446, .T. ) ;
#298 = EDGE_CURVE ( 'NONE', #5840, #4165, #5870, .T. ) ;
#299 = DIRECTION ( 'NONE',  ( -1.047444401652940007E-14, 0.000000000000000000, -1.000000000000000000 ) ) ;
#300 = CARTESIAN_POINT ( 'NONE',  ( -1.721904477684521151, 0.4800000000000010369, -0.1599999999999819622 ) ) ;
#301 = CARTESIAN_POINT ( 'NONE',  ( -1.815873739763118611, 0.5142020143325679582, -0.8099999999999811795 ) ) ;
#302 = ORIENTED_EDGE ( 'NONE', *, *, #6241, .F. ) ;
#303 = CARTESIAN_POINT ( 'NONE',  ( 2.449999999999986411, 0.1797533162558246356, -1.460000000000025944 ) ) ;
#304 = ORIENTED_EDGE ( 'NONE', *, *, #872, .F. ) ;
#305 = EDGE_CURVE ( 'NONE', #2071, #1565, #5501, .T. ) ;
#306 = DIRECTION ( 'NONE',  ( -1.047444401652940007E-14, -0.000000000000000000, -1.000000000000000000 ) ) ;
#307 = VECTOR ( 'NONE', #575, 1000.000000000000000 ) ;
#308 = EDGE_LOOP ( 'NONE', ( #6155, #331, #5973, #910 ) ) ;
#309 = CARTESIAN_POINT ( 'NONE',  ( -1.500000000000021538, 0.5800000000000004041, -2.019499999999986528 ) ) ;
#310 = ORIENTED_EDGE ( 'NONE', *, *, #2758, .F. ) ;
#311 = ORIENTED_EDGE ( 'NONE', *, *, #1693, .F. ) ;
#312 = ORIENTED_EDGE ( 'NONE', *, *, #5888, .T. ) ;
#313 = DIRECTION ( 'NONE',  ( -1.047444401652940007E-14, 0.000000000000000000, -1.000000000000000000 ) ) ;
#314 = CARTESIAN_POINT ( 'NONE',  ( 0.8254999999999871330, 0.3399999999999998024, -1.272500000000008846 ) ) ;
#315 = DIRECTION ( 'NONE',  ( 1.047444401652940007E-14, 0.000000000000000000, 1.000000000000000000 ) ) ;
#316 = DIRECTION ( 'NONE',  ( -1.000000000000000000, -1.221473969113538888E-16, 1.047444401652940007E-14 ) ) ;
#317 = EDGE_CURVE ( 'NONE', #614, #5947, #2047, .T. ) ;
#318 = DIRECTION ( 'NONE',  ( -1.047444401652940007E-14, 0.000000000000000000, -1.000000000000000000 ) ) ;
#319 = PLANE ( 'NONE',  #3266 ) ;
#320 = CARTESIAN_POINT ( 'NONE',  ( -1.985018411504575031, 0.5757656401311880279, -0.1599999999999791866 ) ) ;
#321 = ORIENTED_EDGE ( 'NONE', *, *, #2603, .F. ) ;
#322 = CARTESIAN_POINT ( 'NONE',  ( 1.815873739763115502, 0.5142020143325679582, 0.4899999999999812283 ) ) ;
#323 = AXIS2_PLACEMENT_3D ( 'NONE', #2631, #3770, #3694 ) ;
#324 = CARTESIAN_POINT ( 'NONE',  ( 1.815873739763095074, 0.5142020143325679582, -1.460000000000019726 ) ) ;
#325 = CARTESIAN_POINT ( 'NONE',  ( -1.985018411504554603, 0.5757656401311880279, 1.790000000000021574 ) ) ;
#326 = CARTESIAN_POINT ( 'NONE',  ( -0.9454999999999817994, 0.2400000000000004075, 1.772500000000010623 ) ) ;
#327 = EDGE_CURVE ( 'NONE', #2004, #4851, #6664, .T. ) ;
#328 = FACE_OUTER_BOUND ( 'NONE', #1763, .T. ) ;
#329 = DIRECTION ( 'NONE',  ( -1.000000000000000000, 0.000000000000000000, 1.052637691431446117E-14 ) ) ;
#330 = DIRECTION ( 'NONE',  ( -1.047444401652940007E-14, 0.000000000000000000, -1.000000000000000000 ) ) ;
#331 = ORIENTED_EDGE ( 'NONE', *, *, #3429, .T. ) ;
#332 = FACE_OUTER_BOUND ( 'NONE', #484, .T. ) ;
#333 = CARTESIAN_POINT ( 'NONE',  ( 1.815873739763112171, 0.5142020143325679582, 0.1599999999999808520 ) ) ;
#334 = ORIENTED_EDGE ( 'NONE', *, *, #5503, .T. ) ;
#335 = ADVANCED_FACE ( 'NONE', ( #4283 ), #2763, .T. ) ;
#336 = EDGE_CURVE ( 'NONE', #2735, #90, #3103, .T. ) ;
#337 = DIRECTION ( 'NONE',  ( -1.047444401652940007E-14, -0.000000000000000000, -1.000000000000000000 ) ) ;
#338 = ORIENTED_EDGE ( 'NONE', *, *, #5186, .F. ) ;
#339 = VERTEX_POINT ( 'NONE', #1673 ) ;
#340 = EDGE_CURVE ( 'NONE', #5465, #1087, #4965, .T. ) ;
#341 = ORIENTED_EDGE ( 'NONE', *, *, #7148, .F. ) ;
#342 =( NAMED_UNIT ( * ) PLANE_ANGLE_UNIT ( ) SI_UNIT ( $, .RADIAN. ) );
#343 = CARTESIAN_POINT ( 'NONE',  ( -2.249027405409686153, 0.1902858436350523264, -1.459999999999976650 ) ) ;
#344 = CARTESIAN_POINT ( 'NONE',  ( 0.7055000000000190008, 0.3399999999999998024, 1.772499999999993525 ) ) ;
#345 = DIRECTION ( 'NONE',  ( 0.1710878697460374021, 0.9702875252478136980, 0.1710878697460344045 ) ) ;
#346 = DIRECTION ( 'NONE',  ( -1.047444401652940007E-14, 0.000000000000000000, -1.000000000000000000 ) ) ;
#347 = CARTESIAN_POINT ( 'NONE',  ( -1.721904477684521151, 0.5800000000000004041, -0.1599999999999819622 ) ) ;
#348 = VERTEX_POINT ( 'NONE', #4791 ) ;
#349 = DIRECTION ( 'NONE',  ( 1.047444401652940007E-14, 0.000000000000000000, 1.000000000000000000 ) ) ;
#350 = VECTOR ( 'NONE', #154, 1000.000000000000114 ) ;
#351 = DIRECTION ( 'NONE',  ( 1.047444401652940007E-14, -0.000000000000000000, 1.000000000000000000 ) ) ;
#352 = VERTEX_POINT ( 'NONE', #5364 ) ;
#353 = FACE_OUTER_BOUND ( 'NONE', #2514, .T. ) ;
#354 =( GEOMETRIC_REPRESENTATION_CONTEXT ( 3 ) GLOBAL_UNCERTAINTY_ASSIGNED_CONTEXT ( ( #4556 ) ) GLOBAL_UNIT_ASSIGNED_CONTEXT ( ( #797, #2290, #2543 ) ) REPRESENTATION_CONTEXT ( 'NONE', 'WORKASPACE' ) );
#355 = PLANE ( 'NONE',  #5557 ) ;
#356 = DIRECTION ( 'NONE',  ( -0.3420201433256698786, -0.9396926207859079838, 3.582470843790090758E-15 ) ) ;
#357 = CYLINDRICAL_SURFACE ( 'NONE', #1567, 0.3707949898354946372 ) ;
#358 = CIRCLE ( 'NONE', #5353, 0.3707949898354946372 ) ;
#359 = DIRECTION ( 'NONE',  ( 1.000000000000000000, 0.000000000000000000, -1.047444401652940007E-14 ) ) ;
#360 = DIRECTION ( 'NONE',  ( -1.000000000000000000, 0.000000000000000000, 1.084202172485503961E-14 ) ) ;
#361 = AXIS2_PLACEMENT_3D ( 'NONE', #2214, #1671, #5388 ) ;
#362 = ORIENTED_EDGE ( 'NONE', *, *, #6429, .T. ) ;
#363 = CARTESIAN_POINT ( 'NONE',  ( 0.000000000000000000, 1.100000000000000089, 0.000000000000000000 ) ) ;
#364 = VERTEX_POINT ( 'NONE', #3908 ) ;
#365 = CIRCLE ( 'NONE', #4442, 0.3707949898354946372 ) ;
#366 = LINE ( 'NONE', #2487, #7025 ) ;
#367 = VECTOR ( 'NONE', #4208, 999.9999999999998863 ) ;
#368 = DIRECTION ( 'NONE',  ( 0.1736481776669307753, -0.9848077530122080203, -1.804990327736802742E-15 ) ) ;
#369 = EDGE_LOOP ( 'NONE', ( #4576, #564 ) ) ;
#371 = EDGE_CURVE ( 'NONE', #6038, #5292, #2009, .T. ) ;
#370 = CARTESIAN_POINT ( 'NONE',  ( 1.985018411504564595, 0.5757656401311880279, -0.8100000000000211475 ) ) ;
#372 = ORIENTED_EDGE ( 'NONE', *, *, #3327, .F. ) ;
#373 = VERTEX_POINT ( 'NONE', #6107 ) ;
#374 = ADVANCED_FACE ( 'NONE', ( #6616 ), #1632, .F. ) ;
#375 = EDGE_LOOP ( 'NONE', ( #3329, #6331, #667, #1428 ) ) ;
#376 = ORIENTED_EDGE ( 'NONE', *, *, #7160, .F. ) ;
#377 = EDGE_CURVE ( 'NONE', #2842, #6489, #6288, .T. ) ;
#378 = CARTESIAN_POINT ( 'NONE',  ( -1.985018411504588576, 0.5757656401311880279, -1.459999999999979536 ) ) ;
#379 = DIRECTION ( 'NONE',  ( -1.000000000000000000, -0.000000000000000000, 6.866219186497642887E-15 ) ) ;
#380 = FACE_OUTER_BOUND ( 'NONE', #747, .T. ) ;
#381 = VECTOR ( 'NONE', #6069, 1000.000000000000000 ) ;
#382 = VECTOR ( 'NONE', #4550, 1000.000000000000000 ) ;
#383 = LINE ( 'NONE', #6566, #4505 ) ;
#384 = EDGE_CURVE ( 'NONE', #5611, #4128, #3536, .T. ) ;
#385 = FILL_AREA_STYLE ('',( #4797 ) ) ;
#386 = VERTEX_POINT ( 'NONE', #5071 ) ;
#387 = CARTESIAN_POINT ( 'NONE',  ( -0.9455000000000188809, 0.3399999999999998024, -1.772499999999990861 ) ) ;
#388 = FACE_OUTER_BOUND ( 'NONE', #10, .T. ) ;
#389 = VERTEX_POINT ( 'NONE', #1203 ) ;
#390 = VECTOR ( 'NONE', #6371, 1000.000000000000000 ) ;
#391 = DIRECTION ( 'NONE',  ( -1.000000000000000000, 0.000000000000000000, 1.084202172485503961E-14 ) ) ;
#392 = DIRECTION ( 'NONE',  ( -1.047444401652940007E-14, 0.000000000000000000, -1.000000000000000000 ) ) ;
#393 = VECTOR ( 'NONE', #1505, 1000.000000000000000 ) ;
#394 = ORIENTED_EDGE ( 'NONE', *, *, #961, .F. ) ;
#395 = CARTESIAN_POINT ( 'NONE',  ( 1.815873739763101735, 0.5142020143325679582, -0.8100000000000192601 ) ) ;
#396 = LINE ( 'NONE', #5988, #3439 ) ;
#397 = SURFACE_SIDE_STYLE ('',( #3049 ) ) ;
#398 = CARTESIAN_POINT ( 'NONE',  ( -2.449999999999989075, 0.1797533162558246356, 1.140000000000025437 ) ) ;
#399 = VECTOR ( 'NONE', #877, 1000.000000000000000 ) ;
#400 = ORIENTED_EDGE ( 'NONE', *, *, #5247, .F. ) ;
#401 = CARTESIAN_POINT ( 'NONE',  ( -0.9455000000000188809, 0.3399999999999998024, -1.772499999999990861 ) ) ;
#402 = VECTOR ( 'NONE', #5177, 1000.000000000000000 ) ;
#403 = AXIS2_PLACEMENT_3D ( 'NONE', #1260, #4107, #3036 ) ;
#404 = ORIENTED_EDGE ( 'NONE', *, *, #5997, .T. ) ;
#405 = DIRECTION ( 'NONE',  ( 1.047444401652940007E-14, -0.000000000000000000, 1.000000000000000000 ) ) ;
#406 = CARTESIAN_POINT ( 'NONE',  ( 2.259012843649074398, 0.3808193555679768583, 0.1599999999999764388 ) ) ;
#407 = EDGE_CURVE ( 'NONE', #3250, #1100, #2832, .T. ) ;
#408 = CARTESIAN_POINT ( 'NONE',  ( -2.259012843649085056, 0.3808193555679768583, -1.139999999999976588 ) ) ;
#409 = AXIS2_PLACEMENT_3D ( 'NONE', #1146, #6156, #5164 ) ;
#410 = ORIENTED_EDGE ( 'NONE', *, *, #6058, .F. ) ;
#411 = PLANE ( 'NONE',  #170 ) ;
#412 = ORIENTED_EDGE ( 'NONE', *, *, #4596, .T. ) ;
#413 = ADVANCED_FACE ( 'NONE', ( #765 ), #6764, .F. ) ;
#414 = AXIS2_PLACEMENT_3D ( 'NONE', #5088, #2821, #1722 ) ;
#415 = VERTEX_POINT ( 'NONE', #2259 ) ;
#416 = VERTEX_POINT ( 'NONE', #6726 ) ;
#417 = CARTESIAN_POINT ( 'NONE',  ( -1.985018411504575031, 0.5757656401311880279, -0.1599999999999791866 ) ) ;
#418 = CARTESIAN_POINT ( 'NONE',  ( -0.8255000000000134452, 0.2400000000000004075, -1.272499999999991527 ) ) ;
#419 = EDGE_CURVE ( 'NONE', #6115, #6585, #6694, .T. ) ;
#420 = CARTESIAN_POINT ( 'NONE',  ( -1.499999999999994893, 0.5800000000000004041, 0.4900000000000158118 ) ) ;
#421 = ORIENTED_EDGE ( 'NONE', *, *, #4940, .T. ) ;
#422 = VERTEX_POINT ( 'NONE', #5678 ) ;
#423 = LINE ( 'NONE', #3252, #3763 ) ;
#424 = FACE_OUTER_BOUND ( 'NONE', #6110, .T. ) ;
#425 = ORIENTED_EDGE ( 'NONE', *, *, #3585, .T. ) ;
#426 = CARTESIAN_POINT ( 'NONE',  ( -1.721904477684514045, 0.4800000000000010369, 0.4900000000000183098 ) ) ;
#427 = LINE ( 'NONE', #2714, #102 ) ;
#428 = ADVANCED_FACE ( 'NONE', ( #1703 ), #5646, .F. ) ;
#429 = ADVANCED_FACE ( 'NONE', ( #4521 ), #657, .F. ) ;
#430 = ORIENTED_EDGE ( 'NONE', *, *, #3068, .T. ) ;
#431 = DIRECTION ( 'NONE',  ( 0.9396926207859079838, -0.3420201433256698786, -9.842757749167782739E-15 ) ) ;
#432 = DIRECTION ( 'NONE',  ( 1.000000000000000000, 0.000000000000000000, -1.047444401652940007E-14 ) ) ;
#433 = ADVANCED_FACE ( 'NONE', ( #1780 ), #2909, .T. ) ;
#434 = LINE ( 'NONE', #5452, #4670 ) ;
#435 = DIRECTION ( 'NONE',  ( 0.3420201433256684354, -0.9396926207859085389, -3.582470843790075770E-15 ) ) ;
#436 = ORIENTED_EDGE ( 'NONE', *, *, #2567, .T. ) ;
#437 = FACE_OUTER_BOUND ( 'NONE', #5744, .T. ) ;
#438 = VECTOR ( 'NONE', #1237, 1000.000000000000000 ) ;
#439 = DIRECTION ( 'NONE',  ( -1.047444401652940007E-14, 0.000000000000000000, -1.000000000000000000 ) ) ;
#440 = ORIENTED_EDGE ( 'NONE', *, *, #4384, .T. ) ;
#441 = LINE ( 'NONE', #2652, #381 ) ;
#442 = LINE ( 'NONE', #6583, #482 ) ;
#443 = LINE ( 'NONE', #3237, #1630 ) ;
#444 = ORIENTED_EDGE ( 'NONE', *, *, #169, .T. ) ;
#445 = AXIS2_PLACEMENT_3D ( 'NONE', #1881, #227, #719 ) ;
#446 = LINE ( 'NONE', #2184, #708 ) ;
#447 = ORIENTED_EDGE ( 'NONE', *, *, #2993, .T. ) ;
#448 = VECTOR ( 'NONE', #709, 1000.000000000000000 ) ;
#449 = EDGE_LOOP ( 'NONE', ( #5215, #173, #3944, #1519 ) ) ;
#450 = ORIENTED_EDGE ( 'NONE', *, *, #1338, .F. ) ;
#451 = FACE_OUTER_BOUND ( 'NONE', #3810, .T. ) ;
#452 = CARTESIAN_POINT ( 'NONE',  ( -1.721904477684537804, 0.4800000000000010369, -1.789999999999982716 ) ) ;
#453 = LINE ( 'NONE', #1541, #6230 ) ;
#454 = ORIENTED_EDGE ( 'NONE', *, *, #816, .F. ) ;
#455 = FACE_OUTER_BOUND ( 'NONE', #3430, .T. ) ;
#456 = ORIENTED_EDGE ( 'NONE', *, *, #6247, .T. ) ;
#457 = FACE_OUTER_BOUND ( 'NONE', #4715, .T. ) ;
#458 = VERTEX_POINT ( 'NONE', #3939 ) ;
#459 = LINE ( 'NONE', #5375, #6075 ) ;
#460 = FACE_OUTER_BOUND ( 'NONE', #770, .T. ) ;
#461 = FACE_OUTER_BOUND ( 'NONE', #6601, .T. ) ;
#462 = DIRECTION ( 'NONE',  ( -1.047444401652940007E-14, 0.000000000000000000, -1.000000000000000000 ) ) ;
#463 = DIRECTION ( 'NONE',  ( 0.3420201433256698786, -0.9396926207859079838, -3.582470843790090758E-15 ) ) ;
#464 = CARTESIAN_POINT ( 'NONE',  ( -1.500000000000001998, 0.5800000000000004041, -0.1599999999999843769 ) ) ;
#465 = VERTEX_POINT ( 'NONE', #4012 ) ;
#466 = EDGE_CURVE ( 'NONE', #26, #4165, #5106, .T. ) ;
#467 = CARTESIAN_POINT ( 'NONE',  ( 2.249027405409675495, 0.1902858436350523264, 0.4899999999999764544 ) ) ;
#468 = EDGE_CURVE ( 'NONE', #2390, #2161, #2374, .T. ) ;
#469 = VECTOR ( 'NONE', #4633, 1000.000000000000000 ) ;
#470 = FACE_OUTER_BOUND ( 'NONE', #4645, .T. ) ;
#471 = CARTESIAN_POINT ( 'NONE',  ( -1.440048826559122253, 1.100000000000000089, 1.508371081486238377E-14 ) ) ;
#472 = CARTESIAN_POINT ( 'NONE',  ( 1.815873739763129047, 0.5142020143325679582, 1.789999999999981384 ) ) ;
#473 = VECTOR ( 'NONE', #222, 1000.000000000000000 ) ;
#474 = VECTOR ( 'NONE', #4709, 1000.000000000000114 ) ;
#475 = CARTESIAN_POINT ( 'NONE',  ( -1.332873001103366647E-14, 0.2400000000000004075, -1.272500000000000409 ) ) ;
#476 = ORIENTED_EDGE ( 'NONE', *, *, #6994, .F. ) ;
#477 = AXIS2_PLACEMENT_3D ( 'NONE', #3178, #2629, #4866 ) ;
#478 = COLOUR_RGB ( '',0.7921568627450980005, 0.8196078431372548767, 0.9333333333333333481 ) ;
#479 = PLANE ( 'NONE',  #1899 ) ;
#480 = ORIENTED_EDGE ( 'NONE', *, *, #2775, .T. ) ;
#481 = ORIENTED_EDGE ( 'NONE', *, *, #1937, .F. ) ;
#482 = VECTOR ( 'NONE', #4410, 1000.000000000000000 ) ;
#483 = VECTOR ( 'NONE', #2948, 1000.000000000000000 ) ;
#484 = EDGE_LOOP ( 'NONE', ( #3432, #6846, #2807, #1244 ) ) ;
#485 = ORIENTED_EDGE ( 'NONE', *, *, #5277, .T. ) ;
#486 = DIRECTION ( 'NONE',  ( -1.000000000000000000, 0.000000000000000000, 1.051271849867537044E-14 ) ) ;
#487 = DIRECTION ( 'NONE',  ( 1.047444401652940007E-14, -0.000000000000000000, 1.000000000000000000 ) ) ;
#488 = FACE_OUTER_BOUND ( 'NONE', #4725, .T. ) ;
#489 = ORIENTED_EDGE ( 'NONE', *, *, #6424, .T. ) ;
#490 = CARTESIAN_POINT ( 'NONE',  ( 1.721904477684507384, 0.7600000000000000089, -1.140000000000018110 ) ) ;
#491 = ORIENTED_EDGE ( 'NONE', *, *, #2741, .T. ) ;
#492 = EDGE_CURVE ( 'NONE', #2153, #5011, #5142, .T. ) ;
#493 = CARTESIAN_POINT ( 'NONE',  ( 1.721904477684517598, 0.7600000000000000089, -0.1600000000000180167 ) ) ;
#494 = LINE ( 'NONE', #1545, #3141 ) ;
#495 = ORIENTED_EDGE ( 'NONE', *, *, #88, .F. ) ;
#496 = AXIS2_PLACEMENT_3D ( 'NONE', #4390, #2083, #3768 ) ;
#497 = EDGE_LOOP ( 'NONE', ( #4260, #552, #1821, #6629, #5979, #291, #2043, #5190, #4418, #3546, #2308, #3718 ) ) ;
#498 = LINE ( 'NONE', #7140, #3643 ) ;
#499 = CARTESIAN_POINT ( 'NONE',  ( 2.449999999999986411, 0.1797533162558246356, -1.460000000000025944 ) ) ;
#500 = DIRECTION ( 'NONE',  ( 1.047444401652940007E-14, -0.000000000000000000, 1.000000000000000000 ) ) ;
#501 = LINE ( 'NONE', #4877, #3675 ) ;
#502 = CIRCLE ( 'NONE', #1431, 0.1000000000000000472 ) ;
#503 = EDGE_CURVE ( 'NONE', #5226, #2857, #2331, .T. ) ;
#504 = DIRECTION ( 'NONE',  ( -0.000000000000000000, -1.000000000000000000, -0.000000000000000000 ) ) ;
#505 = ORIENTED_EDGE ( 'NONE', *, *, #5447, .F. ) ;
#506 = CARTESIAN_POINT ( 'NONE',  ( 1.815873739763101735, 0.5142020143325679582, -0.8100000000000192601 ) ) ;
#507 = EDGE_CURVE ( 'NONE', #5893, #1637, #2952, .T. ) ;
#508 = LINE ( 'NONE', #4958, #6520 ) ;
#509 = AXIS2_PLACEMENT_3D ( 'NONE', #1073, #3297, #7174 ) ;
#510 = LINE ( 'NONE', #1092, #2000 ) ;
#511 = ADVANCED_FACE ( 'NONE', ( #6250 ), #5185, .F. ) ;
#512 = CARTESIAN_POINT ( 'NONE',  ( -1.217400630678597828, 1.000000000000000666, -1.490642050501195692 ) ) ;
#513 = ADVANCED_FACE ( 'NONE', ( #4081 ), #6839, .F. ) ;
#514 = LINE ( 'NONE', #6033, #6161 ) ;
#515 = CIRCLE ( 'NONE', #3305, 0.1000000000000000472 ) ;
#516 = DIRECTION ( 'NONE',  ( -1.047444401652940007E-14, 0.000000000000000000, -1.000000000000000000 ) ) ;
#517 = ORIENTED_EDGE ( 'NONE', *, *, #2515, .F. ) ;
#518 = VECTOR ( 'NONE', #6307, 1000.000000000000000 ) ;
#519 = FACE_OUTER_BOUND ( 'NONE', #3602, .T. ) ;
#520 = VERTEX_POINT ( 'NONE', #6879 ) ;
#521 = ORIENTED_EDGE ( 'NONE', *, *, #4977, .T. ) ;
#522 = EDGE_LOOP ( 'NONE', ( #3394, #1645, #6100, #5910 ) ) ;
#523 = ADVANCED_FACE ( 'NONE', ( #5252 ), #5891, .F. ) ;
#524 = EDGE_CURVE ( 'NONE', #1495, #3451, #1994, .T. ) ;
#525 = ORIENTED_EDGE ( 'NONE', *, *, #2916, .T. ) ;
#526 = ORIENTED_EDGE ( 'NONE', *, *, #5498, .F. ) ;
#527 = CARTESIAN_POINT ( 'NONE',  ( 1.500000000000021982, 0.7600000000000000089, 2.019499999999983864 ) ) ;
#528 = DIRECTION ( 'NONE',  ( 0.000000000000000000, 1.000000000000000000, 0.000000000000000000 ) ) ;
#529 = LINE ( 'NONE', #2744, #3615 ) ;
#530 = ORIENTED_EDGE ( 'NONE', *, *, #407, .F. ) ;
#531 = CARTESIAN_POINT ( 'NONE',  ( -2.259012843649077951, 0.3808193555679768583, -0.4899999999999766764 ) ) ;
#532 = PRESENTATION_LAYER_ASSIGNMENT (  '', '', ( #5642 ) ) ;
#533 = DIRECTION ( 'NONE',  ( -1.000000000000000000, 0.000000000000000000, 1.052637691431446117E-14 ) ) ;
#534 = ORIENTED_EDGE ( 'NONE', *, *, #3494, .F. ) ;
#535 = CARTESIAN_POINT ( 'NONE',  ( 0.9455000000000188809, 0.2400000000000004075, 1.772499999999990861 ) ) ;
#536 = ORIENTED_EDGE ( 'NONE', *, *, #4923, .T. ) ;
#537 = ORIENTED_EDGE ( 'NONE', *, *, #4474, .T. ) ;
#538 = FACE_OUTER_BOUND ( 'NONE', #3851, .T. ) ;
#539 = DIRECTION ( 'NONE',  ( 0.000000000000000000, 1.000000000000000000, 0.000000000000000000 ) ) ;
#540 = DIRECTION ( 'NONE',  ( -0.000000000000000000, -1.000000000000000000, -0.000000000000000000 ) ) ;
#541 = SURFACE_STYLE_USAGE ( .BOTH. , #2790 ) ;
#542 =( NAMED_UNIT ( * ) SI_UNIT ( $, .STERADIAN. ) SOLID_ANGLE_UNIT ( ) );
#543 = ORIENTED_EDGE ( 'NONE', *, *, #1831, .F. ) ;
#544 = PLANE ( 'NONE',  #6085 ) ;
#545 = CARTESIAN_POINT ( 'NONE',  ( -1.815873739763101735, 0.5142020143325679582, 0.8100000000000192601 ) ) ;
#546 = EDGE_CURVE ( 'NONE', #4139, #4543, #2481, .T. ) ;
#547 = ORIENTED_EDGE ( 'NONE', *, *, #7084, .F. ) ;
#548 = LINE ( 'NONE', #2867, #134 ) ;
#549 = LINE ( 'NONE', #4042, #665 ) ;
#550 = DIRECTION ( 'NONE',  ( -1.000000000000000000, -3.664421907340615925E-16, 1.047444401652940007E-14 ) ) ;
#551 = CARTESIAN_POINT ( 'NONE',  ( 0.8254999999999871330, 0.3399999999999998024, -1.272500000000008846 ) ) ;
#552 = ORIENTED_EDGE ( 'NONE', *, *, #2480, .T. ) ;
#553 = CARTESIAN_POINT ( 'NONE',  ( -0.8672566730298808535, 1.100000000000000089, -1.490642050501199023 ) ) ;
#554 = ORIENTED_EDGE ( 'NONE', *, *, #6147, .T. ) ;
#555 = ORIENTED_EDGE ( 'NONE', *, *, #4341, .F. ) ;
#556 = EDGE_CURVE ( 'NONE', #5684, #918, #899, .T. ) ;
#557 = VERTEX_POINT ( 'NONE', #4711 ) ;
#558 = ORIENTED_EDGE ( 'NONE', *, *, #816, .T. ) ;
#559 = AXIS2_PLACEMENT_3D ( 'NONE', #5747, #2508, #3566 ) ;
#560 = EDGE_CURVE ( 'NONE', #3567, #2517, #751, .T. ) ;
#561 = EDGE_CURVE ( 'NONE', #5226, #7051, #6357, .T. ) ;
#562 = DIRECTION ( 'NONE',  ( -1.000000000000000000, 0.000000000000000000, 1.047444401652940007E-14 ) ) ;
#563 = DIRECTION ( 'NONE',  ( -1.000000000000000000, 0.000000000000000000, 1.084202172485503961E-14 ) ) ;
#564 = ORIENTED_EDGE ( 'NONE', *, *, #5291, .T. ) ;
#565 = EDGE_CURVE ( 'NONE', #6977, #339, #1484, .T. ) ;
#566 = AXIS2_PLACEMENT_3D ( 'NONE', #2360, #4580, #5169 ) ;
#567 = CARTESIAN_POINT ( 'NONE',  ( -1.440048826559101380, 1.100000000000000089, 1.959548826559136758 ) ) ;
#568 = FACE_OUTER_BOUND ( 'NONE', #3243, .T. ) ;
#569 = ORIENTED_EDGE ( 'NONE', *, *, #4072, .T. ) ;
#570 = FACE_OUTER_BOUND ( 'NONE', #2611, .T. ) ;
#571 = ORIENTED_EDGE ( 'NONE', *, *, #4787, .F. ) ;
#572 = DIRECTION ( 'NONE',  ( -1.000000000000000000, -0.000000000000000000, 1.047444401652940007E-14 ) ) ;
#573 = CARTESIAN_POINT ( 'NONE',  ( 0.9455000000000136628, 0.3399999999999998024, 1.272499999999990417 ) ) ;
#574 = LINE ( 'NONE', #5057, #3657 ) ;
#575 = DIRECTION ( 'NONE',  ( 1.047444401652940007E-14, -0.000000000000000000, 1.000000000000000000 ) ) ;
#576 = DIRECTION ( 'NONE',  ( -0.9396926207859079838, -0.3420201433256698786, 9.842757749167782739E-15 ) ) ;
#577 = EDGE_LOOP ( 'NONE', ( #5077, #526, #1315, #3101 ) ) ;
#578 = CARTESIAN_POINT ( 'NONE',  ( -1.721904477684514045, 0.4800000000000010369, 0.4900000000000183098 ) ) ;
#579 = DIRECTION ( 'NONE',  ( -0.3420201433256698231, -0.9396926207859079838, 3.582470843790089969E-15 ) ) ;
#580 = EDGE_LOOP ( 'NONE', ( #1251, #3822 ) ) ;
#581 = DIRECTION ( 'NONE',  ( -6.866219186497642887E-15, 0.000000000000000000, -1.000000000000000000 ) ) ;
#582 = CYLINDRICAL_SURFACE ( 'NONE', #6936, 0.1000000000000000472 ) ;
#583 = CARTESIAN_POINT ( 'NONE',  ( 2.259012843649067737, 0.3808193555679768583, -0.4900000000000238609 ) ) ;
#584 = AXIS2_PLACEMENT_3D ( 'NONE', #2253, #6171, #1 ) ;
#585 = CARTESIAN_POINT ( 'NONE',  ( -2.239606933285936741, 0.01053252737922920866, 0.4900000000000238609 ) ) ;
#586 = ORIENTED_EDGE ( 'NONE', *, *, #3748, .F. ) ;
#587 = PRESENTATION_LAYER_ASSIGNMENT (  '', '', ( #1747 ) ) ;
#588 = CARTESIAN_POINT ( 'NONE',  ( -1.500000000000008660, 0.7600000000000000089, -0.8099999999999843991 ) ) ;
#589 = ORIENTED_EDGE ( 'NONE', *, *, #2121, .T. ) ;
#590 = ORIENTED_EDGE ( 'NONE', *, *, #1969, .T. ) ;
#591 = VECTOR ( 'NONE', #4429, 1000.000000000000000 ) ;
#592 = VERTEX_POINT ( 'NONE', #833 ) ;
#593 = AXIS2_PLACEMENT_3D ( 'NONE', #5115, #6777, #5079 ) ;
#594 = EDGE_CURVE ( 'NONE', #2233, #4281, #6911, .T. ) ;
#595 = FACE_OUTER_BOUND ( 'NONE', #857, .T. ) ;
#596 = LINE ( 'NONE', #4248, #939 ) ;
#597 = ORIENTED_EDGE ( 'NONE', *, *, #556, .T. ) ;
#598 = CIRCLE ( 'NONE', #1984, 0.1000000000000000472 ) ;
#599 = EDGE_CURVE ( 'NONE', #3762, #422, #4273, .T. ) ;
#600 = VECTOR ( 'NONE', #2650, 1000.000000000000000 ) ;
#601 = ADVANCED_FACE ( 'NONE', ( #6976 ), #3679, .F. ) ;
#602 = CARTESIAN_POINT ( 'NONE',  ( 2.259012843649067737, 0.3808193555679768583, -0.4900000000000238609 ) ) ;
#603 = ORIENTED_EDGE ( 'NONE', *, *, #2733, .T. ) ;
#604 = DIRECTION ( 'NONE',  ( 0.9986295347545742773, -0.05233595624293741616, -1.046008915503959065E-14 ) ) ;
#605 = LINE ( 'NONE', #2274, #2712 ) ;
#606 = CARTESIAN_POINT ( 'NONE',  ( -2.079724199617723812, 0.3155636257986206283, 1.140000000000021885 ) ) ;
#607 = ORIENTED_EDGE ( 'NONE', *, *, #264, .F. ) ;
#608 = CARTESIAN_POINT ( 'NONE',  ( 2.259012843649057523, 0.3808193555679768583, -1.460000000000023945 ) ) ;
#609 = CARTESIAN_POINT ( 'NONE',  ( -2.249027405409658620, 0.1902858436350523264, 1.140000000000024105 ) ) ;
#610 = CARTESIAN_POINT ( 'NONE',  ( -1.499999999999991784, 0.7600000000000000089, 0.8100000000000159295 ) ) ;
#611 = EDGE_CURVE ( 'NONE', #1565, #3436, #4590, .T. ) ;
#612 = VECTOR ( 'NONE', #1907, 1000.000000000000114 ) ;
#613 = LINE ( 'NONE', #1193, #1971 ) ;
#614 = VERTEX_POINT ( 'NONE', #4774 ) ;
#615 = CARTESIAN_POINT ( 'NONE',  ( -2.079724199617730473, 0.3155636257986206283, 0.4900000000000219735 ) ) ;
#616 = DIRECTION ( 'NONE',  ( -1.047444401652940007E-14, 0.000000000000000000, -1.000000000000000000 ) ) ;
#617 = CARTESIAN_POINT ( 'NONE',  ( 2.450000000000019718, 0.1797533162558246356, 1.789999999999975167 ) ) ;
#618 = AXIS2_PLACEMENT_3D ( 'NONE', #5524, #5413, #4910 ) ;
#619 = LINE ( 'NONE', #1669, #438 ) ;
#620 = CARTESIAN_POINT ( 'NONE',  ( 2.440579527876284960, -2.168404344971008868E-16, 1.139999999999974811 ) ) ;
#621 = DIRECTION ( 'NONE',  ( -1.000000000000000000, 0.000000000000000000, 1.084202172485503961E-14 ) ) ;
#622 = ORIENTED_EDGE ( 'NONE', *, *, #3107, .T. ) ;
#623 = VECTOR ( 'NONE', #5165, 1000.000000000000114 ) ;
#624 = DIRECTION ( 'NONE',  ( -1.047444401652940007E-14, 0.000000000000000000, -1.000000000000000000 ) ) ;
#625 = EDGE_LOOP ( 'NONE', ( #2850, #4025, #5191, #1855 ) ) ;
#626 = EDGE_CURVE ( 'NONE', #141, #3644, #5345, .T. ) ;
#627 = VECTOR ( 'NONE', #3121, 1000.000000000000000 ) ;
#628 = ORIENTED_EDGE ( 'NONE', *, *, #1352, .T. ) ;
#629 = ORIENTED_EDGE ( 'NONE', *, *, #3346, .F. ) ;
#630 = DIRECTION ( 'NONE',  ( 1.047444401652940007E-14, 0.000000000000000000, 1.000000000000000000 ) ) ;
#631 = LINE ( 'NONE', #1248, #2920 ) ;
#632 = ADVANCED_FACE ( 'NONE', ( #4813, #5856 ), #5919, .T. ) ;
#633 = CARTESIAN_POINT ( 'NONE',  ( -2.259012843649060631, 0.3808193555679768583, 1.140000000000024105 ) ) ;
#634 = CARTESIAN_POINT ( 'NONE',  ( 1.499999999999998446, 0.5800000000000004041, -0.1600000000000157130 ) ) ;
#635 = DIRECTION ( 'NONE',  ( 1.000000000000000000, 3.664421907340616418E-16, -1.047444401652940007E-14 ) ) ;
#636 = FACE_OUTER_BOUND ( 'NONE', #6954, .T. ) ;
#637 = EDGE_CURVE ( 'NONE', #3844, #1674, #2579, .T. ) ;
#638 = DIRECTION ( 'NONE',  ( 6.866219186497642887E-15, 0.000000000000000000, 1.000000000000000000 ) ) ;
#639 = CARTESIAN_POINT ( 'NONE',  ( 0.9455000000000136628, 0.2400000000000004075, 1.272499999999990417 ) ) ;
#640 = CIRCLE ( 'NONE', #4019, 0.1000000000000000472 ) ;
#641 = VERTEX_POINT ( 'NONE', #5815 ) ;
#642 = DIRECTION ( 'NONE',  ( -1.047444401652940007E-14, 0.000000000000000000, -1.000000000000000000 ) ) ;
#643 = CARTESIAN_POINT ( 'NONE',  ( -1.985018411504561264, 0.5757656401311880279, 1.140000000000020774 ) ) ;
#644 = CARTESIAN_POINT ( 'NONE',  ( 2.239606933285950507, 0.01053252737922920866, 0.8099999999999768496 ) ) ;
#645 = PRESENTATION_LAYER_ASSIGNMENT (  '', '', ( #2848 ) ) ;
#646 = EDGE_LOOP ( 'NONE', ( #4278, #6244, #4918, #6273 ) ) ;
#647 = CARTESIAN_POINT ( 'NONE',  ( -2.440579527876287180, -2.168404344971008868E-16, -1.459999999999974873 ) ) ;
#648 = EDGE_CURVE ( 'NONE', #4015, #2004, #7013, .T. ) ;
#649 = EDGE_CURVE ( 'NONE', #2820, #2233, #4197, .T. ) ;
#650 = DIRECTION ( 'NONE',  ( 1.047444401652940007E-14, 0.000000000000000000, 1.000000000000000000 ) ) ;
#651 = VERTEX_POINT ( 'NONE', #5318 ) ;
#652 = DIRECTION ( 'NONE',  ( -1.000000000000000000, -0.000000000000000000, 1.047444401652940007E-14 ) ) ;
#653 = DIRECTION ( 'NONE',  ( -1.058546631899191572E-14, 0.000000000000000000, -1.000000000000000000 ) ) ;
#654 = EDGE_CURVE ( 'NONE', #6841, #2264, #2035, .T. ) ;
#655 = FILL_AREA_STYLE_COLOUR ( '', #4214 ) ;
#656 = DIRECTION ( 'NONE',  ( -1.000000000000000000, 0.000000000000000000, 1.022859097168414451E-14 ) ) ;
#657 = PLANE ( 'NONE',  #6669 ) ;
#658 = DIRECTION ( 'NONE',  ( 1.000000000000000000, 1.221473969113538888E-16, -1.047444401652940007E-14 ) ) ;
#659 = VERTEX_POINT ( 'NONE', #7147 ) ;
#660 = ORIENTED_EDGE ( 'NONE', *, *, #2221, .F. ) ;
#661 = ORIENTED_EDGE ( 'NONE', *, *, #5847, .T. ) ;
#662 = VECTOR ( 'NONE', #4220, 1000.000000000000000 ) ;
#663 = ORIENTED_EDGE ( 'NONE', *, *, #5671, .T. ) ;
#664 = CARTESIAN_POINT ( 'NONE',  ( 2.249027405409662173, 0.1902858436350523264, -0.8100000000000235900 ) ) ;
#665 = VECTOR ( 'NONE', #6689, 1000.000000000000000 ) ;
#666 = PLANE ( 'NONE',  #5602 ) ;
#667 = ORIENTED_EDGE ( 'NONE', *, *, #1601, .F. ) ;
#668 = VERTEX_POINT ( 'NONE', #401 ) ;
#669 = CARTESIAN_POINT ( 'NONE',  ( -2.249027405409675495, 0.1902858436350523264, -0.4899999999999764544 ) ) ;
#670 = DIRECTION ( 'NONE',  ( -1.047444401652940007E-14, 0.000000000000000000, -1.000000000000000000 ) ) ;
#671 = CARTESIAN_POINT ( 'NONE',  ( 0.9454999999999869065, 0.3399999999999998024, -1.272500000000010623 ) ) ;
#672 = PLANE ( 'NONE',  #2947 ) ;
#673 = CIRCLE ( 'NONE', #559, 0.1000000000000000472 ) ;
#674 = DIRECTION ( 'NONE',  ( 1.000000000000000000, 0.000000000000000000, -1.047444401652940007E-14 ) ) ;
#675 = CARTESIAN_POINT ( 'NONE',  ( 1.985018411504558600, 0.5757656401311880279, -1.460000000000021281 ) ) ;
#676 = DIRECTION ( 'NONE',  ( -1.000000000000000000, 0.000000000000000000, 1.022859097168414451E-14 ) ) ;
#677 = CARTESIAN_POINT ( 'NONE',  ( -1.500000000000018874, 0.7600000000000000089, -1.789999999999985159 ) ) ;
#678 = DIRECTION ( 'NONE',  ( -1.000000000000000000, 3.664421907340615925E-16, 1.047444401652940007E-14 ) ) ;
#679 = EDGE_CURVE ( 'NONE', #3205, #6179, #3160, .T. ) ;
#680 = CYLINDRICAL_SURFACE ( 'NONE', #941, 0.1000000000000000472 ) ;
#681 = ORIENTED_EDGE ( 'NONE', *, *, #594, .F. ) ;
#682 = CARTESIAN_POINT ( 'NONE',  ( -0.8255000000000134452, 0.2400000000000004075, -1.272499999999991527 ) ) ;
#683 = PLANE ( 'NONE',  #4794 ) ;
#684 = UNCERTAINTY_MEASURE_WITH_UNIT (LENGTH_MEASURE( 1.000000000000000082E-05 ), #6339, 'distance_accuracy_value', 'NONE');
#685 = EDGE_CURVE ( 'NONE', #5681, #161, #515, .T. ) ;
#686 = EDGE_CURVE ( 'NONE', #6456, #2820, #974, .T. ) ;
#687 = LINE ( 'NONE', #6213, #5130 ) ;
#688 = DIRECTION ( 'NONE',  ( 1.000000000000000000, -3.664421907340616418E-16, -1.047444401652940007E-14 ) ) ;
#689 = DIRECTION ( 'NONE',  ( 0.3420201433256684354, 0.9396926207859085389, -3.582470843790075770E-15 ) ) ;
#690 = VERTEX_POINT ( 'NONE', #7110 ) ;
#691 = EDGE_CURVE ( 'NONE', #1565, #690, #3747, .T. ) ;
#692 = ORIENTED_EDGE ( 'NONE', *, *, #4848, .F. ) ;
#693 = VERTEX_POINT ( 'NONE', #2617 ) ;
#694 = ORIENTED_EDGE ( 'NONE', *, *, #211, .F. ) ;
#695 = VERTEX_POINT ( 'NONE', #4373 ) ;
#696 = PRESENTATION_LAYER_ASSIGNMENT (  '', '', ( #3838 ) ) ;
#697 = CARTESIAN_POINT ( 'NONE',  ( -1.721904477684537804, 0.4800000000000010369, -1.789999999999982716 ) ) ;
#698 = ORIENTED_EDGE ( 'NONE', *, *, #5359, .F. ) ;
#699 = ORIENTED_EDGE ( 'NONE', *, *, #6621, .F. ) ;
#700 = AXIS2_PLACEMENT_3D ( 'NONE', #320, #6962, #6931 ) ;
#701 = DIRECTION ( 'NONE',  ( -0.05233595624293795046, 0.9986295347545742773, 5.516594906701396738E-16 ) ) ;
#702 = CIRCLE ( 'NONE', #4781, 0.1907949898354945883 ) ;
#703 = EDGE_LOOP ( 'NONE', ( #949, #4358, #1108, #2647 ) ) ;
#704 = DIRECTION ( 'NONE',  ( 0.9986295347545742773, 0.05233595624293795739, -1.046008915503958907E-14 ) ) ;
#705 = DIRECTION ( 'NONE',  ( -1.000000000000000000, -0.000000000000000000, 1.047444401652940007E-14 ) ) ;
#706 = CARTESIAN_POINT ( 'NONE',  ( 0.9455000000000002292, 0.2400000000000004075, -9.903586817628550255E-15 ) ) ;
#707 = CARTESIAN_POINT ( 'NONE',  ( -2.259012843649057523, 0.3808193555679768583, 1.460000000000023945 ) ) ;
#708 = VECTOR ( 'NONE', #3279, 1000.000000000000000 ) ;
#709 = DIRECTION ( 'NONE',  ( -1.000000000000000000, -0.000000000000000000, 1.047444401652940007E-14 ) ) ;
#710 = VECTOR ( 'NONE', #858, 1000.000000000000000 ) ;
#711 = CIRCLE ( 'NONE', #593, 0.1000000000000000472 ) ;
#712 = CARTESIAN_POINT ( 'NONE',  ( -2.249027405409686153, 0.1902858436350523264, -1.459999999999976650 ) ) ;
#713 = EDGE_CURVE ( 'NONE', #7088, #6544, #3196, .T. ) ;
#714 = CARTESIAN_POINT ( 'NONE',  ( -0.9455000000000002292, 0.2400000000000004075, 9.903586817628550255E-15 ) ) ;
#715 = CARTESIAN_POINT ( 'NONE',  ( -0.7054999999999862492, 0.3399999999999998024, 1.422500000000008091 ) ) ;
#716 = CARTESIAN_POINT ( 'NONE',  ( 1.985018411504558600, 0.5757656401311880279, -1.460000000000021281 ) ) ;
#717 = AXIS2_PLACEMENT_3D ( 'NONE', #6546, #1200, #1270 ) ;
#718 = PLANE ( 'NONE',  #278 ) ;
#719 = DIRECTION ( 'NONE',  ( 1.047444401652940007E-14, 0.000000000000000000, 1.000000000000000000 ) ) ;
#720 = VERTEX_POINT ( 'NONE', #3310 ) ;
#721 = CARTESIAN_POINT ( 'NONE',  ( -2.249027405409689706, 0.1902858436350523264, -1.789999999999977165 ) ) ;
#722 = CARTESIAN_POINT ( 'NONE',  ( 1.499999999999979128, 0.7600000000000000089, -2.019500000000017170 ) ) ;
#723 = EDGE_CURVE ( 'NONE', #2071, #659, #4881, .T. ) ;
#724 =( LENGTH_UNIT ( ) NAMED_UNIT ( * ) SI_UNIT ( .MILLI., .METRE. ) );
#725 = CARTESIAN_POINT ( 'NONE',  ( -1.500000000000021316, 0.7600000000000000089, -2.019499999999985640 ) ) ;
#726 = CARTESIAN_POINT ( 'NONE',  ( 1.500000000000008660, 0.4800000000000010369, 0.8099999999999843991 ) ) ;
#727 = VECTOR ( 'NONE', #345, 1000.000000000000114 ) ;
#728 = VECTOR ( 'NONE', #1523, 1000.000000000000000 ) ;
#729 = VECTOR ( 'NONE', #293, 1000.000000000000000 ) ;
#730 = ADVANCED_FACE ( 'NONE', ( #1624 ), #2648, .F. ) ;
#731 = EDGE_CURVE ( 'NONE', #6937, #1602, #181, .T. ) ;
#732 = CARTESIAN_POINT ( 'NONE',  ( 0.7054999999999859162, 0.3399999999999998024, -1.422500000000007869 ) ) ;
#733 = ORIENTED_EDGE ( 'NONE', *, *, #2733, .F. ) ;
#734 = ORIENTED_EDGE ( 'NONE', *, *, #995, .T. ) ;
#735 = VECTOR ( 'NONE', #2894, 1000.000000000000000 ) ;
#736 = VERTEX_POINT ( 'NONE', #3785 ) ;
#737 = ORIENTED_EDGE ( 'NONE', *, *, #6630, .T. ) ;
#738 = EDGE_LOOP ( 'NONE', ( #2036, #5830, #692, #2017 ) ) ;
#739 = AXIS2_PLACEMENT_3D ( 'NONE', #6840, #3539, #767 ) ;
#740 = PRESENTATION_STYLE_ASSIGNMENT (( #5791 ) ) ;
#741 = EDGE_CURVE ( 'NONE', #5371, #7125, #6499, .T. ) ;
#742 = CARTESIAN_POINT ( 'NONE',  ( 2.259012843649077951, 0.3808193555679768583, 0.4899999999999766764 ) ) ;
#743 = VECTOR ( 'NONE', #4413, 1000.000000000000114 ) ;
#744 = EDGE_LOOP ( 'NONE', ( #3759, #1659, #1508, #131 ) ) ;
#745 = EDGE_CURVE ( 'NONE', #6366, #4201, #6064, .T. ) ;
#746 = CIRCLE ( 'NONE', #4822, 0.1000000000000000472 ) ;
#747 = EDGE_LOOP ( 'NONE', ( #4480, #987, #4070, #6396 ) ) ;
#748 = ORIENTED_EDGE ( 'NONE', *, *, #4396, .T. ) ;
#749 = CARTESIAN_POINT ( 'NONE',  ( -1.500000000000001998, 0.5800000000000004041, -0.1599999999999843769 ) ) ;
#750 = CARTESIAN_POINT ( 'NONE',  ( -0.9454999999999869065, 0.3399999999999998024, 1.272500000000010623 ) ) ;
#751 = CIRCLE ( 'NONE', #2496, 0.1750719788243585429 ) ;
#752 = CARTESIAN_POINT ( 'NONE',  ( 1.985018411504564595, 0.5757656401311880279, -0.8100000000000211475 ) ) ;
#753 = VECTOR ( 'NONE', #2203, 1000.000000000000000 ) ;
#754 = DIRECTION ( 'NONE',  ( -1.047444401652940007E-14, -0.000000000000000000, -1.000000000000000000 ) ) ;
#755 = CARTESIAN_POINT ( 'NONE',  ( 0.7054999999999862492, 0.3399999999999998024, -1.422500000000008091 ) ) ;
#756 = FACE_OUTER_BOUND ( 'NONE', #3746, .T. ) ;
#757 = LINE ( 'NONE', #4151, #145 ) ;
#758 = VERTEX_POINT ( 'NONE', #4852 ) ;
#759 = DIRECTION ( 'NONE',  ( 0.9396926207859085389, 0.3420201433256684354, -9.842757749167790628E-15 ) ) ;
#760 = DIRECTION ( 'NONE',  ( 0.3420201433256684354, -0.9396926207859085389, -3.582470843790075770E-15 ) ) ;
#761 = DIRECTION ( 'NONE',  ( 1.047444401652940007E-14, 0.000000000000000000, 1.000000000000000000 ) ) ;
#762 = LINE ( 'NONE', #1301, #1061 ) ;
#763 = UNCERTAINTY_MEASURE_WITH_UNIT (LENGTH_MEASURE( 1.000000000000000082E-05 ), #4439, 'distance_accuracy_value', 'NONE');
#764 = CARTESIAN_POINT ( 'NONE',  ( -1.985018411504581914, 0.5757656401311880279, -0.8099999999999794031 ) ) ;
#765 = FACE_OUTER_BOUND ( 'NONE', #4721, .T. ) ;
#766 = ADVANCED_FACE ( 'NONE', ( #5992 ), #544, .F. ) ;
#767 = DIRECTION ( 'NONE',  ( -1.000000000000000000, 0.000000000000000000, 1.057097118173366350E-14 ) ) ;
#768 = ORIENTED_EDGE ( 'NONE', *, *, #3010, .F. ) ;
#769 = LINE ( 'NONE', #4776, #5069 ) ;
#770 = EDGE_LOOP ( 'NONE', ( #5652, #3809, #5666, #4869 ) ) ;
#771 = EDGE_LOOP ( 'NONE', ( #5790, #1162, #2592, #239 ) ) ;
#772 = EDGE_LOOP ( 'NONE', ( #607, #6646, #7126, #5434, #5968, #5081, #4282, #6142, #6182, #5483, #6665, #2862 ) ) ;
#773 = ORIENTED_EDGE ( 'NONE', *, *, #468, .T. ) ;
#774 = PLANE ( 'NONE',  #6634 ) ;
#776 = ADVANCED_FACE ( 'NONE', ( #4919 ), #5957, .F. ) ;
#775 = DIRECTION ( 'NONE',  ( -1.000000000000000000, 8.771980761928717646E-16, 1.045327707463172173E-14 ) ) ;
#777 = ORIENTED_EDGE ( 'NONE', *, *, #5412, .F. ) ;
#778 = AXIS2_PLACEMENT_3D ( 'NONE', #1977, #5369, #3213 ) ;
#779 = ADVANCED_FACE ( 'NONE', ( #7183 ), #6580, .F. ) ;
#780 = ADVANCED_FACE ( 'NONE', ( #437 ), #5455, .F. ) ;
#781 = CARTESIAN_POINT ( 'NONE',  ( -2.239606933285943846, 0.01053252737922920866, -0.1599999999999764388 ) ) ;
#782 = DIRECTION ( 'NONE',  ( -1.047444401652940007E-14, 0.000000000000000000, -1.000000000000000000 ) ) ;
#783 = EDGE_CURVE ( 'NONE', #1100, #1860, #6028, .T. ) ;
#784 = FACE_OUTER_BOUND ( 'NONE', #4891, .T. ) ;
#785 = LINE ( 'NONE', #2532, #518 ) ;
#786 = DIRECTION ( 'NONE',  ( -0.05233595624293795046, 0.9986295347545742773, 5.516594906701396738E-16 ) ) ;
#787 = FILL_AREA_STYLE_COLOUR ( '', #478 ) ;
#788 = LINE ( 'NONE', #3563, #1284 ) ;
#789 = ORIENTED_EDGE ( 'NONE', *, *, #257, .T. ) ;
#790 = LINE ( 'NONE', #4700, #3167 ) ;
#791 = AXIS2_PLACEMENT_3D ( 'NONE', #1986, #6531, #3114 ) ;
#792 = DIRECTION ( 'NONE',  ( 1.047444401652940007E-14, 0.000000000000000000, 1.000000000000000000 ) ) ;
#793 = ORIENTED_EDGE ( 'NONE', *, *, #3891, .T. ) ;
#794 = DIRECTION ( 'NONE',  ( 1.000000000000000000, 0.000000000000000000, -1.047444401652940007E-14 ) ) ;
#795 = FACE_OUTER_BOUND ( 'NONE', #2252, .T. ) ;
#796 = VECTOR ( 'NONE', #5697, 1000.000000000000000 ) ;
#797 =( LENGTH_UNIT ( ) NAMED_UNIT ( * ) SI_UNIT ( .MILLI., .METRE. ) );
#798 = FACE_OUTER_BOUND ( 'NONE', #4563, .T. ) ;
#799 = CARTESIAN_POINT ( 'NONE',  ( -0.7055000000000007931, 0.2400000000000004075, 7.389720253661501497E-15 ) ) ;
#800 = DIRECTION ( 'NONE',  ( 0.9986295347545742773, 0.05233595624293647247, -1.046008915503959065E-14 ) ) ;
#801 = VERTEX_POINT ( 'NONE', #2246 ) ;
#802 = CARTESIAN_POINT ( 'NONE',  ( 2.450000000000009948, 0.1797533162558246356, 0.8099999999999745182 ) ) ;
#803 = ORIENTED_EDGE ( 'NONE', *, *, #1535, .F. ) ;
#804 = EDGE_CURVE ( 'NONE', #6568, #2161, #4587, .T. ) ;
#805 = ORIENTED_EDGE ( 'NONE', *, *, #2958, .F. ) ;
#806 = CARTESIAN_POINT ( 'NONE',  ( -2.440579527876270305, -2.168404344971008868E-16, 0.1600000000000255385 ) ) ;
#807 = LINE ( 'NONE', #6441, #6632 ) ;
#808 = ORIENTED_EDGE ( 'NONE', *, *, #6996, .T. ) ;
#809 = ORIENTED_EDGE ( 'NONE', *, *, #3530, .T. ) ;
#810 = EDGE_CURVE ( 'NONE', #3686, #6812, #38, .T. ) ;
#811 = CARTESIAN_POINT ( 'NONE',  ( -0.7055000000000156701, 0.2400000000000004075, -1.422499999999993214 ) ) ;
#812 = AXIS2_PLACEMENT_3D ( 'NONE', #6653, #5674, #4553 ) ;
#813 = DIRECTION ( 'NONE',  ( -0.9396926207859079838, -0.3420201433256698786, 9.842757749167782739E-15 ) ) ;
#814 = DIRECTION ( 'NONE',  ( -1.000000000000000000, 0.000000000000000000, 1.084202172485503961E-14 ) ) ;
#815 = EDGE_CURVE ( 'NONE', #6717, #277, #6718, .T. ) ;
#816 = EDGE_CURVE ( 'NONE', #3696, #373, #3380, .T. ) ;
#817 = CARTESIAN_POINT ( 'NONE',  ( -1.499999999999988010, 0.7600000000000000089, 1.140000000000015890 ) ) ;
#818 = VECTOR ( 'NONE', #4637, 1000.000000000000000 ) ;
#819 = DIRECTION ( 'NONE',  ( 1.047444401652940007E-14, 0.000000000000000000, 1.000000000000000000 ) ) ;
#820 = LINE ( 'NONE', #5841, #710 ) ;
#821 = CARTESIAN_POINT ( 'NONE',  ( -2.259012843649060631, 0.3808193555679768583, 1.140000000000024105 ) ) ;
#822 = ORIENTED_EDGE ( 'NONE', *, *, #1895, .F. ) ;
#823 = DIRECTION ( 'NONE',  ( -0.9986295347545741663, -0.05233595624293794352, 1.046008915503958592E-14 ) ) ;
#824 = AXIS2_PLACEMENT_3D ( 'NONE', #4379, #7153, #3824 ) ;
#825 = AXIS2_PLACEMENT_3D ( 'NONE', #6257, #2924, #92 ) ;
#826 = CARTESIAN_POINT ( 'NONE',  ( 2.079724199617744240, 0.3155636257986206283, 0.8099999999999781819 ) ) ;
#827 = ADVANCED_FACE ( 'NONE', ( #2792 ), #5060, .F. ) ;
#828 = ORIENTED_EDGE ( 'NONE', *, *, #3222, .F. ) ;
#829 = DIRECTION ( 'NONE',  ( -1.047444401652940007E-14, 0.000000000000000000, -1.000000000000000000 ) ) ;
#830 = CARTESIAN_POINT ( 'NONE',  ( 1.500000000000015321, 0.7600000000000000089, 1.459999999999985087 ) ) ;
#831 = CARTESIAN_POINT ( 'NONE',  ( -1.815873739763091743, 0.5142020143325679582, 1.790000000000019797 ) ) ;
#832 = DIRECTION ( 'NONE',  ( -0.000000000000000000, -1.000000000000000000, -0.000000000000000000 ) ) ;
#833 = CARTESIAN_POINT ( 'NONE',  ( 1.985018411504585467, 0.5757656401311880279, 1.139999999999979252 ) ) ;
#834 = EDGE_CURVE ( 'NONE', #1592, #389, #2002, .T. ) ;
#835 = EDGE_LOOP ( 'NONE', ( #4724, #1953, #6040, #6444 ) ) ;
#836 = DIRECTION ( 'NONE',  ( 1.804990327736802742E-15, -0.9848077530122080203, 0.1736481776669307753 ) ) ;
#837 = ORIENTED_EDGE ( 'NONE', *, *, #5722, .T. ) ;
#838 = CARTESIAN_POINT ( 'NONE',  ( 1.500000000000011990, 0.7600000000000000089, 1.139999999999984581 ) ) ;
#839 = VECTOR ( 'NONE', #4355, 1000.000000000000000 ) ;
#840 = ORIENTED_EDGE ( 'NONE', *, *, #3225, .T. ) ;
#841 = ADVANCED_FACE ( 'NONE', ( #6797 ), #5564, .F. ) ;
#842 = CYLINDRICAL_SURFACE ( 'NONE', #5605, 0.2800000000000003042 ) ;
#843 = LINE ( 'NONE', #1427, #3506 ) ;
#844 = ORIENTED_EDGE ( 'NONE', *, *, #5669, .F. ) ;
#845 = ORIENTED_EDGE ( 'NONE', *, *, #3117, .T. ) ;
#846 = VECTOR ( 'NONE', #2752, 1000.000000000000000 ) ;
#847 = ORIENTED_EDGE ( 'NONE', *, *, #3846, .T. ) ;
#848 = ORIENTED_EDGE ( 'NONE', *, *, #1937, .T. ) ;
#849 = PLANE ( 'NONE',  #52 ) ;
#850 = FACE_OUTER_BOUND ( 'NONE', #3723, .T. ) ;
#851 = VECTOR ( 'NONE', #3923, 1000.000000000000000 ) ;
#852 = ADVANCED_FACE ( 'NONE', ( #1195 ), #75, .F. ) ;
#853 = CARTESIAN_POINT ( 'NONE',  ( 1.721904477684531365, 0.4800000000000010369, 1.139999999999982361 ) ) ;
#854 = LINE ( 'NONE', #2400, #5290 ) ;
#855 = CIRCLE ( 'NONE', #1784, 0.3707949898354948592 ) ;
#856 = CARTESIAN_POINT ( 'NONE',  ( 1.500000000000008660, 0.5800000000000004041, 0.8099999999999843991 ) ) ;
#857 = EDGE_LOOP ( 'NONE', ( #1683, #4212, #6111, #1487 ) ) ;
#858 = DIRECTION ( 'NONE',  ( 0.000000000000000000, 1.000000000000000000, 0.000000000000000000 ) ) ;
#859 = VECTOR ( 'NONE', #5287, 1000.000000000000114 ) ;
#860 = PLANE ( 'NONE',  #6864 ) ;
#861 = ORIENTED_EDGE ( 'NONE', *, *, #3326, .F. ) ;
#862 = VECTOR ( 'NONE', #500, 1000.000000000000000 ) ;
#863 = DIRECTION ( 'NONE',  ( -1.047444401652940007E-14, 0.000000000000000000, -1.000000000000000000 ) ) ;
#864 = EDGE_CURVE ( 'NONE', #4495, #2893, #3754, .T. ) ;
#865 = CARTESIAN_POINT ( 'NONE',  ( 0.7055000000000190008, 0.3399999999999998024, 1.772499999999993525 ) ) ;
#866 = CARTESIAN_POINT ( 'NONE',  ( -0.7054999999999859162, 0.3399999999999998024, 1.422500000000007869 ) ) ;
#867 = CARTESIAN_POINT ( 'NONE',  ( 1.985018411504571478, 0.5757656401311880279, -0.1600000000000208755 ) ) ;
#868 = CARTESIAN_POINT ( 'NONE',  ( 1.499999999999998446, 0.7600000000000000089, -0.1600000000000157130 ) ) ;
#869 = CARTESIAN_POINT ( 'NONE',  ( -2.450000000000019718, 0.1797533162558246356, -1.789999999999975167 ) ) ;
#870 = EDGE_CURVE ( 'NONE', #5614, #2745, #3452, .T. ) ;
#871 = CARTESIAN_POINT ( 'NONE',  ( -1.815873739763112171, 0.5142020143325679582, -0.1599999999999808520 ) ) ;
#872 = EDGE_CURVE ( 'NONE', #2735, #890, #1124, .T. ) ;
#873 = AXIS2_PLACEMENT_3D ( 'NONE', #3137, #5233, #1325 ) ;
#874 = EDGE_CURVE ( 'NONE', #6894, #3710, #1696, .T. ) ;
#875 = ORIENTED_EDGE ( 'NONE', *, *, #56, .T. ) ;
#876 = VECTOR ( 'NONE', #1870, 1000.000000000000000 ) ;
#877 = DIRECTION ( 'NONE',  ( 0.000000000000000000, 1.000000000000000000, 0.000000000000000000 ) ) ;
#878 = VERTEX_POINT ( 'NONE', #6240 ) ;
#879 = CARTESIAN_POINT ( 'NONE',  ( -0.9455000000000136628, 0.3399999999999998024, -1.272499999999990417 ) ) ;
#880 = DIRECTION ( 'NONE',  ( -1.000000000000000000, 0.000000000000000000, 1.045480666325306653E-14 ) ) ;
#881 = VERTEX_POINT ( 'NONE', #6207 ) ;
#882 = VERTEX_POINT ( 'NONE', #6758 ) ;
#883 = DIRECTION ( 'NONE',  ( -1.000000000000000000, 0.000000000000000000, 1.084202172485503961E-14 ) ) ;
#884 = DIRECTION ( 'NONE',  ( 1.047444401652940007E-14, 0.000000000000000000, 1.000000000000000000 ) ) ;
#885 = PLANE ( 'NONE',  #4806 ) ;
#886 = CARTESIAN_POINT ( 'NONE',  ( -1.721904477684534696, 0.4800000000000010369, -1.459999999999982645 ) ) ;
#887 = SURFACE_SIDE_STYLE ('',( #2053 ) ) ;
#888 = DIRECTION ( 'NONE',  ( 0.000000000000000000, 1.000000000000000000, 0.000000000000000000 ) ) ;
#889 = DIRECTION ( 'NONE',  ( 0.3420201433256698786, 0.9396926207859079838, -3.582470843790090758E-15 ) ) ;
#890 = VERTEX_POINT ( 'NONE', #4512 ) ;
#891 = PLANE ( 'NONE',  #5844 ) ;
#892 = DIRECTION ( 'NONE',  ( 1.000000000000000000, 0.000000000000000000, -1.114720884278013137E-14 ) ) ;
#893 = ORIENTED_EDGE ( 'NONE', *, *, #1880, .T. ) ;
#894 = CARTESIAN_POINT ( 'NONE',  ( 0.9454999999999817994, 0.3399999999999998024, -1.772500000000010623 ) ) ;
#895 = LINE ( 'NONE', #3156, #6056 ) ;
#896 = PLANE ( 'NONE',  #6507 ) ;
#897 = CARTESIAN_POINT ( 'NONE',  ( -1.499999999999981570, 0.7600000000000000089, 1.790000000000016467 ) ) ;
#898 = EDGE_LOOP ( 'NONE', ( #6779, #410, #6018, #6550 ) ) ;
#899 = LINE ( 'NONE', #4239, #6317 ) ;
#900 = ADVANCED_FACE ( 'NONE', ( #4004 ), #1233, .F. ) ;
#901 = VERTEX_POINT ( 'NONE', #2364 ) ;
#902 = EDGE_CURVE ( 'NONE', #3818, #5465, #1264, .T. ) ;
#903 = DIRECTION ( 'NONE',  ( -0.05233595624293647247, 0.9986295347545742773, 5.481900437181704796E-16 ) ) ;
#904 = ADVANCED_FACE ( 'NONE', ( #5704 ), #718, .F. ) ;
#905 = CARTESIAN_POINT ( 'NONE',  ( 2.449999999999989075, 0.1797533162558246356, -1.140000000000025437 ) ) ;
#906 = ORIENTED_EDGE ( 'NONE', *, *, #3671, .F. ) ;
#907 = EDGE_CURVE ( 'NONE', #2390, #5926, #6180, .T. ) ;
#908 = CARTESIAN_POINT ( 'NONE',  ( 1.499999999999979128, 0.5800000000000004041, -2.019500000000017170 ) ) ;
#909 = ORIENTED_EDGE ( 'NONE', *, *, #4156, .T. ) ;
#910 = ORIENTED_EDGE ( 'NONE', *, *, #5359, .T. ) ;
#911 = ORIENTED_EDGE ( 'NONE', *, *, #3412, .F. ) ;
#912 = EDGE_LOOP ( 'NONE', ( #3013, #2054, #2769, #5868, #2666, #3029, #5966, #3474, #6810, #261, #129, #2155, #5546, #4571, #3604, #3203, #1297, #2422, #1483, #6329 ) ) ;
#913 = CARTESIAN_POINT ( 'NONE',  ( 1.500000000000011990, 0.5800000000000004041, 1.139999999999984581 ) ) ;
#914 = LINE ( 'NONE', #5940, #6048 ) ;
#915 = CARTESIAN_POINT ( 'NONE',  ( 2.249027405409689706, 0.1902858436350523264, 1.789999999999977165 ) ) ;
#916 = DIRECTION ( 'NONE',  ( -1.000000000000000000, 0.000000000000000000, 1.084202172485504118E-14 ) ) ;
#917 = PLANE ( 'NONE',  #5529 ) ;
#918 = VERTEX_POINT ( 'NONE', #255 ) ;
#919 = ORIENTED_EDGE ( 'NONE', *, *, #5484, .F. ) ;
#920 = FACE_OUTER_BOUND ( 'NONE', #2224, .T. ) ;
#921 = AXIS2_PLACEMENT_3D ( 'NONE', #3348, #6135, #5568 ) ;
#922 = CARTESIAN_POINT ( 'NONE',  ( -1.500000000000018874, 0.4800000000000010369, -1.789999999999985159 ) ) ;
#923 = EDGE_LOOP ( 'NONE', ( #6850, #1512, #1815, #5040, #3229, #4879, #6662, #1894, #3181, #1390, #2454, #5859 ) ) ;
#924 = CARTESIAN_POINT ( 'NONE',  ( -2.259012843649067737, 0.3808193555679768583, 0.4900000000000238609 ) ) ;
#925 = CARTESIAN_POINT ( 'NONE',  ( 1.721904477684531365, 0.5800000000000004041, 1.139999999999982361 ) ) ;
#926 = EDGE_CURVE ( 'NONE', #4128, #4627, #1983, .T. ) ;
#927 = ORIENTED_EDGE ( 'NONE', *, *, #6334, .F. ) ;
#928 = DIRECTION ( 'NONE',  ( -1.047444401652940007E-14, 0.000000000000000000, -1.000000000000000000 ) ) ;
#929 = DIRECTION ( 'NONE',  ( -1.000000000000000000, 1.221473969113538888E-16, 1.047444401652940007E-14 ) ) ;
#930 = CIRCLE ( 'NONE', #1976, 0.1907949898354945883 ) ;
#931 = CARTESIAN_POINT ( 'NONE',  ( -2.079724199617723812, 0.3155636257986206283, 1.140000000000021885 ) ) ;
#932 = DIRECTION ( 'NONE',  ( 0.05233595624293647247, -0.9986295347545742773, -5.481900437181704796E-16 ) ) ;
#933 = VECTOR ( 'NONE', #2033, 1000.000000000000114 ) ;
#934 = ORIENTED_EDGE ( 'NONE', *, *, #1133, .T. ) ;
#935 = DIRECTION ( 'NONE',  ( -1.000000000000000000, 0.000000000000000000, 1.047444401652940007E-14 ) ) ;
#936 = EDGE_CURVE ( 'NONE', #6179, #6062, #790, .T. ) ;
#937 = ORIENTED_EDGE ( 'NONE', *, *, #3010, .T. ) ;
#938 = CARTESIAN_POINT ( 'NONE',  ( -0.8255000000000134452, 0.2400000000000004075, -1.272499999999991527 ) ) ;
#939 = VECTOR ( 'NONE', #4647, 1000.000000000000114 ) ;
#940 = DIRECTION ( 'NONE',  ( -0.9986295347545741663, -0.05233595624293794352, 1.046008915503958592E-14 ) ) ;
#941 = AXIS2_PLACEMENT_3D ( 'NONE', #5606, #616, #5063 ) ;
#942 = EDGE_CURVE ( 'NONE', #2680, #3522, #3041, .T. ) ;
#943 = PLANE ( 'NONE',  #2255 ) ;
#944 = ORIENTED_EDGE ( 'NONE', *, *, #6690, .F. ) ;
#945 = EDGE_CURVE ( 'NONE', #4970, #364, #5312, .T. ) ;
#946 = DIRECTION ( 'NONE',  ( -1.047444401652940007E-14, 0.000000000000000000, -1.000000000000000000 ) ) ;
#947 = EDGE_LOOP ( 'NONE', ( #3065, #2627, #6144, #6166 ) ) ;
#948 = AXIS2_PLACEMENT_3D ( 'NONE', #608, #4105, #4541 ) ;
#949 = ORIENTED_EDGE ( 'NONE', *, *, #3937, .T. ) ;
#950 = EDGE_CURVE ( 'NONE', #125, #3399, #502, .T. ) ;
#951 = CARTESIAN_POINT ( 'NONE',  ( 0.9455000000000136628, 0.3399999999999998024, 1.272499999999990417 ) ) ;
#952 = ADVANCED_FACE ( 'NONE', ( #6275 ), #4736, .F. ) ;
#953 = LINE ( 'NONE', #1110, #2116 ) ;
#954 = VECTOR ( 'NONE', #1559, 1000.000000000000000 ) ;
#955 = VECTOR ( 'NONE', #3112, 1000.000000000000000 ) ;
#956 = EDGE_CURVE ( 'NONE', #1745, #3688, #2570, .T. ) ;
#957 = LINE ( 'NONE', #6416, #3232 ) ;
#958 = ORIENTED_EDGE ( 'NONE', *, *, #340, .F. ) ;
#959 = ORIENTED_EDGE ( 'NONE', *, *, #3741, .F. ) ;
#960 = PLANE ( 'NONE',  #6191 ) ;
#961 = EDGE_CURVE ( 'NONE', #890, #6453, #6964, .T. ) ;
#962 = PLANE ( 'NONE',  #3075 ) ;
#963 = EDGE_LOOP ( 'NONE', ( #2736, #205, #5759, #5900 ) ) ;
#964 = VECTOR ( 'NONE', #313, 1000.000000000000000 ) ;
#965 = CARTESIAN_POINT ( 'NONE',  ( 2.440579527876274302, -2.168404344971008868E-16, 0.1599999999999744127 ) ) ;
#966 = DIRECTION ( 'NONE',  ( -0.9986295347545742773, 0.05233595624293647247, 1.046008915503959065E-14 ) ) ;
#967 = VECTOR ( 'NONE', #2767, 1000.000000000000000 ) ;
#968 = FACE_OUTER_BOUND ( 'NONE', #2380, .T. ) ;
#969 = DIRECTION ( 'NONE',  ( 1.047444401652940007E-14, 0.000000000000000000, 1.000000000000000000 ) ) ;
#970 = PRESENTATION_STYLE_ASSIGNMENT (( #6463 ) ) ;
#971 = DIRECTION ( 'NONE',  ( 1.000000000000000000, 0.000000000000000000, -1.047444401652940007E-14 ) ) ;
#972 = CIRCLE ( 'NONE', #2715, 0.2800000000000000822 ) ;
#973 = ORIENTED_EDGE ( 'NONE', *, *, #7117, .F. ) ;
#974 = LINE ( 'NONE', #3268, #5748 ) ;
#975 = ORIENTED_EDGE ( 'NONE', *, *, #2806, .T. ) ;
#976 = DIRECTION ( 'NONE',  ( -0.000000000000000000, -1.000000000000000000, -0.000000000000000000 ) ) ;
#977 = CARTESIAN_POINT ( 'NONE',  ( 0.7055000000000190008, 0.3399999999999998024, 1.772499999999993525 ) ) ;
#978 = LINE ( 'NONE', #5426, #1323 ) ;
#979 = MECHANICAL_DESIGN_GEOMETRIC_PRESENTATION_REPRESENTATION (  '', ( #3907 ), #4016 ) ;
#980 = ORIENTED_EDGE ( 'NONE', *, *, #4663, .F. ) ;
#981 =( GEOMETRIC_REPRESENTATION_CONTEXT ( 3 ) GLOBAL_UNCERTAINTY_ASSIGNED_CONTEXT ( ( #2870 ) ) GLOBAL_UNIT_ASSIGNED_CONTEXT ( ( #5876, #1503, #5256 ) ) REPRESENTATION_CONTEXT ( 'NONE', 'WORKASPACE' ) );
#982 = PLANE ( 'NONE',  #6046 ) ;
#983 = ORIENTED_EDGE ( 'NONE', *, *, #741, .T. ) ;
#984 = ORIENTED_EDGE ( 'NONE', *, *, #6098, .F. ) ;
#985 = ORIENTED_EDGE ( 'NONE', *, *, #546, .T. ) ;
#986 = PRESENTATION_LAYER_ASSIGNMENT (  '', '', ( #3086 ) ) ;
#987 = ORIENTED_EDGE ( 'NONE', *, *, #1255, .F. ) ;
#988 = ORIENTED_EDGE ( 'NONE', *, *, #864, .F. ) ;
#989 = CARTESIAN_POINT ( 'NONE',  ( 0.9455000000000136628, 0.3399999999999998024, 1.272499999999990417 ) ) ;
#990 = ADVANCED_FACE ( 'NONE', ( #353 ), #3669, .F. ) ;
#991 = LINE ( 'NONE', #4975, #2584 ) ;
#992 = FACE_OUTER_BOUND ( 'NONE', #923, .T. ) ;
#993 = EDGE_CURVE ( 'NONE', #1796, #2659, #6380, .T. ) ;
#994 = ORIENTED_EDGE ( 'NONE', *, *, #4381, .F. ) ;
#995 = EDGE_CURVE ( 'NONE', #1462, #4272, #4154, .T. ) ;
#996 = EDGE_LOOP ( 'NONE', ( #2660, #4290, #1667, #603 ) ) ;
#997 = DIRECTION ( 'NONE',  ( -1.000000000000000000, 0.000000000000000000, 1.047444401652940007E-14 ) ) ;
#998 = DIRECTION ( 'NONE',  ( -1.047444401652940007E-14, 0.000000000000000000, -1.000000000000000000 ) ) ;
#999 = ORIENTED_EDGE ( 'NONE', *, *, #340, .T. ) ;
#1000 = EDGE_CURVE ( 'NONE', #3946, #2498, #6421, .T. ) ;
#1001 = DIRECTION ( 'NONE',  ( 0.3420201433256698786, 0.9396926207859079838, -3.582470843790090758E-15 ) ) ;
#1002 = DIRECTION ( 'NONE',  ( -1.047444401652940007E-14, 0.000000000000000000, -1.000000000000000000 ) ) ;
#1003 = DIRECTION ( 'NONE',  ( 0.9396926207859085389, 0.3420201433256684354, -9.842757749167790628E-15 ) ) ;
#1004 = DIRECTION ( 'NONE',  ( -1.000000000000000000, 1.742467777208844552E-15, 1.045480666325306653E-14 ) ) ;
#1005 = CIRCLE ( 'NONE', #6000, 0.3707949898354946372 ) ;
#1006 = FACE_OUTER_BOUND ( 'NONE', #6734, .T. ) ;
#1007 = DIRECTION ( 'NONE',  ( -0.1710878697460337661, -0.9702875252478136980, 0.1710878697460379849 ) ) ;
#1008 = VERTEX_POINT ( 'NONE', #1444 ) ;
#1009 = DIRECTION ( 'NONE',  ( -0.9986295347545741663, -0.05233595624293794352, 1.046008915503958592E-14 ) ) ;
#1010 = AXIS2_PLACEMENT_3D ( 'NONE', #2477, #6281, #1373 ) ;
#1011 = DIRECTION ( 'NONE',  ( 0.9986295347545742773, -0.05233595624293795739, -1.046008915503958907E-14 ) ) ;
#1012 = CARTESIAN_POINT ( 'NONE',  ( -0.9454999999999817994, 0.2400000000000004075, 1.772500000000010623 ) ) ;
#1013 = CARTESIAN_POINT ( 'NONE',  ( -0.9455000000000136628, 0.3399999999999998024, -1.272499999999990195 ) ) ;
#1014 = CARTESIAN_POINT ( 'NONE',  ( -1.042328651854239396, 1.100000000000000089, -1.490642050501197247 ) ) ;
#1015 = VERTEX_POINT ( 'NONE', #5881 ) ;
#1016 = VECTOR ( 'NONE', #4039, 1000.000000000000000 ) ;
#1017 = DIRECTION ( 'NONE',  ( 0.3420201433256698786, -0.9396926207859079838, -3.582470843790090758E-15 ) ) ;
#1018 = ORIENTED_EDGE ( 'NONE', *, *, #3357, .T. ) ;
#1019 = ADVANCED_FACE ( 'NONE', ( #6348 ), #891, .T. ) ;
#1020 = VERTEX_POINT ( 'NONE', #4189 ) ;
#1021 = EDGE_LOOP ( 'NONE', ( #2340, #4854, #3000, #7132 ) ) ;
#1022 = DIRECTION ( 'NONE',  ( -1.000000000000000000, 0.000000000000000000, 1.047444401652940007E-14 ) ) ;
#1023 = DIRECTION ( 'NONE',  ( -0.9396926207859085389, 0.3420201433256684354, 9.842757749167790628E-15 ) ) ;
#1024 = LINE ( 'NONE', #1539, #272 ) ;
#1025 = DIRECTION ( 'NONE',  ( -0.000000000000000000, -1.000000000000000000, -0.000000000000000000 ) ) ;
#1026 = VERTEX_POINT ( 'NONE', #3634 ) ;
#1027 = ADVANCED_FACE ( 'NONE', ( #7002 ), #5845, .T. ) ;
#1028 = CARTESIAN_POINT ( 'NONE',  ( -0.8254999999999871330, 0.2400000000000004075, 1.272500000000008846 ) ) ;
#1029 = EDGE_LOOP ( 'NONE', ( #4359, #2298, #2996, #2551 ) ) ;
#1030 = DIRECTION ( 'NONE',  ( 1.000000000000000000, 1.221473969113538888E-16, -1.047444401652940007E-14 ) ) ;
#1031 = ORIENTED_EDGE ( 'NONE', *, *, #2386, .F. ) ;
#1032 = ORIENTED_EDGE ( 'NONE', *, *, #5589, .T. ) ;
#1033 = DIRECTION ( 'NONE',  ( -1.047444401652940007E-14, 0.000000000000000000, -1.000000000000000000 ) ) ;
#1034 = EDGE_CURVE ( 'NONE', #2722, #4469, #1654, .T. ) ;
#1035 = ADVANCED_FACE ( 'NONE', ( #6865 ), #5244, .F. ) ;
#1036 = DIRECTION ( 'NONE',  ( 0.9986295347545742773, -0.05233595624293795739, -1.046008915503958907E-14 ) ) ;
#1037 = VERTEX_POINT ( 'NONE', #965 ) ;
#1038 = CARTESIAN_POINT ( 'NONE',  ( -1.985018411504568148, 0.5757656401311880279, 0.4900000000000210298 ) ) ;
#1039 = PLANE ( 'NONE',  #6806 ) ;
#1040 = CARTESIAN_POINT ( 'NONE',  ( 1.499999999999984901, 0.7600000000000000089, -1.460000000000016174 ) ) ;
#1041 = EDGE_LOOP ( 'NONE', ( #6816, #5540, #1752, #3829 ) ) ;
#1042 = AXIS2_PLACEMENT_3D ( 'NONE', #2861, #6165, #2403 ) ;
#1043 = CARTESIAN_POINT ( 'NONE',  ( -1.910579527876263617, 0.2540000000000005587, 0.8100000000000201483 ) ) ;
#1044 = VECTOR ( 'NONE', #6968, 1000.000000000000000 ) ;
#1045 = ADVANCED_FACE ( 'NONE', ( #6457 ), #3737, .F. ) ;
#1046 = CARTESIAN_POINT ( 'NONE',  ( 0.7055000000000156701, 0.3399999999999998024, 1.422499999999993214 ) ) ;
#1047 = ORIENTED_EDGE ( 'NONE', *, *, #5261, .T. ) ;
#1048 = CARTESIAN_POINT ( 'NONE',  ( -1.721904477684507384, 0.4800000000000010369, 1.140000000000018110 ) ) ;
#1049 = CARTESIAN_POINT ( 'NONE',  ( -2.239606933285950507, 0.01053252737922920866, -0.8099999999999768496 ) ) ;
#1050 = CIRCLE ( 'NONE', #1865, 0.2800000000000000822 ) ;
#1051 = FACE_OUTER_BOUND ( 'NONE', #947, .T. ) ;
#1052 = LINE ( 'NONE', #6988, #3413 ) ;
#1053 = ORIENTED_EDGE ( 'NONE', *, *, #3532, .T. ) ;
#1054 = VECTOR ( 'NONE', #2588, 1000.000000000000000 ) ;
#1055 = PRESENTATION_LAYER_ASSIGNMENT (  '', '', ( #2344 ) ) ;
#1056 = STYLED_ITEM ( 'NONE', ( #740 ), #1697 ) ;
#1057 = DIRECTION ( 'NONE',  ( 0.3420201433256698786, -0.9396926207859079838, -3.582470843790090758E-15 ) ) ;
#1058 = VERTEX_POINT ( 'NONE', #6574 ) ;
#1059 = ORIENTED_EDGE ( 'NONE', *, *, #3942, .F. ) ;
#1060 = AXIS2_PLACEMENT_3D ( 'NONE', #406, #1628, #4924 ) ;
#1061 = VECTOR ( 'NONE', #6320, 1000.000000000000000 ) ;
#1062 = VERTEX_POINT ( 'NONE', #2058 ) ;
#1063 = EDGE_LOOP ( 'NONE', ( #6145, #3940, #6948, #3873 ) ) ;
#1064 = ADVANCED_FACE ( 'NONE', ( #1077 ), #3300, .F. ) ;
#1065 = DIRECTION ( 'NONE',  ( -1.047444401652940007E-14, 0.000000000000000000, -1.000000000000000000 ) ) ;
#1066 = CARTESIAN_POINT ( 'NONE',  ( 2.239606933285946511, 0.01053252737922920866, 0.4899999999999765654 ) ) ;
#1067 = CARTESIAN_POINT ( 'NONE',  ( -1.499999999999978906, 0.7600000000000000089, 2.019500000000015838 ) ) ;
#1068 = VERTEX_POINT ( 'NONE', #1475 ) ;
#1069 = CARTESIAN_POINT ( 'NONE',  ( 1.721904477684510937, 0.5800000000000004041, -0.8100000000000183720 ) ) ;
#1070 = CARTESIAN_POINT ( 'NONE',  ( 1.721904477684527812, 0.5800000000000004041, 0.8099999999999822897 ) ) ;
#1071 = EDGE_LOOP ( 'NONE', ( #5293, #4137, #3469, #3831 ) ) ;
#1072 = LINE ( 'NONE', #4362, #2796 ) ;
#1073 = CARTESIAN_POINT ( 'NONE',  ( -1.721904477684517598, 0.4800000000000010369, 0.1600000000000180167 ) ) ;
#1074 = VECTOR ( 'NONE', #5595, 1000.000000000000000 ) ;
#1075 = ORIENTED_EDGE ( 'NONE', *, *, #1377, .T. ) ;
#1076 = EDGE_CURVE ( 'NONE', #6256, #2446, #6490, .T. ) ;
#1077 = FACE_OUTER_BOUND ( 'NONE', #3131, .T. ) ;
#1078 = VECTOR ( 'NONE', #2178, 1000.000000000000000 ) ;
#1079 = VECTOR ( 'NONE', #3416, 1000.000000000000000 ) ;
#1080 = DIRECTION ( 'NONE',  ( -1.047444401652940007E-14, 0.000000000000000000, -1.000000000000000000 ) ) ;
#1081 = ORIENTED_EDGE ( 'NONE', *, *, #4959, .T. ) ;
#1082 = CARTESIAN_POINT ( 'NONE',  ( 0.8254999999999871330, 0.2400000000000004075, -1.272500000000008846 ) ) ;
#1083 = FILL_AREA_STYLE ('',( #5668 ) ) ;
#1084 = VECTOR ( 'NONE', #3487, 1000.000000000000000 ) ;
#1085 = CARTESIAN_POINT ( 'NONE',  ( -2.079724199617734026, 0.3155636257986206283, 0.1600000000000218747 ) ) ;
#1086 = ADVANCED_FACE ( 'NONE', ( #538 ), #5950, .F. ) ;
#1087 = VERTEX_POINT ( 'NONE', #3188 ) ;
#1088 = CARTESIAN_POINT ( 'NONE',  ( 1.499999999999981570, 0.4800000000000010369, -1.790000000000016467 ) ) ;
#1089 = AXIS2_PLACEMENT_3D ( 'NONE', #1204, #6697, #2335 ) ;
#1090 = CARTESIAN_POINT ( 'NONE',  ( -1.721904477684521151, 0.4800000000000010369, -0.1599999999999819622 ) ) ;
#1091 = AXIS2_PLACEMENT_3D ( 'NONE', #585, #3352, #3277 ) ;
#1092 = CARTESIAN_POINT ( 'NONE',  ( 1.500000000000018874, 0.5800000000000004041, 1.789999999999985159 ) ) ;
#1093 = CARTESIAN_POINT ( 'NONE',  ( 2.063360469869794780E-14, 1.100000000000000089, 1.959548826559121659 ) ) ;
#1094 = CIRCLE ( 'NONE', #5055, 0.3707949898354946372 ) ;
#1095 = EDGE_CURVE ( 'NONE', #5611, #3707, #4873, .T. ) ;
#1096 = ADVANCED_FACE ( 'NONE', ( #7064 ), #2713, .F. ) ;
#1097 = LINE ( 'NONE', #5964, #4902 ) ;
#1098 = VECTOR ( 'NONE', #3858, 1000.000000000000000 ) ;
#1099 = CARTESIAN_POINT ( 'NONE',  ( 1.985018411504564595, 0.5757656401311880279, -0.8100000000000211475 ) ) ;
#1100 = VERTEX_POINT ( 'NONE', #3150 ) ;
#1101 = AXIS2_PLACEMENT_3D ( 'NONE', #395, #1003, #6576 ) ;
#1102 = EDGE_CURVE ( 'NONE', #6141, #1281, #2091, .T. ) ;
#1103 = LINE ( 'NONE', #5504, #6308 ) ;
#1104 = VERTEX_POINT ( 'NONE', #3700 ) ;
#1105 = ORIENTED_EDGE ( 'NONE', *, *, #4596, .F. ) ;
#1106 = EDGE_LOOP ( 'NONE', ( #4094, #2801, #5327, #7105 ) ) ;
#1107 = VERTEX_POINT ( 'NONE', #4295 ) ;
#1108 = ORIENTED_EDGE ( 'NONE', *, *, #5062, .F. ) ;
#1109 = DIRECTION ( 'NONE',  ( 1.047444401652940007E-14, 0.000000000000000000, 1.000000000000000000 ) ) ;
#1110 = CARTESIAN_POINT ( 'NONE',  ( 1.499999999999984901, 0.7600000000000000089, -1.460000000000016174 ) ) ;
#1111 = VERTEX_POINT ( 'NONE', #1509 ) ;
#1112 = DIRECTION ( 'NONE',  ( -1.047444401652940007E-14, 0.000000000000000000, -1.000000000000000000 ) ) ;
#1113 = AXIS2_PLACEMENT_3D ( 'NONE', #2991, #6359, #836 ) ;
#1114 = CARTESIAN_POINT ( 'NONE',  ( -2.259012843649091273, 0.3808193555679768583, -1.789999999999977165 ) ) ;
#1115 = ORIENTED_EDGE ( 'NONE', *, *, #3614, .F. ) ;
#1116 = DIRECTION ( 'NONE',  ( 1.236182315839216618E-14, 0.000000000000000000, 1.000000000000000000 ) ) ;
#1117 = ORIENTED_EDGE ( 'NONE', *, *, #3910, .F. ) ;
#1118 = DIRECTION ( 'NONE',  ( 1.047444401652940007E-14, 0.000000000000000000, 1.000000000000000000 ) ) ;
#1119 = CARTESIAN_POINT ( 'NONE',  ( -0.7054999999999816973, 0.2400000000000004075, 1.772500000000007958 ) ) ;
#1120 = PLANE ( 'NONE',  #6088 ) ;
#1121 = PLANE ( 'NONE',  #5073 ) ;
#1122 = CARTESIAN_POINT ( 'NONE',  ( 2.440579527876263644, -2.168404344971008868E-16, -0.8100000000000256994 ) ) ;
#1123 = VERTEX_POINT ( 'NONE', #1548 ) ;
#1124 = LINE ( 'NONE', #5095, #4115 ) ;
#1125 =( NAMED_UNIT ( * ) SI_UNIT ( $, .STERADIAN. ) SOLID_ANGLE_UNIT ( ) );
#1126 = ORIENTED_EDGE ( 'NONE', *, *, #2732, .T. ) ;
#1127 = DIRECTION ( 'NONE',  ( -0.000000000000000000, -1.000000000000000000, -0.000000000000000000 ) ) ;
#1128 = LINE ( 'NONE', #1158, #1942 ) ;
#1129 = EDGE_CURVE ( 'NONE', #2751, #4307, #459, .T. ) ;
#1130 = CARTESIAN_POINT ( 'NONE',  ( 2.449999999999999289, 0.1797533162558246356, -0.1600000000000254274 ) ) ;
#1131 = CARTESIAN_POINT ( 'NONE',  ( 1.721904477684537804, 0.7600000000000000089, 1.789999999999982716 ) ) ;
#1132 = ORIENTED_EDGE ( 'NONE', *, *, #524, .T. ) ;
#1133 = EDGE_CURVE ( 'NONE', #3076, #3024, #2005, .T. ) ;
#1134 = ADVANCED_FACE ( 'NONE', ( #5446 ), #7103, .T. ) ;
#1135 = PLANE ( 'NONE',  #2831 ) ;
#1136 = VERTEX_POINT ( 'NONE', #6019 ) ;
#1137 = VERTEX_POINT ( 'NONE', #3257 ) ;
#1138 = VERTEX_POINT ( 'NONE', #5485 ) ;
#1139 = EDGE_LOOP ( 'NONE', ( #6679, #6843, #4380, #3467 ) ) ;
#1140 = VECTOR ( 'NONE', #6057, 1000.000000000000000 ) ;
#1141 = LINE ( 'NONE', #3947, #6130 ) ;
#1142 = DIRECTION ( 'NONE',  ( -0.9396926207859079838, -0.3420201433256698786, 9.842757749167782739E-15 ) ) ;
#1143 = ORIENTED_EDGE ( 'NONE', *, *, #2156, .F. ) ;
#1144 = CARTESIAN_POINT ( 'NONE',  ( 1.500000000000018874, 0.7600000000000000089, 1.789999999999985159 ) ) ;
#1145 = EDGE_LOOP ( 'NONE', ( #2384, #1961, #6217, #2877 ) ) ;
#1146 = CARTESIAN_POINT ( 'NONE',  ( 1.500000000000011990, 0.7600000000000000089, 1.139999999999984581 ) ) ;
#1147 = CARTESIAN_POINT ( 'NONE',  ( -0.9455000000000188809, 0.3399999999999998024, -1.772499999999990861 ) ) ;
#1148 = DIRECTION ( 'NONE',  ( 1.000000000000000000, -1.221473969113538888E-16, -1.047444401652940007E-14 ) ) ;
#1149 = CARTESIAN_POINT ( 'NONE',  ( 0.8254999999999871330, 0.3399999999999998024, -1.272500000000008846 ) ) ;
#1150 = CARTESIAN_POINT ( 'NONE',  ( 1.721904477684537804, 0.4800000000000010369, 1.789999999999982716 ) ) ;
#1151 = LINE ( 'NONE', #2314, #3544 ) ;
#1152 = DIRECTION ( 'NONE',  ( -1.000000000000000000, 0.000000000000000000, 1.047444401652940007E-14 ) ) ;
#1153 = DIRECTION ( 'NONE',  ( 1.047444401652940007E-14, -0.000000000000000000, 1.000000000000000000 ) ) ;
#1154 = ORIENTED_EDGE ( 'NONE', *, *, #6324, .T. ) ;
#1155 = DIRECTION ( 'NONE',  ( -1.000000000000000000, 0.000000000000000000, 1.047444401652940007E-14 ) ) ;
#1156 = EDGE_CURVE ( 'NONE', #6112, #3825, #498, .T. ) ;
#1157 = FACE_OUTER_BOUND ( 'NONE', #4999, .T. ) ;
#1158 = CARTESIAN_POINT ( 'NONE',  ( 2.449999999999993072, 0.1797533162558246356, -0.8100000000000260325 ) ) ;
#1159 = CARTESIAN_POINT ( 'NONE',  ( 2.079724199617730473, 0.3155636257986206283, -0.4900000000000219735 ) ) ;
#1160 = AXIS2_PLACEMENT_3D ( 'NONE', #2541, #1988, #1339 ) ;
#1161 = DIRECTION ( 'NONE',  ( -1.000000000000000000, 0.000000000000000000, 1.051271849867537044E-14 ) ) ;
#1162 = ORIENTED_EDGE ( 'NONE', *, *, #3001, .F. ) ;
#1163 = EDGE_CURVE ( 'NONE', #1903, #3552, #4400, .T. ) ;
#1164 = CIRCLE ( 'NONE', #6153, 0.2800000000000000822 ) ;
#1165 = PLANE ( 'NONE',  #6078 ) ;
#1166 = VERTEX_POINT ( 'NONE', #4264 ) ;
#1167 = ORIENTED_EDGE ( 'NONE', *, *, #4618, .F. ) ;
#1168 = ORIENTED_EDGE ( 'NONE', *, *, #2231, .F. ) ;
#1169 = ORIENTED_EDGE ( 'NONE', *, *, #6468, .T. ) ;
#1170 = EDGE_CURVE ( 'NONE', #3436, #2367, #3845, .T. ) ;
#1171 = VECTOR ( 'NONE', #932, 1000.000000000000000 ) ;
#1172 = VECTOR ( 'NONE', #2742, 1000.000000000000000 ) ;
#1173 = CARTESIAN_POINT ( 'NONE',  ( -1.042328651854239396, 1.000000000000000666, -1.490642050501197247 ) ) ;
#1175 = EDGE_CURVE ( 'NONE', #1166, #2028, #3052, .T. ) ;
#1174 = CARTESIAN_POINT ( 'NONE',  ( -1.500000000000005551, 0.7600000000000000089, -0.4899999999999845035 ) ) ;
#1176 = ORIENTED_EDGE ( 'NONE', *, *, #2201, .T. ) ;
#1177 =( GEOMETRIC_REPRESENTATION_CONTEXT ( 3 ) GLOBAL_UNCERTAINTY_ASSIGNED_CONTEXT ( ( #4635 ) ) GLOBAL_UNIT_ASSIGNED_CONTEXT ( ( #3933, #6649, #1125 ) ) REPRESENTATION_CONTEXT ( 'NONE', 'WORKASPACE' ) );
#1178 = LINE ( 'NONE', #2747, #4129 ) ;
#1179 = EDGE_CURVE ( 'NONE', #6498, #6528, #5051, .T. ) ;
#1180 = ORIENTED_EDGE ( 'NONE', *, *, #7117, .T. ) ;
#1181 = EDGE_CURVE ( 'NONE', #3024, #273, #5556, .T. ) ;
#1182 = CARTESIAN_POINT ( 'NONE',  ( 0.7055000000000156701, 0.2400000000000004075, 1.422499999999993214 ) ) ;
#1183 = LINE ( 'NONE', #3405, #4121 ) ;
#1184 = DIRECTION ( 'NONE',  ( 1.047444401652940007E-14, -0.000000000000000000, 1.000000000000000000 ) ) ;
#1185 = EDGE_CURVE ( 'NONE', #5433, #720, #3479, .T. ) ;
#1186 = CARTESIAN_POINT ( 'NONE',  ( -1.985018411504571478, 0.5757656401311880279, 0.1600000000000208755 ) ) ;
#1187 = DIRECTION ( 'NONE',  ( -1.000000000000000000, 0.000000000000000000, 1.084202172485503961E-14 ) ) ;
#1188 = ORIENTED_EDGE ( 'NONE', *, *, #6469, .T. ) ;
#1189 = CARTESIAN_POINT ( 'NONE',  ( -1.500000000000001998, 0.7600000000000000089, -0.1599999999999843769 ) ) ;
#1190 = VERTEX_POINT ( 'NONE', #3443 ) ;
#1191 = SURFACE_STYLE_USAGE ( .BOTH. , #1229 ) ;
#1192 = VECTOR ( 'NONE', #2276, 1000.000000000000114 ) ;
#1193 = CARTESIAN_POINT ( 'NONE',  ( 1.815873739763129047, 0.5142020143325679582, 1.789999999999981384 ) ) ;
#1194 = ORIENTED_EDGE ( 'NONE', *, *, #961, .T. ) ;
#1195 = FACE_OUTER_BOUND ( 'NONE', #898, .T. ) ;
#1196 = CARTESIAN_POINT ( 'NONE',  ( 1.721904477684507384, 0.4800000000000010369, -1.140000000000018110 ) ) ;
#1197 = EDGE_LOOP ( 'NONE', ( #2222, #5757, #3862, #491 ) ) ;
#1198 = LINE ( 'NONE', #3492, #3719 ) ;
#1199 = VECTOR ( 'NONE', #4229, 1000.000000000000000 ) ;
#1200 = DIRECTION ( 'NONE',  ( -1.047444401652940007E-14, 0.000000000000000000, -1.000000000000000000 ) ) ;
#1201 = UNCERTAINTY_MEASURE_WITH_UNIT (LENGTH_MEASURE( 1.000000000000000082E-05 ), #207, 'distance_accuracy_value', 'NONE');
#1202 = LINE ( 'NONE', #2411, #2913 ) ;
#1203 = CARTESIAN_POINT ( 'NONE',  ( -2.239606933285923418, 0.01053252737922920866, 1.790000000000024460 ) ) ;
#1204 = CARTESIAN_POINT ( 'NONE',  ( -2.259012843649081059, 0.3808193555679768583, -0.8099999999999765166 ) ) ;
#1205 = ORIENTED_EDGE ( 'NONE', *, *, #3992, .T. ) ;
#1206 = AXIS2_PLACEMENT_3D ( 'NONE', #2604, #6526, #7099 ) ;
#1207 = ORIENTED_EDGE ( 'NONE', *, *, #5958, .F. ) ;
#1208 = VECTOR ( 'NONE', #688, 1000.000000000000000 ) ;
#1209 = AXIS2_PLACEMENT_3D ( 'NONE', #712, #1945, #3559 ) ;
#1210 = ORIENTED_EDGE ( 'NONE', *, *, #611, .F. ) ;
#1211 = ORIENTED_EDGE ( 'NONE', *, *, #3412, .T. ) ;
#1212 = ORIENTED_EDGE ( 'NONE', *, *, #6004, .T. ) ;
#1213 = LINE ( 'NONE', #2844, #6397 ) ;
#1214 = DIRECTION ( 'NONE',  ( 1.000000000000000000, 0.000000000000000000, -1.047444401652940007E-14 ) ) ;
#1215 = ORIENTED_EDGE ( 'NONE', *, *, #4440, .T. ) ;
#1216 = ORIENTED_EDGE ( 'NONE', *, *, #3867, .T. ) ;
#1217 = DIRECTION ( 'NONE',  ( -1.000000000000000000, -1.742467777208845933E-15, 1.084202172485504118E-14 ) ) ;
#1218 = ORIENTED_EDGE ( 'NONE', *, *, #1707, .T. ) ;
#1219 = LINE ( 'NONE', #6786, #2614 ) ;
#1220 = DIRECTION ( 'NONE',  ( 1.047444401652940007E-14, -0.000000000000000000, 1.000000000000000000 ) ) ;
#1221 = LINE ( 'NONE', #6229, #735 ) ;
#1222 = DIRECTION ( 'NONE',  ( -1.000000000000000000, 0.000000000000000000, 1.084202172485504118E-14 ) ) ;
#1223 = CARTESIAN_POINT ( 'NONE',  ( -2.440579527876281407, -2.168404344971008868E-16, -0.8099999999999748512 ) ) ;
#1224 = STYLED_ITEM ( 'NONE', ( #7032 ), #4250 ) ;
#1225 = ADVANCED_FACE ( 'NONE', ( #5629 ), #5592, .F. ) ;
#1226 = EDGE_CURVE ( 'NONE', #2722, #4530, #3339, .T. ) ;
#1227 = ORIENTED_EDGE ( 'NONE', *, *, #3990, .T. ) ;
#1228 = DIRECTION ( 'NONE',  ( -8.642576025897891774E-15, 0.000000000000000000, -1.000000000000000000 ) ) ;
#1229 = SURFACE_SIDE_STYLE ('',( #2825 ) ) ;
#1230 = DIRECTION ( 'NONE',  ( 1.000000000000000000, 0.000000000000000000, -1.047444401652940007E-14 ) ) ;
#1231 = VECTOR ( 'NONE', #1726, 1000.000000000000000 ) ;
#1232 = ORIENTED_EDGE ( 'NONE', *, *, #4228, .T. ) ;
#1233 = PLANE ( 'NONE',  #3876 ) ;
#1234 = DIRECTION ( 'NONE',  ( -1.000000000000000000, 0.000000000000000000, 1.047444401652940007E-14 ) ) ;
#1235 = ORIENTED_EDGE ( 'NONE', *, *, #5366, .T. ) ;
#1236 = LINE ( 'NONE', #6761, #5003 ) ;
#1237 = DIRECTION ( 'NONE',  ( 1.000000000000000000, -0.000000000000000000, -1.047444401652940007E-14 ) ) ;
#1238 = DIRECTION ( 'NONE',  ( -1.047444401652940007E-14, -0.000000000000000000, -1.000000000000000000 ) ) ;
#1239 = CARTESIAN_POINT ( 'NONE',  ( -1.499999999999981570, 0.5800000000000004041, 1.790000000000016467 ) ) ;
#1240 = CARTESIAN_POINT ( 'NONE',  ( -2.249027405409679048, 0.1902858436350523264, -0.8099999999999766276 ) ) ;
#1241 = ORIENTED_EDGE ( 'NONE', *, *, #6949, .F. ) ;
#1242 = EDGE_LOOP ( 'NONE', ( #6017, #6261, #114, #1212 ) ) ;
#1243 = EDGE_LOOP ( 'NONE', ( #5463, #3633, #3468, #6330 ) ) ;
#1244 = ORIENTED_EDGE ( 'NONE', *, *, #419, .T. ) ;
#1245 = VERTEX_POINT ( 'NONE', #4540 ) ;
#1246 = ADVANCED_FACE ( 'NONE', ( #636 ), #2818, .F. ) ;
#1247 = LINE ( 'NONE', #3472, #2682 ) ;
#1248 = CARTESIAN_POINT ( 'NONE',  ( 0.7055000000000003491, 0.3399999999999998024, -7.389720253661496764E-15 ) ) ;
#1249 = ORIENTED_EDGE ( 'NONE', *, *, #2315, .F. ) ;
#1250 = DIRECTION ( 'NONE',  ( 0.9986295347545742773, 0.05233595624293741616, -1.046008915503959065E-14 ) ) ;
#1251 = ORIENTED_EDGE ( 'NONE', *, *, #560, .T. ) ;
#1252 = CARTESIAN_POINT ( 'NONE',  ( -2.249027405409672831, 0.1902858436350523264, -0.1599999999999763278 ) ) ;
#1253 = CARTESIAN_POINT ( 'NONE',  ( 2.249027405409683045, 0.1902858436350523264, 1.139999999999976810 ) ) ;
#1254 = CARTESIAN_POINT ( 'NONE',  ( -0.7054999999999816973, 0.3399999999999998024, 1.772500000000007958 ) ) ;
#1255 = EDGE_CURVE ( 'NONE', #348, #2731, #4471, .T. ) ;
#1256 = AXIS2_PLACEMENT_3D ( 'NONE', #4985, #6642, #4507 ) ;
#1257 = PLANE ( 'NONE',  #4337 ) ;
#1258 = LINE ( 'NONE', #3481, #796 ) ;
#1259 = ADVANCED_FACE ( 'NONE', ( #5695 ), #2853, .F. ) ;
#1260 = CARTESIAN_POINT ( 'NONE',  ( 0.7055000000000190008, 0.3399999999999998024, 1.772499999999993525 ) ) ;
#1261 = DIRECTION ( 'NONE',  ( 1.047444401652940007E-14, 0.000000000000000000, 1.000000000000000000 ) ) ;
#1262 = SURFACE_STYLE_USAGE ( .BOTH. , #6272 ) ;
#1263 = EDGE_CURVE ( 'NONE', #2731, #3818, #2275, .T. ) ;
#1264 = LINE ( 'NONE', #6831, #1084 ) ;
#1265 = ADVANCED_FACE ( 'NONE', ( #6158 ), #672, .F. ) ;
#1266 = FACE_OUTER_BOUND ( 'NONE', #7059, .T. ) ;
#1267 = ADVANCED_FACE ( 'NONE', ( #1690 ), #4504, .F. ) ;
#1268 = ORIENTED_EDGE ( 'NONE', *, *, #2540, .T. ) ;
#1269 = LINE ( 'NONE', #6721, #3490 ) ;
#1270 = DIRECTION ( 'NONE',  ( -1.000000000000000000, 0.000000000000000000, 1.022859097168414451E-14 ) ) ;
#1271 = UNCERTAINTY_MEASURE_WITH_UNIT (LENGTH_MEASURE( 1.000000000000000082E-05 ), #5702, 'distance_accuracy_value', 'NONE');
#1272 = CARTESIAN_POINT ( 'NONE',  ( -1.721904477684517598, 0.7600000000000000089, 0.1600000000000180167 ) ) ;
#1273 = CARTESIAN_POINT ( 'NONE',  ( -1.721904477684534696, 0.4800000000000010369, -1.459999999999982645 ) ) ;
#1274 = EDGE_CURVE ( 'NONE', #244, #6050, #1221, .T. ) ;
#1275 = LINE ( 'NONE', #5718, #6900 ) ;
#1276 = ORIENTED_EDGE ( 'NONE', *, *, #5690, .T. ) ;
#1277 = EDGE_LOOP ( 'NONE', ( #6741, #1927, #1053, #589 ) ) ;
#1278 = AXIS2_PLACEMENT_3D ( 'NONE', #5749, #5779, #6318 ) ;
#1279 = EDGE_CURVE ( 'NONE', #2857, #389, #6094, .T. ) ;
#1280 = ORIENTED_EDGE ( 'NONE', *, *, #637, .F. ) ;
#1281 = VERTEX_POINT ( 'NONE', #142 ) ;
#1282 = LINE ( 'NONE', #5728, #1634 ) ;
#1283 = ORIENTED_EDGE ( 'NONE', *, *, #4111, .T. ) ;
#1284 = VECTOR ( 'NONE', #1333, 1000.000000000000000 ) ;
#1285 = AXIS2_PLACEMENT_3D ( 'NONE', #6322, #5752, #360 ) ;
#1286 = CARTESIAN_POINT ( 'NONE',  ( 1.985018411504571478, 0.5757656401311880279, -0.1600000000000208755 ) ) ;
#1287 = CARTESIAN_POINT ( 'NONE',  ( 1.815873739763108619, 0.5142020143325679582, -0.1600000000000191269 ) ) ;
#1288 = DIRECTION ( 'NONE',  ( -1.000000000000000000, -1.221473969113538888E-16, 1.047444401652940007E-14 ) ) ;
#1289 = DIRECTION ( 'NONE',  ( 1.000000000000000000, -1.221473969113538888E-16, -1.047444401652940007E-14 ) ) ;
#1290 = VECTOR ( 'NONE', #5828, 1000.000000000000000 ) ;
#1291 = PLANE ( 'NONE',  #109 ) ;
#1292 = VECTOR ( 'NONE', #5872, 1000.000000000000000 ) ;
#1293 = FACE_OUTER_BOUND ( 'NONE', #646, .T. ) ;
#1294 = LINE ( 'NONE', #3520, #5711 ) ;
#1295 = EDGE_CURVE ( 'NONE', #1939, #2197, #2358, .T. ) ;
#1296 = FILL_AREA_STYLE_COLOUR ( '', #1862 ) ;
#1297 = ORIENTED_EDGE ( 'NONE', *, *, #2515, .T. ) ;
#1298 = DIRECTION ( 'NONE',  ( -1.047444401652940007E-14, 0.000000000000000000, -1.000000000000000000 ) ) ;
#1299 = DIRECTION ( 'NONE',  ( -1.047444401652940007E-14, -0.000000000000000000, -1.000000000000000000 ) ) ;
#1300 = FACE_OUTER_BOUND ( 'NONE', #6116, .T. ) ;
#1301 = CARTESIAN_POINT ( 'NONE',  ( -1.815873739763119055, 0.5142020143325679582, -0.8099999999999812905 ) ) ;
#1302 = SURFACE_STYLE_FILL_AREA ( #2441 ) ;
#1303 = DIRECTION ( 'NONE',  ( 0.000000000000000000, 1.000000000000000000, 0.000000000000000000 ) ) ;
#1304 = CARTESIAN_POINT ( 'NONE',  ( 1.499999999999984901, 0.5800000000000004041, -1.460000000000016174 ) ) ;
#1305 = ADVANCED_FACE ( 'NONE', ( #4577 ), #6789, .F. ) ;
#1306 = VECTOR ( 'NONE', #2704, 1000.000000000000114 ) ;
#1307 = VECTOR ( 'NONE', #4984, 1000.000000000000000 ) ;
#1308 = CYLINDRICAL_SURFACE ( 'NONE', #7004, 0.1000000000000000472 ) ;
#1309 = ORIENTED_EDGE ( 'NONE', *, *, #1170, .F. ) ;
#1310 = EDGE_CURVE ( 'NONE', #3582, #1592, #6677, .T. ) ;
#1311 = DIRECTION ( 'NONE',  ( -1.047444401652940007E-14, 0.000000000000000000, -1.000000000000000000 ) ) ;
#1312 = VERTEX_POINT ( 'NONE', #3033 ) ;
#1313 = EDGE_CURVE ( 'NONE', #3650, #3916, #3883, .T. ) ;
#1314 = EDGE_CURVE ( 'NONE', #3451, #5926, #5266, .T. ) ;
#1315 = ORIENTED_EDGE ( 'NONE', *, *, #1730, .F. ) ;
#1316 = ORIENTED_EDGE ( 'NONE', *, *, #5277, .F. ) ;
#1317 = ORIENTED_EDGE ( 'NONE', *, *, #950, .T. ) ;
#1318 = VECTOR ( 'NONE', #4326, 1000.000000000000000 ) ;
#1319 = DIRECTION ( 'NONE',  ( -1.221473969113538888E-16, -1.000000000000000000, 1.279426070712772449E-30 ) ) ;
#1320 = EDGE_LOOP ( 'NONE', ( #6671, #4604, #1143, #2001, #4581, #7098, #768, #3062, #2859, #4983, #6407, #130 ) ) ;
#1321 = VECTOR ( 'NONE', #3368, 1000.000000000000000 ) ;
#1322 = ORIENTED_EDGE ( 'NONE', *, *, #2376, .T. ) ;
#1323 = VECTOR ( 'NONE', #2690, 1000.000000000000000 ) ;
#1324 = VERTEX_POINT ( 'NONE', #5769 ) ;
#1325 = DIRECTION ( 'NONE',  ( 1.000000000000000000, 0.000000000000000000, 0.000000000000000000 ) ) ;
#1326 = DIRECTION ( 'NONE',  ( -1.000000000000000000, 0.000000000000000000, 1.084202172485503961E-14 ) ) ;
#1327 = AXIS2_PLACEMENT_3D ( 'NONE', #1661, #6101, #4989 ) ;
#1328 = DIRECTION ( 'NONE',  ( 0.05233595624293795046, 0.9986295347545742773, -5.516594906701396738E-16 ) ) ;
#1329 = VECTOR ( 'NONE', #5799, 1000.000000000000000 ) ;
#1330 = DIRECTION ( 'NONE',  ( -1.000000000000000000, 0.000000000000000000, 1.052637691431445486E-14 ) ) ;
#1331 = CARTESIAN_POINT ( 'NONE',  ( -1.721904477684504053, 0.7600000000000000089, 1.460000000000018394 ) ) ;
#1332 = CARTESIAN_POINT ( 'NONE',  ( 1.499999999999984901, 0.5800000000000004041, -1.460000000000016174 ) ) ;
#1333 = DIRECTION ( 'NONE',  ( 1.047444401652940007E-14, 0.000000000000000000, 1.000000000000000000 ) ) ;
#1334 = ORIENTED_EDGE ( 'NONE', *, *, #3171, .F. ) ;
#1335 = DIRECTION ( 'NONE',  ( -1.031531367597048598E-14, 0.1736481776669307753, -0.9848077530122080203 ) ) ;
#1336 = AXIS2_PLACEMENT_3D ( 'NONE', #4035, #5838, #5209 ) ;
#1337 = PLANE ( 'NONE',  #5101 ) ;
#1338 = EDGE_CURVE ( 'NONE', #6485, #6050, #6660, .T. ) ;
#1339 = DIRECTION ( 'NONE',  ( -1.000000000000000000, 8.771980761928712715E-16, 1.052637691431445486E-14 ) ) ;
#1340 = LINE ( 'NONE', #3048, #4862 ) ;
#1341 = AXIS2_PLACEMENT_3D ( 'NONE', #7068, #1552, #1004 ) ;
#1342 = SURFACE_STYLE_USAGE ( .BOTH. , #5751 ) ;
#1343 = DIRECTION ( 'NONE',  ( -1.000000000000000000, 0.000000000000000000, 1.047444401652940007E-14 ) ) ;
#1344 = CARTESIAN_POINT ( 'NONE',  ( -2.440579527876256982, -2.168404344971008868E-16, 1.460000000000025944 ) ) ;
#1345 = CARTESIAN_POINT ( 'NONE',  ( -1.985018411504558600, 0.5757656401311880279, 1.460000000000021281 ) ) ;
#1346 = ORIENTED_EDGE ( 'NONE', *, *, #3361, .T. ) ;
#1347 = FACE_OUTER_BOUND ( 'NONE', #5013, .T. ) ;
#1348 = VERTEX_POINT ( 'NONE', #6896 ) ;
#1349 = EDGE_CURVE ( 'NONE', #5555, #6038, #6926, .T. ) ;
#1350 = VERTEX_POINT ( 'NONE', #6957 ) ;
#1351 = EDGE_LOOP ( 'NONE', ( #4872, #4086, #984, #5829 ) ) ;
#1352 = EDGE_CURVE ( 'NONE', #254, #557, #1393, .T. ) ;
#1353 = ADVANCED_FACE ( 'NONE', ( #6341 ), #1906, .F. ) ;
#1354 = FILL_AREA_STYLE ('',( #2997 ) ) ;
#1355 = DIRECTION ( 'NONE',  ( -1.047444401652940007E-14, -0.000000000000000000, -1.000000000000000000 ) ) ;
#1356 = VECTOR ( 'NONE', #4901, 1000.000000000000000 ) ;
#1357 = ORIENTED_EDGE ( 'NONE', *, *, #4787, .T. ) ;
#1358 = LINE ( 'NONE', #4059, #174 ) ;
#1359 = AXIS2_PLACEMENT_3D ( 'NONE', #6210, #6246, #4992 ) ;
#1360 = CARTESIAN_POINT ( 'NONE',  ( 1.721904477684517598, 0.4800000000000010369, -0.1600000000000180167 ) ) ;
#1361 = ADVANCED_FACE ( 'NONE', ( #2395 ), #3514, .F. ) ;
#1362 = CARTESIAN_POINT ( 'NONE',  ( -1.721904477684507384, 0.7600000000000000089, 1.140000000000018110 ) ) ;
#1363 = CARTESIAN_POINT ( 'NONE',  ( -1.440048826559142681, 1.100000000000000089, -1.959548826559108337 ) ) ;
#1364 = LINE ( 'NONE', #3630, #6327 ) ;
#1365 = LINE ( 'NONE', #1911, #2337 ) ;
#1366 = FACE_OUTER_BOUND ( 'NONE', #2838, .T. ) ;
#1367 = VERTEX_POINT ( 'NONE', #3661 ) ;
#1368 = CARTESIAN_POINT ( 'NONE',  ( -1.815873739763105066, 0.5142020143325679582, 0.4900000000000193645 ) ) ;
#1369 = VECTOR ( 'NONE', #1585, 1000.000000000000000 ) ;
#1370 = DIRECTION ( 'NONE',  ( 1.047444401652940007E-14, 0.000000000000000000, 1.000000000000000000 ) ) ;
#1371 = EDGE_LOOP ( 'NONE', ( #4534, #1117, #4363, #3720 ) ) ;
#1372 = DIRECTION ( 'NONE',  ( 1.000000000000000000, 0.000000000000000000, -1.047444401652940007E-14 ) ) ;
#1373 = DIRECTION ( 'NONE',  ( 1.000000000000000000, 0.000000000000000000, -1.047444401652940007E-14 ) ) ;
#1374 = VECTOR ( 'NONE', #5207, 1000.000000000000000 ) ;
#1375 = FACE_OUTER_BOUND ( 'NONE', #2310, .T. ) ;
#1376 = PLANE ( 'NONE',  #2456 ) ;
#1377 = EDGE_CURVE ( 'NONE', #4191, #2341, #4218, .T. ) ;
#1378 = DIRECTION ( 'NONE',  ( -1.047444401652940007E-14, 0.000000000000000000, -1.000000000000000000 ) ) ;
#1379 = ORIENTED_EDGE ( 'NONE', *, *, #5366, .F. ) ;
#1380 = DIRECTION ( 'NONE',  ( -0.000000000000000000, -1.000000000000000000, -0.000000000000000000 ) ) ;
#1381 = EDGE_LOOP ( 'NONE', ( #5225, #49, #1688, #2140, #3078, #2992, #6080, #793, #1126, #4903, #4343, #2808, #3108, #5263, #312, #789, #5884, #3792, #3877, #5243 ) ) ;
#1382 = LINE ( 'NONE', #6947, #1670 ) ;
#1383 = EDGE_CURVE ( 'NONE', #1904, #1993, #3556, .T. ) ;
#1384 = ORIENTED_EDGE ( 'NONE', *, *, #3088, .T. ) ;
#1385 = CARTESIAN_POINT ( 'NONE',  ( 1.500000000000018874, 0.7600000000000000089, 1.789999999999985159 ) ) ;
#1386 = VERTEX_POINT ( 'NONE', #4653 ) ;
#1387 = VECTOR ( 'NONE', #4636, 1000.000000000000000 ) ;
#1388 = ORIENTED_EDGE ( 'NONE', *, *, #5573, .F. ) ;
#1389 = EDGE_CURVE ( 'NONE', #244, #5832, #2500, .T. ) ;
#1390 = ORIENTED_EDGE ( 'NONE', *, *, #1156, .T. ) ;
#1391 = DIRECTION ( 'NONE',  ( 0.3420201433256684354, -0.9396926207859085389, -3.582470843790075770E-15 ) ) ;
#1392 = VECTOR ( 'NONE', #5377, 1000.000000000000114 ) ;
#1393 = LINE ( 'NONE', #752, #2218 ) ;
#1394 = DIRECTION ( 'NONE',  ( 1.000000000000000000, 0.000000000000000000, -1.047444401652940007E-14 ) ) ;
#1395 = VECTOR ( 'NONE', #6796, 1000.000000000000000 ) ;
#1396 = DIRECTION ( 'NONE',  ( 1.047444401652940007E-14, 0.000000000000000000, 1.000000000000000000 ) ) ;
#1397 = AXIS2_PLACEMENT_3D ( 'NONE', #300, #5219, #1924 ) ;
#1398 = LINE ( 'NONE', #6236, #4605 ) ;
#1399 = EDGE_CURVE ( 'NONE', #87, #6456, #3004, .T. ) ;
#1400 = EDGE_CURVE ( 'NONE', #4491, #1350, #1943, .T. ) ;
#1401 = LINE ( 'NONE', #4765, #4539 ) ;
#1402 = ORIENTED_EDGE ( 'NONE', *, *, #2365, .T. ) ;
#1403 = CARTESIAN_POINT ( 'NONE',  ( -2.079724199617747793, 0.3155636257986206283, -1.139999999999978586 ) ) ;
#1404 = ORIENTED_EDGE ( 'NONE', *, *, #7081, .F. ) ;
#1405 = EDGE_CURVE ( 'NONE', #5384, #416, #5204, .T. ) ;
#1406 = CARTESIAN_POINT ( 'NONE',  ( 1.721904477684521151, 0.5800000000000004041, 0.1599999999999819622 ) ) ;
#1407 = VECTOR ( 'NONE', #4498, 1000.000000000000000 ) ;
#1408 = VECTOR ( 'NONE', #1735, 1000.000000000000000 ) ;
#1409 = VECTOR ( 'NONE', #6223, 1000.000000000000114 ) ;
#1410 = LINE ( 'NONE', #3635, #2063 ) ;
#1411 = ORIENTED_EDGE ( 'NONE', *, *, #1822, .F. ) ;
#1412 = CARTESIAN_POINT ( 'NONE',  ( 2.449999999999999289, 0.1797533162558246356, -0.1600000000000254274 ) ) ;
#1413 = DIRECTION ( 'NONE',  ( -1.047444401652940007E-14, 0.000000000000000000, -1.000000000000000000 ) ) ;
#1414 = VECTOR ( 'NONE', #3236, 1000.000000000000000 ) ;
#1415 = VECTOR ( 'NONE', #4916, 1000.000000000000000 ) ;
#1416 = VECTOR ( 'NONE', #1011, 999.9999999999998863 ) ;
#1417 = LINE ( 'NONE', #3157, #2555 ) ;
#1418 = CARTESIAN_POINT ( 'NONE',  ( -2.449999999999982414, 0.1797533162558246356, 1.790000000000026015 ) ) ;
#1419 = DIRECTION ( 'NONE',  ( -1.047444401652940007E-14, -0.000000000000000000, -1.000000000000000000 ) ) ;
#1420 = ORIENTED_EDGE ( 'NONE', *, *, #546, .F. ) ;
#1421 = DIRECTION ( 'NONE',  ( -0.9986295347545742773, -0.05233595624293645165, 1.046008915503959065E-14 ) ) ;
#1422 = VERTEX_POINT ( 'NONE', #2972 ) ;
#1423 = FACE_OUTER_BOUND ( 'NONE', #1021, .T. ) ;
#1424 = AXIS2_PLACEMENT_3D ( 'NONE', #6043, #3287, #563 ) ;
#1425 = ORIENTED_EDGE ( 'NONE', *, *, #6657, .F. ) ;
#1426 = LINE ( 'NONE', #4375, #4445 ) ;
#1427 = CARTESIAN_POINT ( 'NONE',  ( -1.985018411504588576, 0.5757656401311880279, -1.459999999999979536 ) ) ;
#1428 = ORIENTED_EDGE ( 'NONE', *, *, #3748, .T. ) ;
#1429 = ORIENTED_EDGE ( 'NONE', *, *, #1095, .F. ) ;
#1430 = EDGE_LOOP ( 'NONE', ( #2126, #1678, #1832, #5934 ) ) ;
#1431 = AXIS2_PLACEMENT_3D ( 'NONE', #6905, #863, #4768 ) ;
#1432 = VERTEX_POINT ( 'NONE', #3623 ) ;
#1433 = CARTESIAN_POINT ( 'NONE',  ( -0.8672566730298806315, 1.000000000000000666, -1.490642050501199023 ) ) ;
#1434 = CARTESIAN_POINT ( 'NONE',  ( 1.440048826559101824, 1.100000000000000089, -1.959548826559138091 ) ) ;
#1435 = CLOSED_SHELL ( 'NONE', ( #6532, #3311, #5915, #511, #1267, #6766, #3553, #429, #5537, #5665, #6881, #2890, #2106, #3454 ) ) ;
#1436 = CARTESIAN_POINT ( 'NONE',  ( -1.499999999999988010, 0.7600000000000000089, 1.140000000000015890 ) ) ;
#1437 = LINE ( 'NONE', #6012, #107 ) ;
#1438 = VECTOR ( 'NONE', #5691, 1000.000000000000000 ) ;
#1439 = ORIENTED_EDGE ( 'NONE', *, *, #945, .F. ) ;
#1440 = DIRECTION ( 'NONE',  ( 0.9396926207859085389, 0.3420201433256684354, -9.842757749167790628E-15 ) ) ;
#1441 = VECTOR ( 'NONE', #4743, 1000.000000000000000 ) ;
#1442 = CARTESIAN_POINT ( 'NONE',  ( -1.217400630678597828, 1.000000000000000666, -1.490642050501195692 ) ) ;
#1443 = VERTEX_POINT ( 'NONE', #215 ) ;
#1444 = CARTESIAN_POINT ( 'NONE',  ( 1.721904477684531365, 0.7600000000000000089, 1.139999999999982361 ) ) ;
#1445 = ADVANCED_FACE ( 'NONE', ( #850 ), #2424, .F. ) ;
#1446 = ADVANCED_FACE ( 'NONE', ( #1869 ), #248, .F. ) ;
#1447 = LINE ( 'NONE', #925, #6711 ) ;
#1448 = LINE ( 'NONE', #4192, #6853 ) ;
#1449 = PLANE ( 'NONE',  #5823 ) ;
#1450 = DIRECTION ( 'NONE',  ( -1.000000000000000000, 0.000000000000000000, 1.045480666325307599E-14 ) ) ;
#1451 = CARTESIAN_POINT ( 'NONE',  ( -2.259012843649053970, 0.3808193555679768583, 1.790000000000024682 ) ) ;
#1452 = ORIENTED_EDGE ( 'NONE', *, *, #5723, .T. ) ;
#1453 = DIRECTION ( 'NONE',  ( -1.000000000000000000, -0.000000000000000000, 1.047444401652940007E-14 ) ) ;
#1454 = VECTOR ( 'NONE', #1758, 1000.000000000000000 ) ;
#1455 = ORIENTED_EDGE ( 'NONE', *, *, #950, .F. ) ;
#1456 = VECTOR ( 'NONE', #4221, 1000.000000000000000 ) ;
#1457 = DIRECTION ( 'NONE',  ( 1.047444401652940007E-14, -0.000000000000000000, 1.000000000000000000 ) ) ;
#1458 = DIRECTION ( 'NONE',  ( -1.047444401652940007E-14, 0.000000000000000000, -1.000000000000000000 ) ) ;
#1459 = EDGE_LOOP ( 'NONE', ( #4969, #6298, #126, #5683, #372, #4114, #304, #3238, #1411, #4049, #6666, #3321 ) ) ;
#1460 = CARTESIAN_POINT ( 'NONE',  ( -1.440048826559142681, 1.100000000000000089, -1.959548826559108337 ) ) ;
#1461 = ORIENTED_EDGE ( 'NONE', *, *, #3458, .T. ) ;
#1462 = VERTEX_POINT ( 'NONE', #4762 ) ;
#1463 = ORIENTED_EDGE ( 'NONE', *, *, #6508, .T. ) ;
#1464 = DIRECTION ( 'NONE',  ( -1.047444401652940007E-14, 0.000000000000000000, -1.000000000000000000 ) ) ;
#1465 = EDGE_CURVE ( 'NONE', #2023, #1607, #7129, .T. ) ;
#1466 = DIRECTION ( 'NONE',  ( -1.000000000000000000, 0.000000000000000000, 1.022859097168414451E-14 ) ) ;
#1467 = CARTESIAN_POINT ( 'NONE',  ( 2.259012843649085056, 0.3808193555679768583, 1.139999999999976588 ) ) ;
#1468 = DIRECTION ( 'NONE',  ( 1.000000000000000000, 0.000000000000000000, -1.047444401652940007E-14 ) ) ;
#1469 = EDGE_LOOP ( 'NONE', ( #6683, #1543, #4249, #2338 ) ) ;
#1470 = CARTESIAN_POINT ( 'NONE',  ( -2.259012843649060631, 0.3808193555679768583, 1.140000000000024105 ) ) ;
#1471 = ORIENTED_EDGE ( 'NONE', *, *, #2765, .T. ) ;
#1472 = FACE_OUTER_BOUND ( 'NONE', #2695, .T. ) ;
#1473 = ORIENTED_EDGE ( 'NONE', *, *, #4707, .F. ) ;
#1474 = EDGE_CURVE ( 'NONE', #5947, #9, #5331, .T. ) ;
#1475 = CARTESIAN_POINT ( 'NONE',  ( 2.440579527876284960, -2.168404344971008868E-16, 1.139999999999974811 ) ) ;
#1476 = ADVANCED_FACE ( 'NONE', ( #451 ), #4833, .F. ) ;
#1477 = LINE ( 'NONE', #2134, #5438 ) ;
#1478 = DIRECTION ( 'NONE',  ( -1.000000000000000000, -1.221473969113538888E-16, 1.047444401652940007E-14 ) ) ;
#1479 = DIRECTION ( 'NONE',  ( -0.000000000000000000, -1.000000000000000000, -0.000000000000000000 ) ) ;
#1480 = EDGE_CURVE ( 'NONE', #6295, #1970, #4388, .T. ) ;
#1481 = VECTOR ( 'NONE', #4702, 1000.000000000000000 ) ;
#1482 = CARTESIAN_POINT ( 'NONE',  ( 1.721904477684504053, 0.7600000000000000089, -1.460000000000018394 ) ) ;
#1483 = ORIENTED_EDGE ( 'NONE', *, *, #4971, .T. ) ;
#1484 = LINE ( 'NONE', #6942, #3767 ) ;
#1485 = EDGE_CURVE ( 'NONE', #3552, #5477, #258, .T. ) ;
#1486 = AXIS2_PLACEMENT_3D ( 'NONE', #2226, #7094, #2120 ) ;
#1487 = ORIENTED_EDGE ( 'NONE', *, *, #6880, .T. ) ;
#1488 = DIRECTION ( 'NONE',  ( 1.000000000000000000, 0.000000000000000000, -1.047444401652940007E-14 ) ) ;
#1489 = CARTESIAN_POINT ( 'NONE',  ( -2.239606933285929635, 0.01053252737922920866, 1.140000000000024105 ) ) ;
#1490 = ADVANCED_FACE ( 'NONE', ( #4319 ), #7029, .T. ) ;
#1491 = CARTESIAN_POINT ( 'NONE',  ( -0.7055000000000190008, 0.2400000000000004075, -1.772499999999993525 ) ) ;
#1492 = ORIENTED_EDGE ( 'NONE', *, *, #1595, .T. ) ;
#1493 = EDGE_CURVE ( 'NONE', #1993, #243, #5598, .T. ) ;
#1494 = CARTESIAN_POINT ( 'NONE',  ( 1.721904477684527812, 0.4800000000000010369, 0.8099999999999822897 ) ) ;
#1495 = VERTEX_POINT ( 'NONE', #1500 ) ;
#1496 = ORIENTED_EDGE ( 'NONE', *, *, #5268, .T. ) ;
#1497 = ORIENTED_EDGE ( 'NONE', *, *, #1493, .T. ) ;
#1498 = ORIENTED_EDGE ( 'NONE', *, *, #4828, .F. ) ;
#1499 = CARTESIAN_POINT ( 'NONE',  ( 1.721904477684504053, 0.4800000000000010369, -1.460000000000018394 ) ) ;
#1500 = CARTESIAN_POINT ( 'NONE',  ( -1.499999999999994893, 0.5800000000000004041, 0.4900000000000158118 ) ) ;
#1501 = PLANE ( 'NONE',  #6529 ) ;
#1502 = LINE ( 'NONE', #420, #662 ) ;
#1503 =( NAMED_UNIT ( * ) PLANE_ANGLE_UNIT ( ) SI_UNIT ( $, .RADIAN. ) );
#1504 = EDGE_LOOP ( 'NONE', ( #3887, #803, #2759, #3283 ) ) ;
#1505 = DIRECTION ( 'NONE',  ( 0.3420201433256684354, -0.9396926207859085389, -3.582470843790075770E-15 ) ) ;
#1506 = CIRCLE ( 'NONE', #4203, 0.2800000000000003042 ) ;
#1507 = FACE_OUTER_BOUND ( 'NONE', #4258, .T. ) ;
#1508 = ORIENTED_EDGE ( 'NONE', *, *, #4527, .T. ) ;
#1509 = CARTESIAN_POINT ( 'NONE',  ( 1.985018411504578584, 0.5757656401311880279, 0.4899999999999793965 ) ) ;
#1510 = VECTOR ( 'NONE', #2721, 1000.000000000000000 ) ;
#1511 = CARTESIAN_POINT ( 'NONE',  ( 2.079724199617730473, 0.3155636257986206283, -0.4900000000000219735 ) ) ;
#1512 = ORIENTED_EDGE ( 'NONE', *, *, #1571, .T. ) ;
#1513 = DIRECTION ( 'NONE',  ( -1.047444401652940007E-14, 0.000000000000000000, -1.000000000000000000 ) ) ;
#1514 = DIRECTION ( 'NONE',  ( -1.047444401652940007E-14, 0.000000000000000000, -1.000000000000000000 ) ) ;
#1515 = AXIS2_PLACEMENT_3D ( 'NONE', #1913, #4152, #889 ) ;
#1516 = PLANE ( 'NONE',  #5467 ) ;
#1517 = PLANE ( 'NONE',  #5814 ) ;
#1518 = AXIS2_PLACEMENT_3D ( 'NONE', #3745, #2097, #5420 ) ;
#1519 = ORIENTED_EDGE ( 'NONE', *, *, #4602, .F. ) ;
#1520 = DIRECTION ( 'NONE',  ( -0.05233595624293795046, 0.9986295347545742773, 5.516594906701396738E-16 ) ) ;
#1521 = AXIS2_PLACEMENT_3D ( 'NONE', #3587, #1328, #5797 ) ;
#1522 = VERTEX_POINT ( 'NONE', #3139 ) ;
#1523 = DIRECTION ( 'NONE',  ( 1.047444401652940007E-14, 0.000000000000000000, 1.000000000000000000 ) ) ;
#1524 = VECTOR ( 'NONE', #4720, 1000.000000000000000 ) ;
#1525 = DIRECTION ( 'NONE',  ( 0.05233595624293647941, 0.9986295347545742773, -5.481900437181704796E-16 ) ) ;
#1526 = MECHANICAL_DESIGN_GEOMETRIC_PRESENTATION_REPRESENTATION (  '', ( #6875 ), #2803 ) ;
#1527 = EDGE_CURVE ( 'NONE', #7091, #2980, #5975, .T. ) ;
#1528 = CARTESIAN_POINT ( 'NONE',  ( -1.499999999999994893, 0.7600000000000000089, 0.4900000000000158118 ) ) ;
#1529 = EDGE_LOOP ( 'NONE', ( #1711, #3547, #2216, #2281 ) ) ;
#1530 = ADVANCED_FACE ( 'NONE', ( #4937 ), #5399, .F. ) ;
#1531 = EDGE_CURVE ( 'NONE', #2517, #5259, #2663, .T. ) ;
#1532 = DIRECTION ( 'NONE',  ( -0.9396926207859079838, -0.3420201433256698786, 9.842757749167782739E-15 ) ) ;
#1533 = ORIENTED_EDGE ( 'NONE', *, *, #3261, .F. ) ;
#1534 = VECTOR ( 'NONE', #2845, 1000.000000000000000 ) ;
#1535 = EDGE_CURVE ( 'NONE', #465, #1745, #2119, .T. ) ;
#1536 = ORIENTED_EDGE ( 'NONE', *, *, #1279, .F. ) ;
#1537 = ORIENTED_EDGE ( 'NONE', *, *, #1226, .T. ) ;
#1538 = DIRECTION ( 'NONE',  ( -1.000000000000000000, 0.000000000000000000, 1.045327707463171542E-14 ) ) ;
#1539 = CARTESIAN_POINT ( 'NONE',  ( 2.239606933285940293, 0.01053252737922920866, -0.1600000000000234290 ) ) ;
#1540 = AXIS2_PLACEMENT_3D ( 'NONE', #3406, #1652, #65 ) ;
#1541 = CARTESIAN_POINT ( 'NONE',  ( 1.721904477684504053, 0.7600000000000000089, -1.460000000000018394 ) ) ;
#1542 = ORIENTED_EDGE ( 'NONE', *, *, #5794, .T. ) ;
#1543 = ORIENTED_EDGE ( 'NONE', *, *, #2006, .F. ) ;
#1544 = LINE ( 'NONE', #5409, #5285 ) ;
#1545 = CARTESIAN_POINT ( 'NONE',  ( 1.500000000000018874, 0.5800000000000004041, 1.789999999999985159 ) ) ;
#1546 = ORIENTED_EDGE ( 'NONE', *, *, #4053, .T. ) ;
#1547 = VECTOR ( 'NONE', #5265, 1000.000000000000114 ) ;
#1548 = CARTESIAN_POINT ( 'NONE',  ( -1.721904477684534696, 0.5800000000000004041, -1.459999999999982645 ) ) ;
#1549 = FACE_OUTER_BOUND ( 'NONE', #2750, .T. ) ;
#1550 = AXIS2_PLACEMENT_3D ( 'NONE', #387, #997, #349 ) ;
#1551 = CARTESIAN_POINT ( 'NONE',  ( -2.249027405409683045, 0.1902858436350523264, -1.139999999999976810 ) ) ;
#1552 = DIRECTION ( 'NONE',  ( 1.047444401652940007E-14, -0.000000000000000000, 1.000000000000000000 ) ) ;
#1553 = VECTOR ( 'NONE', #540, 1000.000000000000000 ) ;
#1554 = PLANE ( 'NONE',  #4895 ) ;
#1555 = CARTESIAN_POINT ( 'NONE',  ( 0.7055000000000156701, 0.3399999999999998024, 1.422499999999993214 ) ) ;
#1556 = DIRECTION ( 'NONE',  ( -1.000000000000000000, 0.000000000000000000, 1.052637691431445486E-14 ) ) ;
#1557 = EDGE_CURVE ( 'NONE', #1138, #7091, #6447, .T. ) ;
#1558 = ORIENTED_EDGE ( 'NONE', *, *, #3975, .F. ) ;
#1559 = DIRECTION ( 'NONE',  ( -0.000000000000000000, -1.000000000000000000, -0.000000000000000000 ) ) ;
#1560 = FACE_OUTER_BOUND ( 'NONE', #5657, .T. ) ;
#1561 = LINE ( 'NONE', #1130, #5746 ) ;
#1562 = VERTEX_POINT ( 'NONE', #417 ) ;
#1563 = LINE ( 'NONE', #4415, #5963 ) ;
#1564 = VERTEX_POINT ( 'NONE', #989 ) ;
#1565 = VERTEX_POINT ( 'NONE', #3725 ) ;
#1566 = EDGE_LOOP ( 'NONE', ( #5176, #5421, #699, #4253 ) ) ;
#1567 = AXIS2_PLACEMENT_3D ( 'NONE', #2576, #462, #2676 ) ;
#1568 = ADVANCED_FACE ( 'NONE', ( #7056 ), #6041, .F. ) ;
#1569 = ORIENTED_EDGE ( 'NONE', *, *, #5340, .F. ) ;
#1570 = VERTEX_POINT ( 'NONE', #3691 ) ;
#1571 = EDGE_CURVE ( 'NONE', #1281, #2023, #3210, .T. ) ;
#1572 = DIRECTION ( 'NONE',  ( -1.047444401652940007E-14, 0.000000000000000000, -1.000000000000000000 ) ) ;
#1573 = LINE ( 'NONE', #3798, #3130 ) ;
#1574 = CARTESIAN_POINT ( 'NONE',  ( -1.499999999999998446, 0.7600000000000000089, 0.1600000000000157130 ) ) ;
#1575 = DIRECTION ( 'NONE',  ( 1.047444401652940007E-14, 0.000000000000000000, 1.000000000000000000 ) ) ;
#1576 = ORIENTED_EDGE ( 'NONE', *, *, #3530, .F. ) ;
#1577 = ORIENTED_EDGE ( 'NONE', *, *, #5161, .F. ) ;
#1578 = DIRECTION ( 'NONE',  ( -0.3420201433256684354, 0.9396926207859085389, 3.582470843790075770E-15 ) ) ;
#1579 = ORIENTED_EDGE ( 'NONE', *, *, #6283, .F. ) ;
#1580 = EDGE_CURVE ( 'NONE', #6568, #1367, #3619, .T. ) ;
#1581 = FACE_OUTER_BOUND ( 'NONE', #3278, .T. ) ;
#1582 = VERTEX_POINT ( 'NONE', #4285 ) ;
#1583 = EDGE_LOOP ( 'NONE', ( #1232, #3073, #3545, #444 ) ) ;
#1584 = CARTESIAN_POINT ( 'NONE',  ( -1.856595201929836809E-14, 0.2400000000000004075, -1.772500000000000631 ) ) ;
#1585 = DIRECTION ( 'NONE',  ( -1.047444401652940007E-14, 9.180960198749550161E-18, -1.000000000000000000 ) ) ;
#1586 = FACE_OUTER_BOUND ( 'NONE', #5043, .T. ) ;
#1587 = CYLINDRICAL_SURFACE ( 'NONE', #3199, 0.3707949898354946372 ) ;
#1588 = CARTESIAN_POINT ( 'NONE',  ( -2.440579527876284960, -2.168404344971008868E-16, -1.139999999999974811 ) ) ;
#1589 = ORIENTED_EDGE ( 'NONE', *, *, #305, .F. ) ;
#1590 = DIRECTION ( 'NONE',  ( -0.05233595624293645165, -0.9986295347545742773, 5.481900437181702824E-16 ) ) ;
#1591 = VECTOR ( 'NONE', #5029, 1000.000000000000000 ) ;
#1592 = VERTEX_POINT ( 'NONE', #2157 ) ;
#1593 = LINE ( 'NONE', #3273, #5159 ) ;
#1594 = DIRECTION ( 'NONE',  ( 0.9396926207859085389, 0.3420201433256684354, -9.842757749167790628E-15 ) ) ;
#1595 = EDGE_CURVE ( 'NONE', #5094, #4935, #914, .T. ) ;
#1596 = DIRECTION ( 'NONE',  ( 1.047444401652940007E-14, -0.000000000000000000, 1.000000000000000000 ) ) ;
#1597 = ORIENTED_EDGE ( 'NONE', *, *, #211, .T. ) ;
#1598 = VECTOR ( 'NONE', #5596, 1000.000000000000000 ) ;
#1599 = CARTESIAN_POINT ( 'NONE',  ( -2.249027405409658620, 0.1902858436350523264, 1.140000000000024105 ) ) ;
#1600 = EDGE_LOOP ( 'NONE', ( #4930, #4468, #973, #362 ) ) ;
#1601 = EDGE_CURVE ( 'NONE', #3889, #520, #5512, .T. ) ;
#1602 = VERTEX_POINT ( 'NONE', #3879 ) ;
#1603 = ORIENTED_EDGE ( 'NONE', *, *, #3361, .F. ) ;
#1604 = DIRECTION ( 'NONE',  ( -1.047444401652940007E-14, 0.000000000000000000, -1.000000000000000000 ) ) ;
#1605 = CARTESIAN_POINT ( 'NONE',  ( -2.259012843649088165, 0.3808193555679768583, -1.459999999999976872 ) ) ;
#1606 = DIRECTION ( 'NONE',  ( 1.064097747022317355E-14, 1.836192039749910648E-17, 1.000000000000000000 ) ) ;
#1607 = VERTEX_POINT ( 'NONE', #7164 ) ;
#1608 = DIRECTION ( 'NONE',  ( 1.047444401652940007E-14, -0.000000000000000000, 1.000000000000000000 ) ) ;
#1609 = ADVANCED_FACE ( 'NONE', ( #6626 ), #6083, .T. ) ;
#1610 = DIRECTION ( 'NONE',  ( 0.9986295347545742773, -0.05233595624293795739, -1.046008915503958907E-14 ) ) ;
#1611 = EDGE_LOOP ( 'NONE', ( #3656, #5936, #2304, #937 ) ) ;
#1612 = DIRECTION ( 'NONE',  ( 1.047444401652940007E-14, -0.000000000000000000, 1.000000000000000000 ) ) ;
#1613 = ORIENTED_EDGE ( 'NONE', *, *, #2688, .T. ) ;
#1614 = VERTEX_POINT ( 'NONE', #4972 ) ;
#1615 = DIRECTION ( 'NONE',  ( -1.047444401652940007E-14, 0.000000000000000000, -1.000000000000000000 ) ) ;
#1616 = DIRECTION ( 'NONE',  ( -0.9986295347545742773, 0.05233595624293646553, 1.040457800380833282E-14 ) ) ;
#1617 = EDGE_CURVE ( 'NONE', #1312, #123, #4420, .T. ) ;
#1618 = EDGE_CURVE ( 'NONE', #5639, #3889, #711, .T. ) ;
#1619 = CARTESIAN_POINT ( 'NONE',  ( -1.721904477684500723, 0.5800000000000004041, 1.790000000000018465 ) ) ;
#1620 = ADVANCED_FACE ( 'NONE', ( #2885 ), #1794, .F. ) ;
#1621 = LINE ( 'NONE', #4479, #250 ) ;
#1622 = ORIENTED_EDGE ( 'NONE', *, *, #1474, .F. ) ;
#1623 = AXIS2_PLACEMENT_3D ( 'NONE', #3486, #190, #6862 ) ;
#1624 = FACE_OUTER_BOUND ( 'NONE', #6279, .T. ) ;
#1625 = CARTESIAN_POINT ( 'NONE',  ( 0.9455000000000188809, 0.2400000000000004075, 1.772499999999990861 ) ) ;
#1626 = ORIENTED_EDGE ( 'NONE', *, *, #2482, .T. ) ;
#1627 = DIRECTION ( 'NONE',  ( -0.9848077530122080203, 0.1736481776669307753, 1.042633597843300321E-14 ) ) ;
#1628 = DIRECTION ( 'NONE',  ( 1.047444401652940007E-14, -0.000000000000000000, 1.000000000000000000 ) ) ;
#1629 = VECTOR ( 'NONE', #6455, 1000.000000000000000 ) ;
#1630 = VECTOR ( 'NONE', #5460, 1000.000000000000000 ) ;
#1631 = LINE ( 'NONE', #3752, #1978 ) ;
#1632 = CYLINDRICAL_SURFACE ( 'NONE', #6549, 0.1907949898354945883 ) ;
#1633 = EDGE_LOOP ( 'NONE', ( #2578, #1379, #5248, #2586 ) ) ;
#1634 = VECTOR ( 'NONE', #5116, 1000.000000000000000 ) ;
#1635 = AXIS2_PLACEMENT_3D ( 'NONE', #6961, #1841, #2939 ) ;
#1636 = DIRECTION ( 'NONE',  ( 1.047444401652940007E-14, 0.000000000000000000, 1.000000000000000000 ) ) ;
#1637 = VERTEX_POINT ( 'NONE', #6296 ) ;
#1638 = ORIENTED_EDGE ( 'NONE', *, *, #815, .F. ) ;
#1639 = VECTOR ( 'NONE', #3163, 1000.000000000000000 ) ;
#1640 = VERTEX_POINT ( 'NONE', #5194 ) ;
#1641 = ORIENTED_EDGE ( 'NONE', *, *, #5291, .F. ) ;
#1642 = DIRECTION ( 'NONE',  ( -0.1736481776669307753, 0.9848077530122080203, 1.804990327736802742E-15 ) ) ;
#1643 = PLANE ( 'NONE',  #3253 ) ;
#1644 = LINE ( 'NONE', #6086, #6650 ) ;
#1645 = ORIENTED_EDGE ( 'NONE', *, *, #2015, .T. ) ;
#1646 = CARTESIAN_POINT ( 'NONE',  ( -2.259012843649057523, 0.3808193555679768583, 1.460000000000023945 ) ) ;
#1647 = DIRECTION ( 'NONE',  ( -1.000000000000000000, -0.000000000000000000, 1.047444401652940007E-14 ) ) ;
#1648 = ORIENTED_EDGE ( 'NONE', *, *, #5007, .T. ) ;
#1649 = CARTESIAN_POINT ( 'NONE',  ( -0.9454999999999869065, 0.2400000000000004075, 1.272500000000010623 ) ) ;
#1650 = LINE ( 'NONE', #6093, #1321 ) ;
#1651 = AXIS2_PLACEMENT_3D ( 'NONE', #853, #7030, #1394 ) ;
#1652 = DIRECTION ( 'NONE',  ( 0.000000000000000000, 1.000000000000000000, 0.000000000000000000 ) ) ;
#1653 = VECTOR ( 'NONE', #5922, 1000.000000000000000 ) ;
#1654 = CIRCLE ( 'NONE', #2369, 0.1907949898354945883 ) ;
#1655 = DIRECTION ( 'NONE',  ( -0.9986295347545742773, -0.05233595624293645165, 1.046008915503959065E-14 ) ) ;
#1656 = FACE_OUTER_BOUND ( 'NONE', #4076, .T. ) ;
#1657 = VECTOR ( 'NONE', #5014, 999.9999999999998863 ) ;
#1658 = CARTESIAN_POINT ( 'NONE',  ( 2.259012843649091273, 0.3808193555679768583, 1.789999999999977165 ) ) ;
#1659 = ORIENTED_EDGE ( 'NONE', *, *, #5669, .T. ) ;
#1660 = EDGE_CURVE ( 'NONE', #6453, #2745, #4021, .T. ) ;
#1661 = CARTESIAN_POINT ( 'NONE',  ( -2.259012843649088165, 0.3808193555679768583, -1.459999999999976872 ) ) ;
#1662 = EDGE_CURVE ( 'NONE', #3644, #918, #1247, .T. ) ;
#1663 = AXIS2_PLACEMENT_3D ( 'NONE', #3572, #800, #2087 ) ;
#1664 = CARTESIAN_POINT ( 'NONE',  ( -2.440579527876274302, -2.168404344971008868E-16, -0.1599999999999744127 ) ) ;
#1665 = MANIFOLD_SOLID_BREP ( 'LPattern1[9]', #5743 ) ;
#1666 = CLOSED_SHELL ( 'NONE', ( #5895, #6233, #4690, #3678, #4925, #374, #6866, #2689, #4135, #1490, #6466, #1620, #7123, #4301 ) ) ;
#1667 = ORIENTED_EDGE ( 'NONE', *, *, #4111, .F. ) ;
#1668 = DIRECTION ( 'NONE',  ( -1.000000000000000000, -0.000000000000000000, 1.047444401652940007E-14 ) ) ;
#1669 = CARTESIAN_POINT ( 'NONE',  ( -1.332873001103366332E-14, 0.3399999999999998024, -1.272500000000000187 ) ) ;
#1670 = VECTOR ( 'NONE', #4820, 1000.000000000000000 ) ;
#1671 = DIRECTION ( 'NONE',  ( -1.047444401652940007E-14, 0.000000000000000000, -1.000000000000000000 ) ) ;
#1672 = VECTOR ( 'NONE', #1738, 1000.000000000000000 ) ;
#1673 = CARTESIAN_POINT ( 'NONE',  ( 1.500000000000022204, 0.5800000000000004041, 2.019499999999984752 ) ) ;
#1674 = VERTEX_POINT ( 'NONE', #6813 ) ;
#1675 = VECTOR ( 'NONE', #4508, 1000.000000000000114 ) ;
#1676 = DIRECTION ( 'NONE',  ( 1.000000000000000000, -3.664421907340616418E-16, -1.047444401652940007E-14 ) ) ;
#1677 = EDGE_LOOP ( 'NONE', ( #6170, #2840, #6923, #5577 ) ) ;
#1678 = ORIENTED_EDGE ( 'NONE', *, *, #1926, .F. ) ;
#1679 = ORIENTED_EDGE ( 'NONE', *, *, #1969, .F. ) ;
#1680 = EDGE_LOOP ( 'NONE', ( #1215, #3945, #536, #5617 ) ) ;
#1681 = DIRECTION ( 'NONE',  ( 1.000000000000000000, 0.000000000000000000, -1.047444401652940007E-14 ) ) ;
#1682 = CARTESIAN_POINT ( 'NONE',  ( 1.721904477684537804, 0.4800000000000010369, 1.789999999999982716 ) ) ;
#1683 = ORIENTED_EDGE ( 'NONE', *, *, #648, .T. ) ;
#1684 = DIRECTION ( 'NONE',  ( -0.000000000000000000, -1.000000000000000000, -0.000000000000000000 ) ) ;
#1685 = VECTOR ( 'NONE', #1840, 1000.000000000000000 ) ;
#1686 = ADVANCED_FACE ( 'NONE', ( #4608 ), #6332, .F. ) ;
#1687 = DIRECTION ( 'NONE',  ( -1.047444401652940007E-14, 0.000000000000000000, -1.000000000000000000 ) ) ;
#1688 = ORIENTED_EDGE ( 'NONE', *, *, #874, .F. ) ;
#1689 = ORIENTED_EDGE ( 'NONE', *, *, #1170, .T. ) ;
#1690 = FACE_OUTER_BOUND ( 'NONE', #6768, .T. ) ;
#1691 = CARTESIAN_POINT ( 'NONE',  ( 2.259012843649060631, 0.3808193555679768583, -1.140000000000024105 ) ) ;
#1692 = DIRECTION ( 'NONE',  ( -0.000000000000000000, -1.000000000000000000, -0.000000000000000000 ) ) ;
#1693 = EDGE_CURVE ( 'NONE', #161, #2498, #1213, .T. ) ;
#1694 = FACE_OUTER_BOUND ( 'NONE', #308, .T. ) ;
#1695 = ORIENTED_EDGE ( 'NONE', *, *, #6226, .T. ) ;
#1696 = LINE ( 'NONE', #2319, #4699 ) ;
#1697 = MANIFOLD_SOLID_BREP ( 'LPattern1[1]', #5389 ) ;
#1698 = VERTEX_POINT ( 'NONE', #806 ) ;
#1699 = DIRECTION ( 'NONE',  ( -1.047444401652940007E-14, 0.000000000000000000, -1.000000000000000000 ) ) ;
#1700 = CARTESIAN_POINT ( 'NONE',  ( 1.721904477684527812, 0.5800000000000004041, 0.8099999999999822897 ) ) ;
#1701 = ADVANCED_FACE ( 'NONE', ( #4751 ), #774, .F. ) ;
#1702 = CARTESIAN_POINT ( 'NONE',  ( 1.499999999999994893, 0.4800000000000010369, -0.4900000000000158118 ) ) ;
#1703 = FACE_OUTER_BOUND ( 'NONE', #5816, .T. ) ;
#1704 = EDGE_LOOP ( 'NONE', ( #2779, #1783, #3144, #3733 ) ) ;
#1705 = DIRECTION ( 'NONE',  ( -1.047444401652940007E-14, 0.000000000000000000, -1.000000000000000000 ) ) ;
#1706 = EDGE_LOOP ( 'NONE', ( #5362, #5649, #505, #4567 ) ) ;
#1707 = EDGE_CURVE ( 'NONE', #2745, #3901, #7111, .T. ) ;
#1708 = ADVANCED_FACE ( 'NONE', ( #7149 ), #6364, .F. ) ;
#1709 = EDGE_CURVE ( 'NONE', #6087, #6256, #1426, .T. ) ;
#1710 = EDGE_LOOP ( 'NONE', ( #447, #1105, #6005, #2829 ) ) ;
#1711 = ORIENTED_EDGE ( 'NONE', *, *, #7176, .F. ) ;
#1712 = VECTOR ( 'NONE', #6243, 1000.000000000000000 ) ;
#1713 = FACE_OUTER_BOUND ( 'NONE', #580, .T. ) ;
#1714 = DIRECTION ( 'NONE',  ( 1.047444401652940007E-14, 0.000000000000000000, 1.000000000000000000 ) ) ;
#1715 = ORIENTED_EDGE ( 'NONE', *, *, #4658, .F. ) ;
#1716 = DIRECTION ( 'NONE',  ( 0.3420201433256684354, 0.9396926207859085389, -3.582470843790075770E-15 ) ) ;
#1717 = ORIENTED_EDGE ( 'NONE', *, *, #2662, .T. ) ;
#1718 = DIRECTION ( 'NONE',  ( -1.064097747022317355E-14, 0.000000000000000000, -1.000000000000000000 ) ) ;
#1719 = DIRECTION ( 'NONE',  ( -1.000000000000000000, 1.742467777208845933E-15, 1.045480666325307599E-14 ) ) ;
#1720 = MANIFOLD_SOLID_BREP ( 'LPattern1[10]', #47 ) ;
#1721 = DIRECTION ( 'NONE',  ( 0.05233595624293795046, 0.9986295347545742773, -5.516594906701396738E-16 ) ) ;
#1722 = DIRECTION ( 'NONE',  ( -1.000000000000000000, 1.742467777208845933E-15, 1.045480666325307599E-14 ) ) ;
#1723 = PLANE ( 'NONE',  #226 ) ;
#1724 = DIRECTION ( 'NONE',  ( 1.047444401652940007E-14, 0.000000000000000000, 1.000000000000000000 ) ) ;
#1725 = ORIENTED_EDGE ( 'NONE', *, *, #6824, .T. ) ;
#1726 = DIRECTION ( 'NONE',  ( 1.047444401652940007E-14, 0.000000000000000000, 1.000000000000000000 ) ) ;
#1727 = CYLINDRICAL_SURFACE ( 'NONE', #1042, 0.1750719788243585429 ) ;
#1728 = ORIENTED_EDGE ( 'NONE', *, *, #4411, .F. ) ;
#1729 = DIRECTION ( 'NONE',  ( 0.3420201433256684354, 0.9396926207859085389, -3.582470843790075770E-15 ) ) ;
#1730 = EDGE_CURVE ( 'NONE', #6558, #3618, #2176, .T. ) ;
#1731 = DIRECTION ( 'NONE',  ( -1.047444401652940007E-14, -9.180960198749550161E-18, -1.000000000000000000 ) ) ;
#1732 = ORIENTED_EDGE ( 'NONE', *, *, #96, .F. ) ;
#1733 = DIRECTION ( 'NONE',  ( 0.000000000000000000, 1.000000000000000000, 0.000000000000000000 ) ) ;
#1734 = DIRECTION ( 'NONE',  ( -1.047444401652940007E-14, 0.000000000000000000, -1.000000000000000000 ) ) ;
#1735 = DIRECTION ( 'NONE',  ( 1.047444401652940007E-14, 0.000000000000000000, 1.000000000000000000 ) ) ;
#1736 = DIRECTION ( 'NONE',  ( -0.3420201433256698786, 0.9396926207859079838, 3.582470843790090758E-15 ) ) ;
#1737 = VECTOR ( 'NONE', #6688, 1000.000000000000000 ) ;
#1738 = DIRECTION ( 'NONE',  ( -0.000000000000000000, -1.000000000000000000, -0.000000000000000000 ) ) ;
#1739 = MECHANICAL_DESIGN_GEOMETRIC_PRESENTATION_REPRESENTATION (  '', ( #4549 ), #3609 ) ;
#1740 = PLANE ( 'NONE',  #286 ) ;
#1741 = VERTEX_POINT ( 'NONE', #2493 ) ;
#1742 = VERTEX_POINT ( 'NONE', #6611 ) ;
#1743 = EDGE_CURVE ( 'NONE', #6234, #4686, #2103, .T. ) ;
#1744 = VERTEX_POINT ( 'NONE', #1046 ) ;
#1745 = VERTEX_POINT ( 'NONE', #879 ) ;
#1746 = ORIENTED_EDGE ( 'NONE', *, *, #6621, .T. ) ;
#1747 = STYLED_ITEM ( 'NONE', ( #4079 ), #6494 ) ;
#1748 = EDGE_CURVE ( 'NONE', #4100, #4545, #5024, .T. ) ;
#1749 = EDGE_CURVE ( 'NONE', #6037, #5861, #4883, .T. ) ;
#1750 = DIRECTION ( 'NONE',  ( 0.3420201433256684354, -0.9396926207859085389, -3.582470843790075770E-15 ) ) ;
#1751 = FACE_OUTER_BOUND ( 'NONE', #1529, .T. ) ;
#1752 = ORIENTED_EDGE ( 'NONE', *, *, #4483, .T. ) ;
#1753 = VECTOR ( 'NONE', #5459, 1000.000000000000000 ) ;
#1754 = CIRCLE ( 'NONE', #3626, 0.2800000000000000822 ) ;
#1755 = MECHANICAL_DESIGN_GEOMETRIC_PRESENTATION_REPRESENTATION (  '', ( #4913 ), #1177 ) ;
#1756 = DIRECTION ( 'NONE',  ( -1.047444401652940007E-14, 0.000000000000000000, -1.000000000000000000 ) ) ;
#1757 = ORIENTED_EDGE ( 'NONE', *, *, #6880, .F. ) ;
#1758 = DIRECTION ( 'NONE',  ( 1.047444401652940007E-14, 0.000000000000000000, 1.000000000000000000 ) ) ;
#1759 = DIRECTION ( 'NONE',  ( 1.236182315839216618E-14, -0.000000000000000000, 1.000000000000000000 ) ) ;
#1760 = CARTESIAN_POINT ( 'NONE',  ( -1.815873739763098405, 0.5142020143325679582, 1.140000000000019442 ) ) ;
#1761 = DIRECTION ( 'NONE',  ( 1.047444401652940007E-14, 0.000000000000000000, 1.000000000000000000 ) ) ;
#1762 = CARTESIAN_POINT ( 'NONE',  ( 0.000000000000000000, 0.3399999999999998024, 0.000000000000000000 ) ) ;
#1763 = EDGE_LOOP ( 'NONE', ( #1316, #1322, #554, #3358, #4968, #2235, #3716, #4998, #4821, #2434, #6437, #2455 ) ) ;
#1764 = CARTESIAN_POINT ( 'NONE',  ( -0.7055000000000156701, 0.3399999999999998024, -1.422499999999993214 ) ) ;
#1765 = EDGE_LOOP ( 'NONE', ( #893, #4927, #89, #6077 ) ) ;
#1766 = SURFACE_SIDE_STYLE ('',( #6754 ) ) ;
#1767 = VECTOR ( 'NONE', #754, 1000.000000000000000 ) ;
#1768 = ORIENTED_EDGE ( 'NONE', *, *, #3327, .T. ) ;
#1769 = CARTESIAN_POINT ( 'NONE',  ( -2.259012843649053970, 0.3808193555679768583, 1.790000000000024682 ) ) ;
#1770 = DIRECTION ( 'NONE',  ( 1.000000000000000000, 0.000000000000000000, -1.047444401652940007E-14 ) ) ;
#1771 = EDGE_LOOP ( 'NONE', ( #4014, #237, #5072, #6920 ) ) ;
#1772 = DIRECTION ( 'NONE',  ( -0.000000000000000000, -1.000000000000000000, -0.000000000000000000 ) ) ;
#1773 = AXIS2_PLACEMENT_3D ( 'NONE', #426, #1033, #391 ) ;
#1774 = PLANE ( 'NONE',  #1359 ) ;
#1775 = UNCERTAINTY_MEASURE_WITH_UNIT (LENGTH_MEASURE( 1.000000000000000082E-05 ), #4671, 'distance_accuracy_value', 'NONE');
#1776 = CARTESIAN_POINT ( 'NONE',  ( 0.9455000000000002292, 0.3399999999999998024, -9.903586817628550255E-15 ) ) ;
#1777 = CARTESIAN_POINT ( 'NONE',  ( 1.489989661351307806E-14, 0.2400000000000004075, 1.422500000000000542 ) ) ;
#1778 = AXIS2_PLACEMENT_3D ( 'NONE', #1144, #6600, #2778 ) ;
#1779 = ADVANCED_FACE ( 'NONE', ( #470 ), #842, .T. ) ;
#1780 = FACE_OUTER_BOUND ( 'NONE', #4600, .T. ) ;
#1781 = VECTOR ( 'NONE', #1391, 1000.000000000000000 ) ;
#1782 = CARTESIAN_POINT ( 'NONE',  ( -1.042328651854239396, 1.100000000000000089, -1.490642050501197247 ) ) ;
#1783 = ORIENTED_EDGE ( 'NONE', *, *, #2444, .F. ) ;
#1784 = AXIS2_PLACEMENT_3D ( 'NONE', #602, #5586, #2164 ) ;
#1785 = ORIENTED_EDGE ( 'NONE', *, *, #2162, .T. ) ;
#1786 = VERTEX_POINT ( 'NONE', #7076 ) ;
#1787 = AXIS2_PLACEMENT_3D ( 'NONE', #363, #3090, #935 ) ;
#1788 = VECTOR ( 'NONE', #1724, 1000.000000000000000 ) ;
#1789 = EDGE_CURVE ( 'NONE', #352, #5893, #508, .T. ) ;
#1790 = EDGE_LOOP ( 'NONE', ( #1641, #4395, #2593, #1498 ) ) ;
#1791 = ORIENTED_EDGE ( 'NONE', *, *, #2649, .T. ) ;
#1792 = ORIENTED_EDGE ( 'NONE', *, *, #2429, .T. ) ;
#1793 = EDGE_CURVE ( 'NONE', #1522, #167, #2724, .T. ) ;
#1794 = CYLINDRICAL_SURFACE ( 'NONE', #825, 0.1000000000000000472 ) ;
#1795 = CARTESIAN_POINT ( 'NONE',  ( -1.910579527876277606, 0.2540000000000005587, -0.4899999999999800071 ) ) ;
#1796 = VERTEX_POINT ( 'NONE', #1625 ) ;
#1797 = EDGE_CURVE ( 'NONE', #695, #4191, #3861, .T. ) ;
#1798 = ADVANCED_FACE ( 'NONE', ( #6169 ), #4446, .F. ) ;
#1799 = CARTESIAN_POINT ( 'NONE',  ( -2.239606933285957169, 0.01053252737922920866, -1.459999999999976872 ) ) ;
#1800 = DIRECTION ( 'NONE',  ( 0.05233595624293645165, -0.9986295347545742773, -5.481900437181702824E-16 ) ) ;
#1801 = ORIENTED_EDGE ( 'NONE', *, *, #5887, .F. ) ;
#1802 = CARTESIAN_POINT ( 'NONE',  ( 1.500000000000011990, 0.7600000000000000089, 1.139999999999984581 ) ) ;
#1803 = DIRECTION ( 'NONE',  ( 0.000000000000000000, 1.000000000000000000, 0.000000000000000000 ) ) ;
#1804 = DIRECTION ( 'NONE',  ( 1.236182315839216618E-14, 0.000000000000000000, 1.000000000000000000 ) ) ;
#1805 = PRESENTATION_LAYER_ASSIGNMENT (  '', '', ( #5978 ) ) ;
#1806 = ORIENTED_EDGE ( 'NONE', *, *, #611, .T. ) ;
#1807 = CYLINDRICAL_SURFACE ( 'NONE', #7121, 0.2800000000000000822 ) ;
#1808 = DIRECTION ( 'NONE',  ( 1.047444401652940007E-14, -0.000000000000000000, 1.000000000000000000 ) ) ;
#1809 = EDGE_CURVE ( 'NONE', #1058, #5094, #5532, .T. ) ;
#1810 = CARTESIAN_POINT ( 'NONE',  ( -1.500000000000015321, 0.7600000000000000089, -1.459999999999984643 ) ) ;
#1811 = COLOUR_RGB ( '',0.7921568627450980005, 0.8196078431372548767, 0.9333333333333333481 ) ;
#1812 = EDGE_CURVE ( 'NONE', #6977, #2341, #5025, .T. ) ;
#1813 = DIRECTION ( 'NONE',  ( 1.047444401652940007E-14, 0.000000000000000000, 1.000000000000000000 ) ) ;
#1814 = EDGE_CURVE ( 'NONE', #5394, #3963, #2250, .T. ) ;
#1815 = ORIENTED_EDGE ( 'NONE', *, *, #1465, .T. ) ;
#1816 = CARTESIAN_POINT ( 'NONE',  ( -0.8672566730298808535, 1.000000000000000666, -1.490642050501199023 ) ) ;
#1817 = DIRECTION ( 'NONE',  ( 1.047444401652940007E-14, 0.000000000000000000, 1.000000000000000000 ) ) ;
#1818 = DIRECTION ( 'NONE',  ( -0.000000000000000000, -1.000000000000000000, -0.000000000000000000 ) ) ;
#1819 = DIRECTION ( 'NONE',  ( 0.9986295347545742773, 0.05233595624293647247, -1.046008915503959065E-14 ) ) ;
#1820 = DIRECTION ( 'NONE',  ( -1.000000000000000000, 0.000000000000000000, 1.047444401652940007E-14 ) ) ;
#1821 = ORIENTED_EDGE ( 'NONE', *, *, #4435, .T. ) ;
#1822 = EDGE_CURVE ( 'NONE', #6717, #4526, #39, .T. ) ;
#1823 = ORIENTED_EDGE ( 'NONE', *, *, #2102, .T. ) ;
#1824 = MANIFOLD_SOLID_BREP ( 'Boss-Extrude5', #3057 ) ;
#1825 = ORIENTED_EDGE ( 'NONE', *, *, #565, .F. ) ;
#1826 = ORIENTED_EDGE ( 'NONE', *, *, #685, .F. ) ;
#1827 = VERTEX_POINT ( 'NONE', #6208 ) ;
#1828 = CARTESIAN_POINT ( 'NONE',  ( 0.9454999999999869065, 0.2400000000000004075, -1.272500000000010623 ) ) ;
#1829 = CARTESIAN_POINT ( 'NONE',  ( 0.9454999999999817994, 0.2400000000000004075, -1.772500000000010623 ) ) ;
#1830 = VERTEX_POINT ( 'NONE', #5672 ) ;
#1831 = EDGE_CURVE ( 'NONE', #1432, #4383, #4990, .T. ) ;
#1832 = ORIENTED_EDGE ( 'NONE', *, *, #1966, .F. ) ;
#1833 = DIRECTION ( 'NONE',  ( 0.1710878697460374853, -0.9702875252478139201, 0.1710878697460332387 ) ) ;
#1834 = CARTESIAN_POINT ( 'NONE',  ( 2.259012843649074398, 0.3808193555679768583, 0.1599999999999764388 ) ) ;
#1835 = CARTESIAN_POINT ( 'NONE',  ( -1.499999999999994893, 0.7600000000000000089, 0.4900000000000158118 ) ) ;
#1836 = AXIS2_PLACEMENT_3D ( 'NONE', #1090, #3312, #5777 ) ;
#1837 = FACE_OUTER_BOUND ( 'NONE', #2776, .T. ) ;
#1838 = DIRECTION ( 'NONE',  ( -1.000000000000000000, 0.000000000000000000, 1.052637691431446117E-14 ) ) ;
#1839 = CARTESIAN_POINT ( 'NONE',  ( 1.985018411504575031, 0.5757656401311880279, 0.1599999999999790756 ) ) ;
#1840 = DIRECTION ( 'NONE',  ( -1.000000000000000000, -0.000000000000000000, 1.047444401652940007E-14 ) ) ;
#1841 = DIRECTION ( 'NONE',  ( -1.047444401652940007E-14, 0.000000000000000000, -1.000000000000000000 ) ) ;
#1842 = DIRECTION ( 'NONE',  ( 0.9986295347545742773, 0.05233595624293741616, -1.046008915503959065E-14 ) ) ;
#1843 = VERTEX_POINT ( 'NONE', #153 ) ;
#1844 = DIRECTION ( 'NONE',  ( -0.3420201433256684354, -0.9396926207859085389, 3.582470843790075770E-15 ) ) ;
#1845 = ADVANCED_FACE ( 'NONE', ( #3381 ), #680, .F. ) ;
#1846 = EDGE_CURVE ( 'NONE', #339, #2153, #77, .T. ) ;
#1847 = CARTESIAN_POINT ( 'NONE',  ( -2.249027405409665725, 0.1902858436350523264, 0.4900000000000236389 ) ) ;
#1848 = ORIENTED_EDGE ( 'NONE', *, *, #2060, .T. ) ;
#1849 = DIRECTION ( 'NONE',  ( -1.000000000000000000, 0.000000000000000000, 1.052637691431446117E-14 ) ) ;
#1850 = CARTESIAN_POINT ( 'NONE',  ( 2.259012843649057523, 0.3808193555679768583, -1.460000000000023945 ) ) ;
#1851 = SURFACE_SIDE_STYLE ('',( #5104 ) ) ;
#1852 = CARTESIAN_POINT ( 'NONE',  ( 0.8255000000000136673, 0.3399999999999998024, 1.272499999999991749 ) ) ;
#1853 = CARTESIAN_POINT ( 'NONE',  ( 2.239606933285933188, 0.01053252737922920866, -0.8100000000000239231 ) ) ;
#1854 = DIRECTION ( 'NONE',  ( 1.047444401652940007E-14, 0.000000000000000000, 1.000000000000000000 ) ) ;
#1855 = ORIENTED_EDGE ( 'NONE', *, *, #5871, .F. ) ;
#1856 = CARTESIAN_POINT ( 'NONE',  ( -2.440579527876274302, -2.168404344971008868E-16, -0.1599999999999744127 ) ) ;
#1857 = ORIENTED_EDGE ( 'NONE', *, *, #2258, .F. ) ;
#1858 = CIRCLE ( 'NONE', #5246, 0.2800000000000003042 ) ;
#1859 = ORIENTED_EDGE ( 'NONE', *, *, #1557, .T. ) ;
#1860 = VERTEX_POINT ( 'NONE', #545 ) ;
#1861 = ORIENTED_EDGE ( 'NONE', *, *, #6508, .F. ) ;
#1862 = COLOUR_RGB ( '',0.7921568627450980005, 0.8196078431372548767, 0.9333333333333333481 ) ;
#1863 = DIRECTION ( 'NONE',  ( -1.047444401652940007E-14, -0.000000000000000000, -1.000000000000000000 ) ) ;
#1864 = EDGE_LOOP ( 'NONE', ( #6800, #4142, #4997, #5197, #3120, #1115, #6770, #1857, #5461, #165, #3820, #5443 ) ) ;
#1865 = AXIS2_PLACEMENT_3D ( 'NONE', #6638, #2749, #5012 ) ;
#1866 = VECTOR ( 'NONE', #832, 1000.000000000000000 ) ;
#1867 = ORIENTED_EDGE ( 'NONE', *, *, #3549, .T. ) ;
#1868 = CARTESIAN_POINT ( 'NONE',  ( 1.721904477684500723, 0.5800000000000004041, -1.790000000000018465 ) ) ;
#1869 = FACE_OUTER_BOUND ( 'NONE', #1041, .T. ) ;
#1870 = DIRECTION ( 'NONE',  ( -1.047444401652940007E-14, 0.000000000000000000, -1.000000000000000000 ) ) ;
#1871 = VECTOR ( 'NONE', #1355, 1000.000000000000000 ) ;
#1872 = CARTESIAN_POINT ( 'NONE',  ( 2.249027405409679048, 0.1902858436350523264, 0.8099999999999766276 ) ) ;
#1873 = VECTOR ( 'NONE', #2866, 1000.000000000000000 ) ;
#1874 = CARTESIAN_POINT ( 'NONE',  ( -0.7054999999999862492, 0.2400000000000004075, 1.422500000000008091 ) ) ;
#1875 = FILL_AREA_STYLE_COLOUR ( '', #6914 ) ;
#1876 = DIRECTION ( 'NONE',  ( -1.000000000000000000, 0.000000000000000000, 1.057097118173366350E-14 ) ) ;
#1877 = CARTESIAN_POINT ( 'NONE',  ( -1.500000000000015321, 0.7600000000000000089, -1.459999999999984643 ) ) ;
#1878 = EDGE_LOOP ( 'NONE', ( #4606, #3026, #73, #4758 ) ) ;
#1879 = DIRECTION ( 'NONE',  ( -1.000000000000000000, 0.000000000000000000, 1.045480666325306653E-14 ) ) ;
#1880 = EDGE_CURVE ( 'NONE', #1245, #5075, #2208, .T. ) ;
#1881 = CARTESIAN_POINT ( 'NONE',  ( -1.500000000000015321, 0.7600000000000000089, -1.459999999999984643 ) ) ;
#1882 = CARTESIAN_POINT ( 'NONE',  ( 2.440579527876281407, -2.168404344971008868E-16, 0.8099999999999748512 ) ) ;
#1883 = CIRCLE ( 'NONE', #6067, 0.2800000000000000822 ) ;
#1884 = CARTESIAN_POINT ( 'NONE',  ( -0.9454999999999869065, 0.3399999999999998024, 1.272500000000010623 ) ) ;
#1885 = ADVANCED_FACE ( 'NONE', ( #5131 ), #3967, .F. ) ;
#1886 = ADVANCED_FACE ( 'NONE', ( #6798 ), #6066, .T. ) ;
#1887 = CARTESIAN_POINT ( 'NONE',  ( -0.7054999999999816973, 0.2400000000000004075, 1.772500000000007958 ) ) ;
#1888 = DIRECTION ( 'NONE',  ( -1.047444401652940007E-14, 0.000000000000000000, -1.000000000000000000 ) ) ;
#1889 = CARTESIAN_POINT ( 'NONE',  ( -1.499999999999988010, 0.7600000000000000089, 1.140000000000015890 ) ) ;
#1890 = AXIS2_PLACEMENT_3D ( 'NONE', #924, #6530, #4365 ) ;
#1891 = FACE_OUTER_BOUND ( 'NONE', #4188, .T. ) ;
#1892 = ORIENTED_EDGE ( 'NONE', *, *, #5625, .F. ) ;
#1893 = DIRECTION ( 'NONE',  ( 0.05233595624293795046, 0.9986295347545742773, -5.516594906701396738E-16 ) ) ;
#1894 = ORIENTED_EDGE ( 'NONE', *, *, #2031, .T. ) ;
#1895 = EDGE_CURVE ( 'NONE', #693, #4055, #3016, .T. ) ;
#1896 = AXIS2_PLACEMENT_3D ( 'NONE', #100, #2817, #3338 ) ;
#1897 = ORIENTED_EDGE ( 'NONE', *, *, #3396, .T. ) ;
#1898 = ORIENTED_EDGE ( 'NONE', *, *, #7063, .T. ) ;
#1899 = AXIS2_PLACEMENT_3D ( 'NONE', #2693, #4928, #7124 ) ;
#1900 = FACE_OUTER_BOUND ( 'NONE', #5721, .T. ) ;
#1901 = ORIENTED_EDGE ( 'NONE', *, *, #2765, .F. ) ;
#1902 = PRODUCT_RELATED_PRODUCT_CATEGORY ( 'part', '', ( #3134 ) ) ;
#1903 = VERTEX_POINT ( 'NONE', #2539 ) ;
#1904 = VERTEX_POINT ( 'NONE', #5245 ) ;
#1905 = DIRECTION ( 'NONE',  ( -1.000000000000000000, 0.000000000000000000, 1.052637691431445486E-14 ) ) ;
#1906 = PLANE ( 'NONE',  #1521 ) ;
#1907 = DIRECTION ( 'NONE',  ( -0.9986295347545742773, -0.05233595624293645165, 1.046008915503959065E-14 ) ) ;
#1908 = DIRECTION ( 'NONE',  ( 1.000000000000000000, 0.000000000000000000, -1.047444401652940007E-14 ) ) ;
#1909 = EDGE_CURVE ( 'NONE', #6292, #2220, #1917, .T. ) ;
#1910 = CARTESIAN_POINT ( 'NONE',  ( 2.239606933285929635, 0.01053252737922920866, -1.140000000000024105 ) ) ;
#1911 = CARTESIAN_POINT ( 'NONE',  ( -1.910579527876273831, 0.2540000000000005587, -0.1599999999999801026 ) ) ;
#1912 =( GEOMETRIC_REPRESENTATION_CONTEXT ( 3 ) GLOBAL_UNCERTAINTY_ASSIGNED_CONTEXT ( ( #6211 ) ) GLOBAL_UNIT_ASSIGNED_CONTEXT ( ( #2355, #5202, #3922 ) ) REPRESENTATION_CONTEXT ( 'NONE', 'WORKASPACE' ) );
#1913 = CARTESIAN_POINT ( 'NONE',  ( -1.985018411504561264, 0.5757656401311880279, 1.140000000000020774 ) ) ;
#1914 = ORIENTED_EDGE ( 'NONE', *, *, #3346, .T. ) ;
#1915 = CARTESIAN_POINT ( 'NONE',  ( 1.910579527876284489, 0.2540000000000005587, 1.139999999999980362 ) ) ;
#1916 = VECTOR ( 'NONE', #6929, 1000.000000000000000 ) ;
#1917 = LINE ( 'NONE', #6966, #4287 ) ;
#1918 = VERTEX_POINT ( 'NONE', #260 ) ;
#1919 = CARTESIAN_POINT ( 'NONE',  ( 1.721904477684514045, 0.5800000000000004041, -0.4900000000000183098 ) ) ;
#1920 = CARTESIAN_POINT ( 'NONE',  ( 0.9455000000000188809, 0.3399999999999998024, 1.772499999999990861 ) ) ;
#1921 = ADVANCED_FACE ( 'NONE', ( #1266 ), #1337, .F. ) ;
#1922 = CIRCLE ( 'NONE', #5306, 0.2800000000000000822 ) ;
#1923 = CARTESIAN_POINT ( 'NONE',  ( -0.9455000000000002292, 0.2400000000000004075, 9.903586817628550255E-15 ) ) ;
#1924 = DIRECTION ( 'NONE',  ( -1.000000000000000000, 0.000000000000000000, 1.045480666325306653E-14 ) ) ;
#1925 = DIRECTION ( 'NONE',  ( 0.000000000000000000, 1.000000000000000000, 0.000000000000000000 ) ) ;
#1926 = EDGE_CURVE ( 'NONE', #111, #2066, #2472, .T. ) ;
#1927 = ORIENTED_EDGE ( 'NONE', *, *, #6759, .F. ) ;
#1928 = CARTESIAN_POINT ( 'NONE',  ( 2.440579527876253429, -2.168404344971008868E-16, -1.790000000000026237 ) ) ;
#1929 = ORIENTED_EDGE ( 'NONE', *, *, #626, .F. ) ;
#1930 = CARTESIAN_POINT ( 'NONE',  ( -0.9455000000000002292, 0.3399999999999998024, 9.903586817628550255E-15 ) ) ;
#1931 = ORIENTED_EDGE ( 'NONE', *, *, #6190, .T. ) ;
#1932 = PRESENTATION_STYLE_ASSIGNMENT (( #3653 ) ) ;
#1933 = EDGE_CURVE ( 'NONE', #1744, #2748, #3525, .T. ) ;
#1934 = EDGE_CURVE ( 'NONE', #6554, #4089, #6833, .T. ) ;
#1935 = PLANE ( 'NONE',  #3151 ) ;
#1936 = VERTEX_POINT ( 'NONE', #4665 ) ;
#1937 = EDGE_CURVE ( 'NONE', #4307, #5065, #5313, .T. ) ;
#1938 = CIRCLE ( 'NONE', #2869, 0.1000000000000000472 ) ;
#1939 = VERTEX_POINT ( 'NONE', #5179 ) ;
#1940 = ORIENTED_EDGE ( 'NONE', *, *, #6635, .T. ) ;
#1941 = CARTESIAN_POINT ( 'NONE',  ( 1.985018411504558600, 0.5757656401311880279, -1.460000000000021281 ) ) ;
#1942 = VECTOR ( 'NONE', #3423, 1000.000000000000000 ) ;
#1943 = LINE ( 'NONE', #5736, #5258 ) ;
#1944 = DIRECTION ( 'NONE',  ( 1.047444401652940007E-14, 0.000000000000000000, 1.000000000000000000 ) ) ;
#1945 = DIRECTION ( 'NONE',  ( 0.05233595624293645165, -0.9986295347545742773, -5.481900437181702824E-16 ) ) ;
#1946 = DIRECTION ( 'NONE',  ( -1.000000000000000000, 0.000000000000000000, 1.052637691431446117E-14 ) ) ;
#1947 = CARTESIAN_POINT ( 'NONE',  ( -1.499999999999978906, 0.7600000000000000089, 2.019500000000015838 ) ) ;
#1948 = DIRECTION ( 'NONE',  ( -0.05233595624293645165, -0.9986295347545742773, 5.481900437181702824E-16 ) ) ;
#1949 = ORIENTED_EDGE ( 'NONE', *, *, #198, .T. ) ;
#1950 = DIRECTION ( 'NONE',  ( -1.047444401652940007E-14, 0.000000000000000000, -1.000000000000000000 ) ) ;
#1951 = VECTOR ( 'NONE', #4875, 1000.000000000000000 ) ;
#1952 = DIRECTION ( 'NONE',  ( -1.047444401652940007E-14, 0.000000000000000000, -1.000000000000000000 ) ) ;
#1953 = ORIENTED_EDGE ( 'NONE', *, *, #2031, .F. ) ;
#1954 = DIRECTION ( 'NONE',  ( -0.05233595624293647247, -0.9986295347545742773, 5.481900437181704796E-16 ) ) ;
#1955 = CARTESIAN_POINT ( 'NONE',  ( 1.985018411504592351, 0.5757656401311880279, 1.789999999999980052 ) ) ;
#1956 = AXIS2_PLACEMENT_3D ( 'NONE', #3397, #1023, #6627 ) ;
#1957 = CARTESIAN_POINT ( 'NONE',  ( 2.079724199617738023, 0.3155636257986206283, 0.1599999999999780764 ) ) ;
#1958 = CARTESIAN_POINT ( 'NONE',  ( -1.042328651854239396, 1.000000000000000666, -1.490642050501197247 ) ) ;
#1959 = ORIENTED_EDGE ( 'NONE', *, *, #3174, .T. ) ;
#1960 = CARTESIAN_POINT ( 'NONE',  ( 2.449999999999993072, 0.1797533162558246356, -0.8100000000000260325 ) ) ;
#1961 = ORIENTED_EDGE ( 'NONE', *, *, #4166, .F. ) ;
#1962 = CARTESIAN_POINT ( 'NONE',  ( -1.042328651854239396, 1.100000000000000089, -1.490642050501197247 ) ) ;
#1963 = ORIENTED_EDGE ( 'NONE', *, *, #5587, .T. ) ;
#1964 = CARTESIAN_POINT ( 'NONE',  ( -2.239606933285957169, 0.01053252737922920866, -1.459999999999976872 ) ) ;
#1966 = EDGE_CURVE ( 'NONE', #3399, #111, #2436, .T. ) ;
#1965 = PLANE ( 'NONE',  #5136 ) ;
#1967 = ORIENTED_EDGE ( 'NONE', *, *, #874, .T. ) ;
#1968 = ORIENTED_EDGE ( 'NONE', *, *, #5447, .T. ) ;
#1969 = EDGE_CURVE ( 'NONE', #1860, #5394, #4640, .T. ) ;
#1970 = VERTEX_POINT ( 'NONE', #865 ) ;
#1971 = VECTOR ( 'NONE', #3962, 1000.000000000000000 ) ;
#1972 = EDGE_CURVE ( 'NONE', #3522, #520, #673, .T. ) ;
#1973 = CARTESIAN_POINT ( 'NONE',  ( -2.450000000000009948, 0.1797533162558246356, -0.8099999999999745182 ) ) ;
#1974 = DIRECTION ( 'NONE',  ( 0.3420201433256698786, -0.9396926207859079838, -3.582470843790090758E-15 ) ) ;
#1975 = DIRECTION ( 'NONE',  ( 1.000000000000000000, 0.000000000000000000, -1.047444401652940007E-14 ) ) ;
#1976 = AXIS2_PLACEMENT_3D ( 'NONE', #5242, #4734, #2022 ) ;
#1977 = CARTESIAN_POINT ( 'NONE',  ( 0.8254999999999871330, 0.2400000000000004075, -1.272500000000008846 ) ) ;
#1978 = VECTOR ( 'NONE', #5500, 1000.000000000000000 ) ;
#1979 =( NAMED_UNIT ( * ) SI_UNIT ( $, .STERADIAN. ) SOLID_ANGLE_UNIT ( ) );
#1980 = CARTESIAN_POINT ( 'NONE',  ( -1.721904477684500723, 0.4800000000000010369, 1.790000000000018465 ) ) ;
#1981 = DIRECTION ( 'NONE',  ( -1.047444401652940007E-14, 0.000000000000000000, -1.000000000000000000 ) ) ;
#1982 = VERTEX_POINT ( 'NONE', #826 ) ;
#1983 = LINE ( 'NONE', #3080, #4240 ) ;
#1984 = AXIS2_PLACEMENT_3D ( 'NONE', #2076, #946, #4860 ) ;
#1985 = STYLED_ITEM ( 'NONE', ( #2949 ), #6461 ) ;
#1986 = CARTESIAN_POINT ( 'NONE',  ( -1.499999999999988010, 0.7600000000000000089, 1.140000000000015890 ) ) ;
#1987 = ORIENTED_EDGE ( 'NONE', *, *, #2480, .F. ) ;
#1988 = DIRECTION ( 'NONE',  ( 1.047444401652940007E-14, -0.000000000000000000, 1.000000000000000000 ) ) ;
#1989 = CARTESIAN_POINT ( 'NONE',  ( 1.499999999999991784, 0.5800000000000004041, -0.8100000000000159295 ) ) ;
#1990 = AXIS2_PLACEMENT_3D ( 'NONE', #7144, #6577, #2095 ) ;
#1991 = DIRECTION ( 'NONE',  ( -0.3420201433256684354, -0.9396926207859085389, 3.582470843790075770E-15 ) ) ;
#1992 = DIRECTION ( 'NONE',  ( 0.05233595624293647941, -0.9986295347545742773, -5.481900437181704796E-16 ) ) ;
#1993 = VERTEX_POINT ( 'NONE', #6906 ) ;
#1994 = LINE ( 'NONE', #3051, #4006 ) ;
#1995 = EDGE_LOOP ( 'NONE', ( #4316, #4779, #5545, #597, #4934, #64, #11, #2961, #2878, #412, #6358, #6255, #4893, #4718, #7027, #661, #5050, #3689, #5114, #5505 ) ) ;
#1996 = CARTESIAN_POINT ( 'NONE',  ( 1.721904477684521151, 0.4800000000000010369, 0.1599999999999819622 ) ) ;
#1997 = EDGE_CURVE ( 'NONE', #918, #6087, #3596, .T. ) ;
#1998 = CARTESIAN_POINT ( 'NONE',  ( -2.440579527876281407, -2.168404344971008868E-16, -0.8099999999999748512 ) ) ;
#1999 = VECTOR ( 'NONE', #6564, 1000.000000000000114 ) ;
#2000 = VECTOR ( 'NONE', #2726, 1000.000000000000000 ) ;
#2001 = ORIENTED_EDGE ( 'NONE', *, *, #6104, .F. ) ;
#2002 = CIRCLE ( 'NONE', #6536, 0.3707949898354946372 ) ;
#2003 = CARTESIAN_POINT ( 'NONE',  ( 1.815873739763098405, 0.5142020143325679582, -1.140000000000019442 ) ) ;
#2004 = VERTEX_POINT ( 'NONE', #4630 ) ;
#2005 = CIRCLE ( 'NONE', #2703, 0.2800000000000000822 ) ;
#2006 = EDGE_CURVE ( 'NONE', #373, #5111, #6836, .T. ) ;
#2007 = ORIENTED_EDGE ( 'NONE', *, *, #679, .F. ) ;
#2008 = EDGE_CURVE ( 'NONE', #1138, #4858, #2982, .T. ) ;
#2009 = LINE ( 'NONE', #7154, #4825 ) ;
#2010 = VECTOR ( 'NONE', #5074, 1000.000000000000114 ) ;
#2011 = DIRECTION ( 'NONE',  ( 0.000000000000000000, 1.000000000000000000, 0.000000000000000000 ) ) ;
#2012 = CIRCLE ( 'NONE', #2953, 0.2800000000000003042 ) ;
#2013 = DIRECTION ( 'NONE',  ( -1.000000000000000000, 0.000000000000000000, 1.047444401652940007E-14 ) ) ;
#2014 = ADVANCED_FACE ( 'NONE', ( #4190 ), #6382, .F. ) ;
#2015 = EDGE_CURVE ( 'NONE', #2569, #7020, #1410, .T. ) ;
#2016 = CARTESIAN_POINT ( 'NONE',  ( 2.239606933285940293, 0.01053252737922920866, -0.1600000000000234290 ) ) ;
#2017 = ORIENTED_EDGE ( 'NONE', *, *, #3804, .T. ) ;
#2018 = ORIENTED_EDGE ( 'NONE', *, *, #4345, .T. ) ;
#2019 = LINE ( 'NONE', #2566, #393 ) ;
#2020 = VECTOR ( 'NONE', #5531, 1000.000000000000000 ) ;
#2021 = EDGE_CURVE ( 'NONE', #6894, #4935, #6316, .T. ) ;
#2022 = DIRECTION ( 'NONE',  ( -1.000000000000000000, 0.000000000000000000, 1.022859097168414451E-14 ) ) ;
#2023 = VERTEX_POINT ( 'NONE', #2945 ) ;
#2024 = AXIS2_PLACEMENT_3D ( 'NONE', #105, #3410, #5635 ) ;
#2025 = CARTESIAN_POINT ( 'NONE',  ( 2.259012843649057523, 0.3808193555679768583, -1.460000000000023945 ) ) ;
#2026 = PLANE ( 'NONE',  #791 ) ;
#2027 = EDGE_CURVE ( 'NONE', #2658, #6585, #2406, .T. ) ;
#2028 = VERTEX_POINT ( 'NONE', #2641 ) ;
#2029 = PLANE ( 'NONE',  #6383 ) ;
#2030 = CARTESIAN_POINT ( 'NONE',  ( 1.910579527876284045, 0.2540000000000005587, 1.139999999999980362 ) ) ;
#2031 = EDGE_CURVE ( 'NONE', #6036, #801, #1477, .T. ) ;
#2032 = PLANE ( 'NONE',  #4202 ) ;
#2033 = DIRECTION ( 'NONE',  ( -0.3420201433256698231, 0.9396926207859079838, 3.582470843790089969E-15 ) ) ;
#2034 = ORIENTED_EDGE ( 'NONE', *, *, #1662, .T. ) ;
#2035 = LINE ( 'NONE', #506, #5289 ) ;
#2036 = ORIENTED_EDGE ( 'NONE', *, *, #12, .T. ) ;
#2037 = CARTESIAN_POINT ( 'NONE',  ( 1.856595201929836809E-14, 0.2400000000000004075, 1.772500000000000631 ) ) ;
#2038 = VECTOR ( 'NONE', #4657, 1000.000000000000000 ) ;
#2039 = DIRECTION ( 'NONE',  ( 1.047444401652940007E-14, 0.000000000000000000, 1.000000000000000000 ) ) ;
#2040 = LINE ( 'NONE', #3094, #6667 ) ;
#2041 = EDGE_LOOP ( 'NONE', ( #1949, #3431, #809, #1402 ) ) ;
#2042 = LINE ( 'NONE', #6619, #5046 ) ;
#2043 = ORIENTED_EDGE ( 'NONE', *, *, #1338, .T. ) ;
#2044 = ORIENTED_EDGE ( 'NONE', *, *, #2843, .F. ) ;
#2045 = ORIENTED_EDGE ( 'NONE', *, *, #6657, .T. ) ;
#2046 = ORIENTED_EDGE ( 'NONE', *, *, #713, .T. ) ;
#2047 = LINE ( 'NONE', #551, #2598 ) ;
#2048 = CARTESIAN_POINT ( 'NONE',  ( -1.500000000000001998, 0.5800000000000004041, -0.1599999999999843769 ) ) ;
#2049 = EDGE_CURVE ( 'NONE', #2691, #2857, #3259, .T. ) ;
#2050 = PLANE ( 'NONE',  #5835 ) ;
#2051 = CIRCLE ( 'NONE', #6117, 0.1907949898354945883 ) ;
#2052 = PLANE ( 'NONE',  #3573 ) ;
#2053 = SURFACE_STYLE_FILL_AREA ( #385 ) ;
#2054 = ORIENTED_EDGE ( 'NONE', *, *, #6415, .F. ) ;
#2055 = LINE ( 'NONE', #3183, #3059 ) ;
#2056 = DIRECTION ( 'NONE',  ( -1.000000000000000000, 0.000000000000000000, 1.052637691431446117E-14 ) ) ;
#2057 = ORIENTED_EDGE ( 'NONE', *, *, #6023, .T. ) ;
#2058 = CARTESIAN_POINT ( 'NONE',  ( 2.239606933285943846, 0.01053252737922920866, 0.1599999999999764388 ) ) ;
#2059 = CARTESIAN_POINT ( 'NONE',  ( -1.499999999999978906, 0.5800000000000004041, 2.019500000000015838 ) ) ;
#2060 = EDGE_CURVE ( 'NONE', #7120, #3166, #427, .T. ) ;
#2061 = DIRECTION ( 'NONE',  ( 0.3420201433256684354, -0.9396926207859085389, -3.582470843790075770E-15 ) ) ;
#2062 = LINE ( 'NONE', #5914, #5486 ) ;
#2063 = VECTOR ( 'NONE', #5848, 1000.000000000000000 ) ;
#2064 = DIRECTION ( 'NONE',  ( 1.047444401652940007E-14, 0.000000000000000000, 1.000000000000000000 ) ) ;
#2065 = PLANE ( 'NONE',  #1518 ) ;
#2066 = VERTEX_POINT ( 'NONE', #5883 ) ;
#2067 = ADVANCED_FACE ( 'NONE', ( #5951 ), #355, .F. ) ;
#2068 = CARTESIAN_POINT ( 'NONE',  ( 2.449999999999986411, 0.1797533162558246356, -1.460000000000025944 ) ) ;
#2069 = EDGE_CURVE ( 'NONE', #6706, #6313, #5676, .T. ) ;
#2070 = VECTOR ( 'NONE', #4389, 1000.000000000000000 ) ;
#2071 = VERTEX_POINT ( 'NONE', #3812 ) ;
#2072 = CARTESIAN_POINT ( 'NONE',  ( -0.8254999999999869109, 0.2400000000000004075, 1.272500000000009068 ) ) ;
#2073 = CYLINDRICAL_SURFACE ( 'NONE', #2927, 0.2800000000000000822 ) ;
#2074 = DIRECTION ( 'NONE',  ( -1.047444401652940007E-14, 0.000000000000000000, -1.000000000000000000 ) ) ;
#2075 = EDGE_LOOP ( 'NONE', ( #5789, #2349, #3209, #5553 ) ) ;
#2076 = CARTESIAN_POINT ( 'NONE',  ( -1.721904477684531365, 0.4800000000000010369, -1.139999999999982361 ) ) ;
#2077 = EDGE_LOOP ( 'NONE', ( #485, #3841, #934, #2960 ) ) ;
#2078 = ORIENTED_EDGE ( 'NONE', *, *, #2987, .T. ) ;
#2079 = ORIENTED_EDGE ( 'NONE', *, *, #1274, .T. ) ;
#2080 = ORIENTED_EDGE ( 'NONE', *, *, #1660, .T. ) ;
#2081 = ORIENTED_EDGE ( 'NONE', *, *, #4789, .F. ) ;
#2082 = DIRECTION ( 'NONE',  ( -1.000000000000000000, 2.710505431213758324E-15, 1.045480666325306653E-14 ) ) ;
#2083 = DIRECTION ( 'NONE',  ( -1.221473969113538888E-16, -1.000000000000000000, 1.279426070712772449E-30 ) ) ;
#2084 = CARTESIAN_POINT ( 'NONE',  ( -2.450000000000006395, 0.1797533162558246356, -0.4899999999999744005 ) ) ;
#2085 = ORIENTED_EDGE ( 'NONE', *, *, #30, .F. ) ;
#2086 = EDGE_CURVE ( 'NONE', #5840, #2618, #4914, .T. ) ;
#2087 = DIRECTION ( 'NONE',  ( -0.05233595624293647247, 0.9986295347545742773, 5.481900437181704796E-16 ) ) ;
#2088 = AXIS2_PLACEMENT_3D ( 'NONE', #682, #581, #3382 ) ;
#2089 = DIRECTION ( 'NONE',  ( -0.9986295347545742773, 0.05233595624293647247, 1.046008915503959065E-14 ) ) ;
#2090 = ORIENTED_EDGE ( 'NONE', *, *, #2905, .T. ) ;
#2091 = LINE ( 'NONE', #4329, #3523 ) ;
#2092 = COLOUR_RGB ( '',0.7921568627450980005, 0.8196078431372548767, 0.9333333333333333481 ) ;
#2093 = CARTESIAN_POINT ( 'NONE',  ( -0.7055000000000190008, 0.3399999999999998024, -1.772499999999993525 ) ) ;
#2094 = FACE_OUTER_BOUND ( 'NONE', #2168, .T. ) ;
#2095 = DIRECTION ( 'NONE',  ( 1.000000000000000000, 0.000000000000000000, -6.866219186497642887E-15 ) ) ;
#2096 = CARTESIAN_POINT ( 'NONE',  ( 0.000000000000000000, 0.3399999999999998024, 0.000000000000000000 ) ) ;
#2097 = DIRECTION ( 'NONE',  ( -1.000000000000000000, 0.000000000000000000, 1.047444401652940007E-14 ) ) ;
#2098 = AXIS2_PLACEMENT_3D ( 'NONE', #464, #6538, #3193 ) ;
#2099 = ORIENTED_EDGE ( 'NONE', *, *, #2332, .F. ) ;
#2100 = CARTESIAN_POINT ( 'NONE',  ( 2.259012843649053970, 0.3808193555679768583, -1.790000000000024682 ) ) ;
#2101 = VECTOR ( 'NONE', #3104, 1000.000000000000114 ) ;
#2102 = EDGE_CURVE ( 'NONE', #1350, #4383, #5488, .T. ) ;
#2103 = LINE ( 'NONE', #5993, #4684 ) ;
#2104 = ORIENTED_EDGE ( 'NONE', *, *, #556, .F. ) ;
#2105 = DIRECTION ( 'NONE',  ( -1.000000000000000000, -0.000000000000000000, 1.047444401652940007E-14 ) ) ;
#2106 = ADVANCED_FACE ( 'NONE', ( #460 ), #2026, .F. ) ;
#2107 = DIRECTION ( 'NONE',  ( 0.3420201433256684354, -0.9396926207859085389, -3.582470843790075770E-15 ) ) ;
#2108 = AXIS2_PLACEMENT_3D ( 'NONE', #3096, #439, #3271 ) ;
#2109 = ADVANCED_FACE ( 'NONE', ( #6422 ), #2673, .F. ) ;
#2110 = DIRECTION ( 'NONE',  ( 1.047444401652940007E-14, 0.000000000000000000, 1.000000000000000000 ) ) ;
#2111 = ORIENTED_EDGE ( 'NONE', *, *, #3797, .T. ) ;
#2112 = CARTESIAN_POINT ( 'NONE',  ( -1.499999999999978906, 0.7600000000000000089, 2.019500000000015838 ) ) ;
#2113 = ORIENTED_EDGE ( 'NONE', *, *, #2692, .T. ) ;
#2114 = ORIENTED_EDGE ( 'NONE', *, *, #3948, .F. ) ;
#2115 = EDGE_CURVE ( 'NONE', #3526, #3250, #5339, .T. ) ;
#2116 = VECTOR ( 'NONE', #5402, 1000.000000000000000 ) ;
#2117 = ORIENTED_EDGE ( 'NONE', *, *, #686, .F. ) ;
#2118 = VERTEX_POINT ( 'NONE', #2093 ) ;
#2119 = LINE ( 'NONE', #3176, #3972 ) ;
#2120 = DIRECTION ( 'NONE',  ( 0.9986295347545742773, 0.05233595624293645165, -1.046008915503958750E-14 ) ) ;
#2121 = EDGE_CURVE ( 'NONE', #6732, #1741, #6458, .T. ) ;
#2122 = CARTESIAN_POINT ( 'NONE',  ( 2.249027405409689706, 0.1902858436350523264, 1.789999999999977165 ) ) ;
#2123 = VECTOR ( 'NONE', #5776, 1000.000000000000000 ) ;
#2124 = CARTESIAN_POINT ( 'NONE',  ( -1.985018411504554603, 0.5757656401311880279, 1.790000000000021574 ) ) ;
#2125 = ORIENTED_EDGE ( 'NONE', *, *, #6283, .T. ) ;
#2126 = ORIENTED_EDGE ( 'NONE', *, *, #2806, .F. ) ;
#2127 = DIRECTION ( 'NONE',  ( 1.047444401652940007E-14, 0.000000000000000000, 1.000000000000000000 ) ) ;
#2128 = ORIENTED_EDGE ( 'NONE', *, *, #4180, .T. ) ;
#2129 = DIRECTION ( 'NONE',  ( -0.9986295347545742773, -0.05233595624293646553, 1.040457800380833282E-14 ) ) ;
#2130 = EDGE_LOOP ( 'NONE', ( #4215, #5726, #5659, #5523 ) ) ;
#2131 = ORIENTED_EDGE ( 'NONE', *, *, #3550, .F. ) ;
#2132 = CLOSED_SHELL ( 'NONE', ( #1885, #2473, #4500, #3079, #5201, #6010, #952, #7075, #513, #433, #2823, #1708, #900, #3009 ) ) ;
#2133 = DIRECTION ( 'NONE',  ( -1.047444401652940007E-14, 0.000000000000000000, -1.000000000000000000 ) ) ;
#2134 = CARTESIAN_POINT ( 'NONE',  ( 2.239606933285946511, 0.01053252737922920866, 0.4899999999999765654 ) ) ;
#2135 = CIRCLE ( 'NONE', #5171, 0.2800000000000000822 ) ;
#2136 = EDGE_CURVE ( 'NONE', #5681, #2618, #1447, .T. ) ;
#2137 = PLANE ( 'NONE',  #5858 ) ;
#2138 = CARTESIAN_POINT ( 'NONE',  ( 1.500000000000011990, 0.7600000000000000089, 1.139999999999984581 ) ) ;
#2139 = CARTESIAN_POINT ( 'NONE',  ( 1.985018411504585467, 0.5757656401311880279, 1.139999999999979252 ) ) ;
#2140 = ORIENTED_EDGE ( 'NONE', *, *, #6469, .F. ) ;
#2141 = DIRECTION ( 'NONE',  ( -1.047444401652940007E-14, 0.000000000000000000, -1.000000000000000000 ) ) ;
#2142 = DIRECTION ( 'NONE',  ( -1.047444401652940007E-14, 0.000000000000000000, -1.000000000000000000 ) ) ;
#2143 = ADVANCED_FACE ( 'NONE', ( #7104 ), #7040, .F. ) ;
#2144 = CARTESIAN_POINT ( 'NONE',  ( -2.449999999999993072, 0.1797533162558246356, 0.8100000000000260325 ) ) ;
#2145 = ORIENTED_EDGE ( 'NONE', *, *, #1580, .F. ) ;
#2146 = PLANE ( 'NONE',  #6055 ) ;
#2147 = DIRECTION ( 'NONE',  ( 1.000000000000000000, 0.000000000000000000, -1.047444401652940007E-14 ) ) ;
#2148 = VECTOR ( 'NONE', #704, 999.9999999999998863 ) ;
#2149 = ORIENTED_EDGE ( 'NONE', *, *, #4345, .F. ) ;
#2150 = VECTOR ( 'NONE', #3682, 1000.000000000000000 ) ;
#2151 = ADVANCED_FACE ( 'NONE', ( #1549 ), #4366, .F. ) ;
#2152 = PLANE ( 'NONE',  #5623 ) ;
#2153 = VERTEX_POINT ( 'NONE', #2059 ) ;
#2154 = VERTEX_POINT ( 'NONE', #4297 ) ;
#2155 = ORIENTED_EDGE ( 'NONE', *, *, #2386, .T. ) ;
#2156 = EDGE_CURVE ( 'NONE', #5937, #2450, #6491, .T. ) ;
#2157 = CARTESIAN_POINT ( 'NONE',  ( -1.910579527876253847, 0.2540000000000005587, 1.790000000000020908 ) ) ;
#2158 = EDGE_CURVE ( 'NONE', #1592, #4495, #6575, .T. ) ;
#2159 = FACE_OUTER_BOUND ( 'NONE', #2841, .T. ) ;
#2160 = CYLINDRICAL_SURFACE ( 'NONE', #5949, 0.2800000000000003042 ) ;
#2161 = VERTEX_POINT ( 'NONE', #3445 ) ;
#2162 = EDGE_CURVE ( 'NONE', #6622, #5805, #6750, .T. ) ;
#2163 = LINE ( 'NONE', #7169, #1306 ) ;
#2164 = DIRECTION ( 'NONE',  ( -1.000000000000000000, 0.000000000000000000, 1.052637691431445486E-14 ) ) ;
#2165 = ORIENTED_EDGE ( 'NONE', *, *, #3948, .T. ) ;
#2166 = CARTESIAN_POINT ( 'NONE',  ( -2.239606933285936741, 0.01053252737922920866, 0.4900000000000238609 ) ) ;
#2167 = ORIENTED_EDGE ( 'NONE', *, *, #2640, .T. ) ;
#2168 = EDGE_LOOP ( 'NONE', ( #1746, #4565, #828, #5348 ) ) ;
#2169 = DIRECTION ( 'NONE',  ( -0.9986295347545742773, 0.05233595624293645165, 1.046008915503959065E-14 ) ) ;
#2170 = LINE ( 'NONE', #1119, #2183 ) ;
#2171 = CARTESIAN_POINT ( 'NONE',  ( -2.440579527876253429, -2.168404344971008868E-16, 1.790000000000026237 ) ) ;
#2172 = CARTESIAN_POINT ( 'NONE',  ( -2.449999999999996181, 0.1797533162558246356, 0.4900000000000258038 ) ) ;
#2173 = CARTESIAN_POINT ( 'NONE',  ( 0.7054999999999815863, 0.3399999999999998024, -1.772500000000008180 ) ) ;
#2174 = EDGE_LOOP ( 'NONE', ( #6053, #4399, #4599, #2710 ) ) ;
#2175 = DIRECTION ( 'NONE',  ( 1.047444401652940007E-14, -0.000000000000000000, 1.000000000000000000 ) ) ;
#2176 = LINE ( 'NONE', #6029, #600 ) ;
#2177 = EDGE_LOOP ( 'NONE', ( #2725, #6452, #7083, #6006 ) ) ;
#2178 = DIRECTION ( 'NONE',  ( -1.047444401652940007E-14, -0.000000000000000000, -1.000000000000000000 ) ) ;
#2179 = DIRECTION ( 'NONE',  ( -1.047444401652940007E-14, -0.000000000000000000, -1.000000000000000000 ) ) ;
#2180 = PLANE ( 'NONE',  #2601 ) ;
#2181 = CARTESIAN_POINT ( 'NONE',  ( 2.449999999999982414, 0.1797533162558246356, -1.790000000000026015 ) ) ;
#2182 = ORIENTED_EDGE ( 'NONE', *, *, #2086, .T. ) ;
#2183 = VECTOR ( 'NONE', #6678, 1000.000000000000000 ) ;
#2184 = CARTESIAN_POINT ( 'NONE',  ( 0.9454999999999869065, 0.2400000000000004075, -1.272500000000010623 ) ) ;
#2185 = ORIENTED_EDGE ( 'NONE', *, *, #163, .T. ) ;
#2186 = ORIENTED_EDGE ( 'NONE', *, *, #1465, .F. ) ;
#2187 = VERTEX_POINT ( 'NONE', #5664 ) ;
#2188 = DIRECTION ( 'NONE',  ( 0.9848077530122080203, 0.1736481776669307753, -1.031531367597048598E-14 ) ) ;
#2189 = EDGE_CURVE ( 'NONE', #210, #166, #2277, .T. ) ;
#2190 = LINE ( 'NONE', #6008, #2449 ) ;
#2191 = LINE ( 'NONE', #1067, #5157 ) ;
#2192 = ORIENTED_EDGE ( 'NONE', *, *, #7063, .F. ) ;
#2193 = CARTESIAN_POINT ( 'NONE',  ( 2.079724199617747793, 0.3155636257986206283, 1.139999999999978586 ) ) ;
#2194 = EDGE_CURVE ( 'NONE', #9, #2197, #5632, .T. ) ;
#2195 = ADVANCED_FACE ( 'NONE', ( #5016 ), #67, .F. ) ;
#2196 = LINE ( 'NONE', #669, #6782 ) ;
#2197 = VERTEX_POINT ( 'NONE', #639 ) ;
#2198 = DIRECTION ( 'NONE',  ( 1.047444401652940007E-14, 0.000000000000000000, 1.000000000000000000 ) ) ;
#2199 = CARTESIAN_POINT ( 'NONE',  ( -0.7054999999999862492, 0.3399999999999998024, 1.422500000000008091 ) ) ;
#2200 = DIRECTION ( 'NONE',  ( -1.000000000000000000, 0.000000000000000000, 1.052637691431445486E-14 ) ) ;
#2201 = EDGE_CURVE ( 'NONE', #5724, #6492, #2170, .T. ) ;
#2202 = FACE_OUTER_BOUND ( 'NONE', #1029, .T. ) ;
#2203 = DIRECTION ( 'NONE',  ( 1.047444401652940007E-14, 0.000000000000000000, 1.000000000000000000 ) ) ;
#2204 = VECTOR ( 'NONE', #761, 1000.000000000000000 ) ;
#2205 = VERTEX_POINT ( 'NONE', #3340 ) ;
#2206 = VECTOR ( 'NONE', #3264, 1000.000000000000000 ) ;
#2207 = CARTESIAN_POINT ( 'NONE',  ( 1.500000000000011990, 0.5800000000000004041, 1.139999999999984581 ) ) ;
#2208 = LINE ( 'NONE', #3455, #2644 ) ;
#2209 = ORIENTED_EDGE ( 'NONE', *, *, #5062, .T. ) ;
#2210 = CARTESIAN_POINT ( 'NONE',  ( 2.259012843649085056, 0.3808193555679768583, 1.139999999999976588 ) ) ;
#2211 = LINE ( 'NONE', #2370, #4167 ) ;
#2212 = VECTOR ( 'NONE', #5774, 1000.000000000000000 ) ;
#2213 = AXIS2_PLACEMENT_3D ( 'NONE', #1014, #6509, #4888 ) ;
#2214 = CARTESIAN_POINT ( 'NONE',  ( 1.721904477684504053, 0.4800000000000010369, -1.460000000000018394 ) ) ;
#2215 = DIRECTION ( 'NONE',  ( -1.000000000000000000, 0.000000000000000000, 1.052637691431446117E-14 ) ) ;
#2216 = ORIENTED_EDGE ( 'NONE', *, *, #6552, .F. ) ;
#2217 = VECTOR ( 'NONE', #2494, 1000.000000000000114 ) ;
#2218 = VECTOR ( 'NONE', #182, 1000.000000000000000 ) ;
#2219 = CARTESIAN_POINT ( 'NONE',  ( 2.249027405409683045, 0.1902858436350523264, 1.139999999999976810 ) ) ;
#2220 = VERTEX_POINT ( 'NONE', #28 ) ;
#2221 = EDGE_CURVE ( 'NONE', #1742, #254, #3693, .T. ) ;
#2222 = ORIENTED_EDGE ( 'NONE', *, *, #3087, .T. ) ;
#2223 = ORIENTED_EDGE ( 'NONE', *, *, #4180, .F. ) ;
#2224 = EDGE_LOOP ( 'NONE', ( #1901, #4052, #3341, #5275 ) ) ;
#2225 = ORIENTED_EDGE ( 'NONE', *, *, #1389, .F. ) ;
#2226 = CARTESIAN_POINT ( 'NONE',  ( -2.249027405409679048, 0.1902858436350523264, -0.8099999999999766276 ) ) ;
#2227 = CARTESIAN_POINT ( 'NONE',  ( 2.450000000000006395, 0.1797533162558246356, 0.4899999999999744005 ) ) ;
#2228 = EDGE_LOOP ( 'NONE', ( #2383, #6405, #5329, #840 ) ) ;
#2229 = ADVANCED_FACE ( 'NONE', ( #3409 ), #6713, .F. ) ;
#2230 = DIRECTION ( 'NONE',  ( -1.000000000000000000, 0.000000000000000000, 1.052637691431446117E-14 ) ) ;
#2231 = EDGE_CURVE ( 'NONE', #4750, #7054, #5558, .T. ) ;
#2232 = CARTESIAN_POINT ( 'NONE',  ( -1.815873739763108619, 0.5142020143325679582, 0.1600000000000191269 ) ) ;
#2233 = VERTEX_POINT ( 'NONE', #4401 ) ;
#2234 = CARTESIAN_POINT ( 'NONE',  ( -2.449999999999989075, 0.1797533162558246356, 1.140000000000025437 ) ) ;
#2235 = ORIENTED_EDGE ( 'NONE', *, *, #5469, .T. ) ;
#2236 = DIRECTION ( 'NONE',  ( 1.047444401652940007E-14, 0.000000000000000000, 1.000000000000000000 ) ) ;
#2237 = CIRCLE ( 'NONE', #4808, 0.1907949898354945883 ) ;
#2238 = AXIS2_PLACEMENT_3D ( 'NONE', #1802, #101, #1148 ) ;
#2239 = EDGE_CURVE ( 'NONE', #5766, #4643, #4542, .T. ) ;
#2240 = DIRECTION ( 'NONE',  ( -1.000000000000000000, -0.000000000000000000, 1.047444401652940007E-14 ) ) ;
#2241 = LINE ( 'NONE', #3927, #753 ) ;
#2242 =( NAMED_UNIT ( * ) PLANE_ANGLE_UNIT ( ) SI_UNIT ( $, .RADIAN. ) );
#2243 = EDGE_CURVE ( 'NONE', #3758, #4023, #6160, .T. ) ;
#2244 = PLANE ( 'NONE',  #1623 ) ;
#2245 = ORIENTED_EDGE ( 'NONE', *, *, #6368, .F. ) ;
#2246 = CARTESIAN_POINT ( 'NONE',  ( 2.440579527876277410, -2.168404344971008868E-16, 0.4899999999999745115 ) ) ;
#2247 = AXIS2_PLACEMENT_3D ( 'NONE', #1782, #85, #2295 ) ;
#2248 = ADVANCED_FACE ( 'NONE', ( #6606 ), #1723, .F. ) ;
#2249 = EDGE_CURVE ( 'NONE', #4246, #1741, #3301, .T. ) ;
#2250 = LINE ( 'NONE', #6134, #3391 ) ;
#2251 = AXIS2_PLACEMENT_3D ( 'NONE', #4503, #1220, #1719 ) ;
#2252 = EDGE_LOOP ( 'NONE', ( #5398, #6624, #4157, #6478 ) ) ;
#2253 = CARTESIAN_POINT ( 'NONE',  ( -1.042328651854239396, 1.000000000000000666, -1.490642050501197247 ) ) ;
#2254 = CARTESIAN_POINT ( 'NONE',  ( -1.499999999999984679, 0.7600000000000000089, 1.460000000000016396 ) ) ;
#2255 = AXIS2_PLACEMENT_3D ( 'NONE', #3607, #2928, #5821 ) ;
#2256 = LINE ( 'NONE', #6137, #6743 ) ;
#2257 = VECTOR ( 'NONE', #3463, 1000.000000000000000 ) ;
#2258 = EDGE_CURVE ( 'NONE', #3095, #4177, #3113, .T. ) ;
#2259 = CARTESIAN_POINT ( 'NONE',  ( -1.985018411504585467, 0.5757656401311880279, -1.139999999999979252 ) ) ;
#2260 = ORIENTED_EDGE ( 'NONE', *, *, #163, .F. ) ;
#2261 = VECTOR ( 'NONE', #4368, 1000.000000000000000 ) ;
#2262 = DIRECTION ( 'NONE',  ( -1.047444401652940007E-14, 0.000000000000000000, -1.000000000000000000 ) ) ;
#2263 = ORIENTED_EDGE ( 'NONE', *, *, #5782, .F. ) ;
#2264 = VERTEX_POINT ( 'NONE', #3371 ) ;
#2265 = EDGE_LOOP ( 'NONE', ( #440, #4048, #3438, #5199 ) ) ;
#2266 = ORIENTED_EDGE ( 'NONE', *, *, #3042, .T. ) ;
#2267 = VECTOR ( 'NONE', #819, 1000.000000000000000 ) ;
#2268 = LINE ( 'NONE', #1066, #2070 ) ;
#2269 = DIRECTION ( 'NONE',  ( -1.000000000000000000, 0.000000000000000000, 1.084202172485503961E-14 ) ) ;
#2270 = ORIENTED_EDGE ( 'NONE', *, *, #1295, .T. ) ;
#2271 = CARTESIAN_POINT ( 'NONE',  ( 0.9454999999999869065, 0.2400000000000004075, -1.272500000000010623 ) ) ;
#2272 = VERTEX_POINT ( 'NONE', #3957 ) ;
#2273 = CARTESIAN_POINT ( 'NONE',  ( 2.239606933285923418, 0.01053252737922920866, -1.790000000000024460 ) ) ;
#2274 = CARTESIAN_POINT ( 'NONE',  ( 2.079724199617727365, 0.3155636257986206283, -0.8100000000000220357 ) ) ;
#2275 = LINE ( 'NONE', #2311, #3289 ) ;
#2276 = DIRECTION ( 'NONE',  ( -0.9986295347545742773, -0.05233595624293646553, 1.040457800380833282E-14 ) ) ;
#2277 = LINE ( 'NONE', #675, #6832 ) ;
#2278 = DIRECTION ( 'NONE',  ( 0.1710878697460344045, -0.9702875252478135870, -0.1710878697460379849 ) ) ;
#2279 = PRESENTATION_STYLE_ASSIGNMENT (( #1191 ) ) ;
#2280 = CARTESIAN_POINT ( 'NONE',  ( -0.9455000000000188809, 0.3399999999999998024, -1.772499999999990861 ) ) ;
#2281 = ORIENTED_EDGE ( 'NONE', *, *, #2156, .T. ) ;
#2282 = DIRECTION ( 'NONE',  ( -1.047444401652940007E-14, 0.000000000000000000, -1.000000000000000000 ) ) ;
#2283 = EDGE_CURVE ( 'NONE', #3736, #5423, #7177, .T. ) ;
#2284 = CARTESIAN_POINT ( 'NONE',  ( -1.499999999999978906, 0.5800000000000004041, 2.019500000000015838 ) ) ;
#2285 = DIRECTION ( 'NONE',  ( -0.9986295347545742773, 0.05233595624293646553, 1.040457800380833282E-14 ) ) ;
#2286 = DIRECTION ( 'NONE',  ( 1.000000000000000000, 0.000000000000000000, -1.058546631899191572E-14 ) ) ;
#2287 = VECTOR ( 'NONE', #3801, 1000.000000000000000 ) ;
#2288 = ADVANCED_FACE ( 'NONE', ( #5525 ), #2313, .F. ) ;
#2289 = ADVANCED_FACE ( 'NONE', ( #2202 ), #2398, .F. ) ;
#2290 =( NAMED_UNIT ( * ) PLANE_ANGLE_UNIT ( ) SI_UNIT ( $, .RADIAN. ) );
#2291 = DIRECTION ( 'NONE',  ( 1.047444401652940007E-14, 0.000000000000000000, 1.000000000000000000 ) ) ;
#2292 = DIRECTION ( 'NONE',  ( 0.3420201433256698786, 0.9396926207859079838, -3.582470843790090758E-15 ) ) ;
#2293 = VERTEX_POINT ( 'NONE', #1872 ) ;
#2294 = EDGE_CURVE ( 'NONE', #1698, #882, #4030, .T. ) ;
#2295 = DIRECTION ( 'NONE',  ( 1.000000000000000000, 0.000000000000000000, -9.908630082471227708E-15 ) ) ;
#2296 = ORIENTED_EDGE ( 'NONE', *, *, #108, .T. ) ;
#2297 = ORIENTED_EDGE ( 'NONE', *, *, #6459, .T. ) ;
#2298 = ORIENTED_EDGE ( 'NONE', *, *, #4853, .T. ) ;
#2299 = VERTEX_POINT ( 'NONE', #4063 ) ;
#2300 = ORIENTED_EDGE ( 'NONE', *, *, #7039, .T. ) ;
#2301 = VECTOR ( 'NONE', #2786, 1000.000000000000000 ) ;
#2302 = ORIENTED_EDGE ( 'NONE', *, *, #2069, .F. ) ;
#2303 = FACE_OUTER_BOUND ( 'NONE', #738, .T. ) ;
#2304 = ORIENTED_EDGE ( 'NONE', *, *, #4752, .F. ) ;
#2305 = ORIENTED_EDGE ( 'NONE', *, *, #281, .F. ) ;
#2306 = ORIENTED_EDGE ( 'NONE', *, *, #6791, .F. ) ;
#2307 = DIRECTION ( 'NONE',  ( -1.000000000000000000, 0.000000000000000000, 1.022859097168414451E-14 ) ) ;
#2308 = ORIENTED_EDGE ( 'NONE', *, *, #834, .F. ) ;
#2309 = DIRECTION ( 'NONE',  ( 1.000000000000000000, 0.000000000000000000, -1.064097747022317355E-14 ) ) ;
#2310 = EDGE_LOOP ( 'NONE', ( #3206, #3045, #6367, #86 ) ) ;
#2311 = CARTESIAN_POINT ( 'NONE',  ( -0.9454999999999817994, 0.3399999999999998024, 1.772500000000010623 ) ) ;
#2312 = CARTESIAN_POINT ( 'NONE',  ( -1.721904477684534696, 0.4800000000000010369, -1.459999999999982645 ) ) ;
#2313 = PLANE ( 'NONE',  #5107 ) ;
#2314 = CARTESIAN_POINT ( 'NONE',  ( -1.499999999999978906, 0.5800000000000004041, 2.019500000000015838 ) ) ;
#2315 = EDGE_CURVE ( 'NONE', #6141, #6863, #4655, .T. ) ;
#2316 = CARTESIAN_POINT ( 'NONE',  ( -1.721904477684500723, 0.7600000000000000089, 1.790000000000018465 ) ) ;
#2317 = LINE ( 'NONE', #1877, #1395 ) ;
#2318 = ORIENTED_EDGE ( 'NONE', *, *, #1812, .F. ) ;
#2319 = CARTESIAN_POINT ( 'NONE',  ( -1.856595201929836809E-14, 0.3399999999999998024, -1.772500000000000631 ) ) ;
#2320 = SURFACE_SIDE_STYLE ('',( #6686 ) ) ;
#2321 =( GEOMETRIC_REPRESENTATION_CONTEXT ( 3 ) GLOBAL_UNCERTAINTY_ASSIGNED_CONTEXT ( ( #1775 ) ) GLOBAL_UNIT_ASSIGNED_CONTEXT ( ( #4671, #5713, #156 ) ) REPRESENTATION_CONTEXT ( 'NONE', 'WORKASPACE' ) );
#2322 = ORIENTED_EDGE ( 'NONE', *, *, #691, .T. ) ;
#2323 = CARTESIAN_POINT ( 'NONE',  ( -2.239606933285943846, 0.01053252737922920866, -0.1599999999999764388 ) ) ;
#2324 = FACE_OUTER_BOUND ( 'NONE', #5098, .T. ) ;
#2325 = ADVANCED_FACE ( 'NONE', ( #6856 ), #5124, .F. ) ;
#2326 = VECTOR ( 'NONE', #1153, 1000.000000000000000 ) ;
#2327 = EDGE_CURVE ( 'NONE', #6739, #5724, #5739, .T. ) ;
#2328 = LINE ( 'NONE', #1776, #1387 ) ;
#2329 = DIRECTION ( 'NONE',  ( 1.047444401652940007E-14, -0.000000000000000000, 1.000000000000000000 ) ) ;
#2330 = VECTOR ( 'NONE', #2061, 1000.000000000000000 ) ;
#2331 = LINE ( 'NONE', #4045, #4477 ) ;
#2332 = EDGE_CURVE ( 'NONE', #2416, #2680, #3516, .T. ) ;
#2333 = VECTOR ( 'NONE', #1842, 1000.000000000000114 ) ;
#2334 = EDGE_CURVE ( 'NONE', #5947, #736, #1258, .T. ) ;
#2335 = DIRECTION ( 'NONE',  ( -1.000000000000000000, 0.000000000000000000, 1.022859097168414451E-14 ) ) ;
#2336 = ORIENTED_EDGE ( 'NONE', *, *, #1822, .T. ) ;
#2337 = VECTOR ( 'NONE', #6376, 1000.000000000000000 ) ;
#2338 = ORIENTED_EDGE ( 'NONE', *, *, #6104, .T. ) ;
#2339 = EDGE_LOOP ( 'NONE', ( #4801, #1188, #3684, #7053 ) ) ;
#2340 = ORIENTED_EDGE ( 'NONE', *, *, #4701, .T. ) ;
#2341 = VERTEX_POINT ( 'NONE', #2934 ) ;
#2342 = AXIS2_PLACEMENT_3D ( 'NONE', #2561, #3589, #3034 ) ;
#2343 = ORIENTED_EDGE ( 'NONE', *, *, #124, .F. ) ;
#2344 = STYLED_ITEM ( 'NONE', ( #4519 ), #6482 ) ;
#2345 = PRESENTATION_LAYER_ASSIGNMENT (  '', '', ( #3152 ) ) ;
#2346 = PRESENTATION_STYLE_ASSIGNMENT (( #3984 ) ) ;
#2347 = ADVANCED_FACE ( 'NONE', ( #185 ), #2974, .T. ) ;
#2348 = DIRECTION ( 'NONE',  ( -1.047444401652940007E-14, 0.000000000000000000, -1.000000000000000000 ) ) ;
#2349 = ORIENTED_EDGE ( 'NONE', *, *, #203, .F. ) ;
#2350 = EDGE_LOOP ( 'NONE', ( #6519, #7066, #3721, #4536 ) ) ;
#2351 = VECTOR ( 'NONE', #3263, 1000.000000000000114 ) ;
#2352 = PRESENTATION_LAYER_ASSIGNMENT (  '', '', ( #4913 ) ) ;
#2353 = LINE ( 'NONE', #7019, #399 ) ;
#2354 = ORIENTED_EDGE ( 'NONE', *, *, #3446, .F. ) ;
#2355 =( LENGTH_UNIT ( ) NAMED_UNIT ( * ) SI_UNIT ( .MILLI., .METRE. ) );
#2356 = ORIENTED_EDGE ( 'NONE', *, *, #2549, .F. ) ;
#2357 = ADVANCED_FACE ( 'NONE', ( #6267 ), #1291, .T. ) ;
#2358 = LINE ( 'NONE', #706, #4464 ) ;
#2359 = LINE ( 'NONE', #3370, #5267 ) ;
#2360 = CARTESIAN_POINT ( 'NONE',  ( 0.7055000000000156701, 0.3399999999999998024, 1.422499999999993214 ) ) ;
#2361 = LINE ( 'NONE', #1082, #1553 ) ;
#2362 = VECTOR ( 'NONE', #3211, 1000.000000000000000 ) ;
#2363 = FACE_OUTER_BOUND ( 'NONE', #449, .T. ) ;
#2364 = CARTESIAN_POINT ( 'NONE',  ( -1.910579527876277606, 0.2540000000000005587, -0.4899999999999800071 ) ) ;
#2365 = EDGE_CURVE ( 'NONE', #1062, #6036, #2268, .T. ) ;
#2366 = PRESENTATION_STYLE_ASSIGNMENT (( #5638 ) ) ;
#2367 = VERTEX_POINT ( 'NONE', #5548 ) ;
#2368 = CARTESIAN_POINT ( 'NONE',  ( 1.910579527876270500, 0.2540000000000005587, -0.1600000000000198763 ) ) ;
#2369 = AXIS2_PLACEMENT_3D ( 'NONE', #225, #2435, #4662 ) ;
#2370 = CARTESIAN_POINT ( 'NONE',  ( -1.721904477684527812, 0.5800000000000004041, -0.8099999999999822897 ) ) ;
#2371 = CARTESIAN_POINT ( 'NONE',  ( -2.079724199617727365, 0.3155636257986206283, 0.8100000000000220357 ) ) ;
#2372 = CARTESIAN_POINT ( 'NONE',  ( -1.042328651854239396, 1.000000000000000666, -1.490642050501197247 ) ) ;
#2373 = VECTOR ( 'NONE', #2657, 1000.000000000000000 ) ;
#2374 = LINE ( 'NONE', #6805, #5965 ) ;
#2375 = VECTOR ( 'NONE', #635, 1000.000000000000000 ) ;
#2376 = EDGE_CURVE ( 'NONE', #273, #2415, #1141, .T. ) ;
#2377 = DIRECTION ( 'NONE',  ( 0.9396926207859079838, -0.3420201433256698786, -9.842757749167782739E-15 ) ) ;
#2378 = ORIENTED_EDGE ( 'NONE', *, *, #6912, .F. ) ;
#2379 = VECTOR ( 'NONE', #1610, 999.9999999999998863 ) ;
#2380 = EDGE_LOOP ( 'NONE', ( #3983, #5441, #4988, #5983 ) ) ;
#2381 = AXIS2_PLACEMENT_3D ( 'NONE', #1273, #2988, #621 ) ;
#2382 = VECTOR ( 'NONE', #928, 1000.000000000000000 ) ;
#2383 = ORIENTED_EDGE ( 'NONE', *, *, #723, .T. ) ;
#2384 = ORIENTED_EDGE ( 'NONE', *, *, #6592, .F. ) ;
#2385 = ORIENTED_EDGE ( 'NONE', *, *, #1617, .T. ) ;
#2386 = EDGE_CURVE ( 'NONE', #1564, #6554, #3246, .T. ) ;
#2387 = LINE ( 'NONE', #4609, #3855 ) ;
#2388 = ORIENTED_EDGE ( 'NONE', *, *, #4756, .F. ) ;
#2389 = EDGE_CURVE ( 'NONE', #3328, #3825, #3362, .T. ) ;
#2390 = VERTEX_POINT ( 'NONE', #2700 ) ;
#2391 = ADVANCED_FACE ( 'NONE', ( #1713 ), #6148, .T. ) ;
#2392 = DIRECTION ( 'NONE',  ( 0.9986295347545742773, 0.05233595624293645165, -1.046008915503958750E-14 ) ) ;
#2393 = CARTESIAN_POINT ( 'NONE',  ( 0.7054999999999816973, 0.2400000000000004075, -1.772500000000007958 ) ) ;
#2394 = VECTOR ( 'NONE', #6707, 1000.000000000000000 ) ;
#2395 = FACE_OUTER_BOUND ( 'NONE', #577, .T. ) ;
#2396 = ADVANCED_FACE ( 'NONE', ( #595 ), #17, .F. ) ;
#2397 = FACE_OUTER_BOUND ( 'NONE', #1633, .T. ) ;
#2398 = PLANE ( 'NONE',  #2651 ) ;
#2399 = AXIS2_PLACEMENT_3D ( 'NONE', #3645, #6291, #3575 ) ;
#2400 = CARTESIAN_POINT ( 'NONE',  ( 1.815873739763122163, 0.5142020143325679582, 1.139999999999981251 ) ) ;
#2401 = LINE ( 'NONE', #4066, #2038 ) ;
#2402 = CARTESIAN_POINT ( 'NONE',  ( 0.7054999999999861382, 0.2400000000000004075, -1.422500000000007869 ) ) ;
#2403 = DIRECTION ( 'NONE',  ( -1.000000000000000000, 0.000000000000000000, 9.908630082471240330E-15 ) ) ;
#2404 = ORIENTED_EDGE ( 'NONE', *, *, #4664, .T. ) ;
#2405 = CARTESIAN_POINT ( 'NONE',  ( -1.721904477684500723, 0.4800000000000010369, 1.790000000000018465 ) ) ;
#2406 = LINE ( 'NONE', #3672, #1369 ) ;
#2407 = ORIENTED_EDGE ( 'NONE', *, *, #4658, .T. ) ;
#2408 = CARTESIAN_POINT ( 'NONE',  ( -2.440579527876287180, -2.168404344971008868E-16, -1.459999999999975095 ) ) ;
#2409 = CARTESIAN_POINT ( 'NONE',  ( -1.500000000000015321, 0.5800000000000004041, -1.459999999999984643 ) ) ;
#2410 = LINE ( 'NONE', #5853, #4426 ) ;
#2411 = CARTESIAN_POINT ( 'NONE',  ( 1.332873001103366647E-14, 0.2400000000000004075, 1.272500000000000409 ) ) ;
#2412 = DIRECTION ( 'NONE',  ( -1.047444401652940007E-14, 0.000000000000000000, -1.000000000000000000 ) ) ;
#2413 = FACE_OUTER_BOUND ( 'NONE', #1583, .T. ) ;
#2414 = VERTEX_POINT ( 'NONE', #5618 ) ;
#2415 = VERTEX_POINT ( 'NONE', #4938 ) ;
#2416 = VERTEX_POINT ( 'NONE', #2743 ) ;
#2417 = ORIENTED_EDGE ( 'NONE', *, *, #2917, .F. ) ;
#2418 = ORIENTED_EDGE ( 'NONE', *, *, #3387, .T. ) ;
#2419 = CARTESIAN_POINT ( 'NONE',  ( -0.8255000000000134452, 0.2400000000000004075, -1.272499999999991527 ) ) ;
#2420 = ORIENTED_EDGE ( 'NONE', *, *, #2518, .T. ) ;
#2421 = AXIS2_PLACEMENT_3D ( 'NONE', #1150, #1080, #1187 ) ;
#2422 = ORIENTED_EDGE ( 'NONE', *, *, #626, .T. ) ;
#2423 = CARTESIAN_POINT ( 'NONE',  ( -1.500000000000021316, 0.7600000000000000089, -2.019499999999985640 ) ) ;
#2424 = PLANE ( 'NONE',  #4090 ) ;
#2425 = VECTOR ( 'NONE', #217, 1000.000000000000000 ) ;
#2426 = DIRECTION ( 'NONE',  ( 1.000000000000000000, 0.000000000000000000, -6.866219186497642887E-15 ) ) ;
#2427 = CARTESIAN_POINT ( 'NONE',  ( -0.7054999999999816973, 0.3399999999999998024, 1.772500000000007958 ) ) ;
#2428 = EDGE_CURVE ( 'NONE', #3688, #3471, #2773, .T. ) ;
#2429 = EDGE_CURVE ( 'NONE', #1982, #1107, #5580, .T. ) ;
#2430 = DIRECTION ( 'NONE',  ( -0.1710878697460374021, -0.9702875252478136980, -0.1710878697460344045 ) ) ;
#2431 = CARTESIAN_POINT ( 'NONE',  ( 2.249027405409669278, 0.1902858436350523264, -0.1600000000000235401 ) ) ;
#2432 = CARTESIAN_POINT ( 'NONE',  ( -2.450000000000016609, 0.1797533162558246356, -1.459999999999975095 ) ) ;
#2433 = CARTESIAN_POINT ( 'NONE',  ( 1.985018411504564595, 0.5757656401311880279, -0.8100000000000211475 ) ) ;
#2434 = ORIENTED_EDGE ( 'NONE', *, *, #4756, .T. ) ;
#2435 = DIRECTION ( 'NONE',  ( -1.047444401652940007E-14, 0.000000000000000000, -1.000000000000000000 ) ) ;
#2436 = LINE ( 'NONE', #5808, #4404 ) ;
#2437 = VERTEX_POINT ( 'NONE', #7130 ) ;
#2438 = CARTESIAN_POINT ( 'NONE',  ( -0.9454999999999817994, 0.3399999999999998024, 1.772500000000010623 ) ) ;
#2439 = CARTESIAN_POINT ( 'NONE',  ( 2.249027405409675495, 0.1902858436350523264, 0.4899999999999764544 ) ) ;
#2440 = UNCERTAINTY_MEASURE_WITH_UNIT (LENGTH_MEASURE( 1.000000000000000082E-05 ), #5228, 'distance_accuracy_value', 'NONE');
#2441 = FILL_AREA_STYLE ('',( #655 ) ) ;
#2442 = PLANE ( 'NONE',  #5470 ) ;
#2443 = DIRECTION ( 'NONE',  ( 0.05233595624293795046, 0.9986295347545742773, -5.516594906701396738E-16 ) ) ;
#2444 = EDGE_CURVE ( 'NONE', #386, #90, #3354, .T. ) ;
#2445 = CARTESIAN_POINT ( 'NONE',  ( 1.721904477684531365, 0.4800000000000010369, 1.139999999999982361 ) ) ;
#2446 = VERTEX_POINT ( 'NONE', #57 ) ;
#2447 = LINE ( 'NONE', #303, #2150 ) ;
#2448 = ORIENTED_EDGE ( 'NONE', *, *, #4624, .F. ) ;
#2449 = VECTOR ( 'NONE', #487, 1000.000000000000000 ) ;
#2450 = VERTEX_POINT ( 'NONE', #5002 ) ;
#2451 = EDGE_LOOP ( 'NONE', ( #4889, #5778, #6698, #4812 ) ) ;
#2452 = ADVANCED_FACE ( 'NONE', ( #4974 ), #6702, .F. ) ;
#2453 = CARTESIAN_POINT ( 'NONE',  ( -0.7055000000000190008, 0.3399999999999998024, -1.772499999999993525 ) ) ;
#2454 = ORIENTED_EDGE ( 'NONE', *, *, #203, .T. ) ;
#2455 = ORIENTED_EDGE ( 'NONE', *, *, #5498, .T. ) ;
#2456 = AXIS2_PLACEMENT_3D ( 'NONE', #3600, #2512, #4742 ) ;
#2457 = ORIENTED_EDGE ( 'NONE', *, *, #4411, .T. ) ;
#2458 = VECTOR ( 'NONE', #1288, 1000.000000000000000 ) ;
#2459 = PRODUCT_CONTEXT ( 'NONE', #2785, 'mechanical' ) ;
#2460 = DIRECTION ( 'NONE',  ( 1.058546631899191572E-14, -0.000000000000000000, 1.000000000000000000 ) ) ;
#2461 = DIRECTION ( 'NONE',  ( 1.047444401652940007E-14, 0.000000000000000000, 1.000000000000000000 ) ) ;
#2462 = EDGE_CURVE ( 'NONE', #4499, #2390, #4353, .T. ) ;
#2463 = LINE ( 'NONE', #4693, #612 ) ;
#2464 = AXIS2_PLACEMENT_3D ( 'NONE', #1682, #4022, #2269 ) ;
#2465 = CARTESIAN_POINT ( 'NONE',  ( -2.249027405409665725, 0.1902858436350523264, 0.4900000000000236389 ) ) ;
#2466 = LINE ( 'NONE', #714, #2975 ) ;
#2467 = DIRECTION ( 'NONE',  ( -1.047444401652940007E-14, -0.000000000000000000, -1.000000000000000000 ) ) ;
#2468 = CARTESIAN_POINT ( 'NONE',  ( 1.500000000000001998, 0.7600000000000000089, 0.1599999999999843769 ) ) ;
#2469 = EDGE_LOOP ( 'NONE', ( #1496, #6589, #481, #5188 ) ) ;
#2470 = CARTESIAN_POINT ( 'NONE',  ( -1.332873001103366332E-14, 0.2400000000000004075, -1.272500000000000187 ) ) ;
#2471 = EDGE_CURVE ( 'NONE', #1830, #5357, #6084, .T. ) ;
#2472 = LINE ( 'NONE', #324, #5901 ) ;
#2473 = ADVANCED_FACE ( 'NONE', ( #2159 ), #1643, .F. ) ;
#2474 = ORIENTED_EDGE ( 'NONE', *, *, #6915, .T. ) ;
#2475 = LINE ( 'NONE', #6353, #247 ) ;
#2476 = VECTOR ( 'NONE', #315, 1000.000000000000000 ) ;
#2477 = CARTESIAN_POINT ( 'NONE',  ( 1.721904477684500723, 0.4800000000000010369, -1.790000000000018465 ) ) ;
#2478 = LINE ( 'NONE', #2511, #3722 ) ;
#2479 = CYLINDRICAL_SURFACE ( 'NONE', #1397, 0.2800000000000003042 ) ;
#2480 = EDGE_CURVE ( 'NONE', #2893, #1637, #1573, .T. ) ;
#2481 = LINE ( 'NONE', #1889, #6788 ) ;
#2482 = EDGE_CURVE ( 'NONE', #3790, #2415, #2190, .T. ) ;
#2483 = VECTOR ( 'NONE', #4116, 1000.000000000000000 ) ;
#2484 = EDGE_CURVE ( 'NONE', #4775, #6034, #6102, .T. ) ;
#2485 = CARTESIAN_POINT ( 'NONE',  ( 1.910579527876273831, 0.2540000000000005587, 0.1599999999999801026 ) ) ;
#2486 = ORIENTED_EDGE ( 'NONE', *, *, #4731, .F. ) ;
#2487 = CARTESIAN_POINT ( 'NONE',  ( 2.450000000000009948, 0.1797533162558246356, 0.8099999999999745182 ) ) ;
#2488 = EDGE_LOOP ( 'NONE', ( #3135, #3919, #1757, #3613, #3030, #805, #6183, #6794, #2697, #4566, #2969, #4328 ) ) ;
#2489 = FACE_OUTER_BOUND ( 'NONE', #6301, .T. ) ;
#2490 = CLOSED_SHELL ( 'NONE', ( #841, #6189, #1445, #3766, #6562, #6152, #766, #5405, #601, #2151, #428, #4744, #6935, #6448 ) ) ;
#2491 = EDGE_LOOP ( 'NONE', ( #1388, #4241, #2263, #1210, #1589, #4454, #1404, #5707, #4414, #1455, #3356, #4313 ) ) ;
#2492 = CIRCLE ( 'NONE', #7116, 0.3707949898354946372 ) ;
#2493 = CARTESIAN_POINT ( 'NONE',  ( -1.721904477684537804, 0.7600000000000000089, -1.789999999999982716 ) ) ;
#2494 = DIRECTION ( 'NONE',  ( 0.9986295347545742773, 0.05233595624293741616, -1.046008915503959065E-14 ) ) ;
#2495 = ORIENTED_EDGE ( 'NONE', *, *, #4436, .T. ) ;
#2496 = AXIS2_PLACEMENT_3D ( 'NONE', #1958, #4673, #4162 ) ;
#2497 = VECTOR ( 'NONE', #2502, 1000.000000000000000 ) ;
#2498 = VERTEX_POINT ( 'NONE', #2794 ) ;
#2499 = CARTESIAN_POINT ( 'NONE',  ( 2.259012843649077951, 0.3808193555679768583, 0.4899999999999766764 ) ) ;
#2500 = LINE ( 'NONE', #282, #2923 ) ;
#2501 = DIRECTION ( 'NONE',  ( -1.000000000000000000, 0.000000000000000000, 1.084202172485503961E-14 ) ) ;
#2502 = DIRECTION ( 'NONE',  ( 0.3420201433256684354, -0.9396926207859085389, -3.582470843790075770E-15 ) ) ;
#2503 = DIRECTION ( 'NONE',  ( 1.047444401652940007E-14, 0.000000000000000000, 1.000000000000000000 ) ) ;
#2504 = LINE ( 'NONE', #715, #2922 ) ;
#2505 = FACE_OUTER_BOUND ( 'NONE', #2942, .T. ) ;
#2506 = EDGE_LOOP ( 'NONE', ( #4231, #3195, #543, #6687 ) ) ;
#2507 = CARTESIAN_POINT ( 'NONE',  ( 2.249027405409662173, 0.1902858436350523264, -0.8100000000000235900 ) ) ;
#2508 = DIRECTION ( 'NONE',  ( -1.047444401652940007E-14, 0.000000000000000000, -1.000000000000000000 ) ) ;
#2509 = DIRECTION ( 'NONE',  ( -0.000000000000000000, -1.000000000000000000, -0.000000000000000000 ) ) ;
#2510 = CARTESIAN_POINT ( 'NONE',  ( -1.721904477684514045, 0.7600000000000000089, 0.4900000000000183098 ) ) ;
#2511 = CARTESIAN_POINT ( 'NONE',  ( 2.079724199617734026, 0.3155636257986206283, -0.1600000000000218747 ) ) ;
#2512 = DIRECTION ( 'NONE',  ( 1.000000000000000000, 0.000000000000000000, -1.047444401652940007E-14 ) ) ;
#2513 = DIRECTION ( 'NONE',  ( 1.047444401652940007E-14, -0.000000000000000000, 1.000000000000000000 ) ) ;
#2514 = EDGE_LOOP ( 'NONE', ( #6579, #3980, #7113, #1452 ) ) ;
#2515 = EDGE_CURVE ( 'NONE', #4686, #141, #548, .T. ) ;
#2516 = CARTESIAN_POINT ( 'NONE',  ( -2.450000000000009948, 0.1797533162558246356, -0.8099999999999745182 ) ) ;
#2517 = VERTEX_POINT ( 'NONE', #1816 ) ;
#2518 = EDGE_CURVE ( 'NONE', #4548, #3328, #5640, .T. ) ;
#2519 = CARTESIAN_POINT ( 'NONE',  ( -1.721904477684507384, 0.7600000000000000089, 1.140000000000018110 ) ) ;
#2520 = ORIENTED_EDGE ( 'NONE', *, *, #2958, .T. ) ;
#2521 = DIRECTION ( 'NONE',  ( -0.3420201433256684354, -0.9396926207859085389, 3.582470843790075770E-15 ) ) ;
#2522 = LINE ( 'NONE', #3061, #6978 ) ;
#2523 = ORIENTED_EDGE ( 'NONE', *, *, #5052, .F. ) ;
#2524 = ORIENTED_EDGE ( 'NONE', *, *, #74, .F. ) ;
#2525 = ORIENTED_EDGE ( 'NONE', *, *, #6915, .F. ) ;
#2526 = VECTOR ( 'NONE', #1684, 1000.000000000000000 ) ;
#2527 = ORIENTED_EDGE ( 'NONE', *, *, #3429, .F. ) ;
#2528 = SURFACE_STYLE_FILL_AREA ( #245 ) ;
#2529 = DIRECTION ( 'NONE',  ( -1.000000000000000000, 0.000000000000000000, 1.051271849867537044E-14 ) ) ;
#2530 = CARTESIAN_POINT ( 'NONE',  ( -2.259012843649053970, 0.3808193555679768583, 1.790000000000024682 ) ) ;
#2531 = FACE_OUTER_BOUND ( 'NONE', #5435, .T. ) ;
#2532 = CARTESIAN_POINT ( 'NONE',  ( 1.721904477684517598, 0.5800000000000004041, -0.1600000000000180167 ) ) ;
#2533 = DIRECTION ( 'NONE',  ( 0.05233595624293647941, -0.9986295347545742773, -5.481900437181704796E-16 ) ) ;
#2534 = FACE_OUTER_BOUND ( 'NONE', #497, .T. ) ;
#2535 = FACE_OUTER_BOUND ( 'NONE', #2888, .T. ) ;
#2536 = VERTEX_POINT ( 'NONE', #41 ) ;
#2537 = CARTESIAN_POINT ( 'NONE',  ( 1.856595201929836809E-14, 0.2400000000000004075, 1.772500000000000631 ) ) ;
#2538 = AXIS2_PLACEMENT_3D ( 'NONE', #499, #966, #2574 ) ;
#2539 = CARTESIAN_POINT ( 'NONE',  ( -1.721904477684521151, 0.7600000000000000089, -0.1599999999999819622 ) ) ;
#2540 = EDGE_CURVE ( 'NONE', #4686, #6256, #6245, .T. ) ;
#2541 = CARTESIAN_POINT ( 'NONE',  ( 2.259012843649081059, 0.3808193555679768583, 0.8099999999999765166 ) ) ;
#2542 = DIRECTION ( 'NONE',  ( 1.047444401652940007E-14, 0.000000000000000000, 1.000000000000000000 ) ) ;
#2543 =( NAMED_UNIT ( * ) SI_UNIT ( $, .STERADIAN. ) SOLID_ANGLE_UNIT ( ) );
#2544 = CARTESIAN_POINT ( 'NONE',  ( 1.499999999999988010, 0.5800000000000004041, -1.140000000000015890 ) ) ;
#2545 = DIRECTION ( 'NONE',  ( 0.05233595624293645165, -0.9986295347545742773, -5.481900437181702824E-16 ) ) ;
#2546 = EDGE_CURVE ( 'NONE', #5893, #3707, #1269, .T. ) ;
#2547 = ORIENTED_EDGE ( 'NONE', *, *, #3848, .F. ) ;
#2548 = FACE_OUTER_BOUND ( 'NONE', #4323, .T. ) ;
#2549 = EDGE_CURVE ( 'NONE', #6733, #279, #5346, .T. ) ;
#2550 = DIRECTION ( 'NONE',  ( 3.664421907340615925E-16, 1.000000000000000000, -3.862930115426472391E-30 ) ) ;
#2551 = ORIENTED_EDGE ( 'NONE', *, *, #1399, .F. ) ;
#2552 = EDGE_CURVE ( 'NONE', #1970, #2659, #4592, .T. ) ;
#2553 = EDGE_CURVE ( 'NONE', #3295, #4798, #3934, .T. ) ;
#2554 = CARTESIAN_POINT ( 'NONE',  ( 1.721904477684500723, 0.7600000000000000089, -1.790000000000018465 ) ) ;
#2555 = VECTOR ( 'NONE', #4236, 1000.000000000000000 ) ;
#2556 = ORIENTED_EDGE ( 'NONE', *, *, #4170, .F. ) ;
#2557 = APPLICATION_PROTOCOL_DEFINITION ( 'draft international standard', 'automotive_design', 1998, #2785 ) ;
#2558 = CARTESIAN_POINT ( 'NONE',  ( -0.7055000000000003491, 0.2400000000000004075, 7.389720253661496764E-15 ) ) ;
#2559 = CARTESIAN_POINT ( 'NONE',  ( 1.500000000000005551, 0.7600000000000000089, 0.4899999999999845035 ) ) ;
#2560 = EDGE_CURVE ( 'NONE', #1582, #3250, #3968, .T. ) ;
#2561 = CARTESIAN_POINT ( 'NONE',  ( 0.9455000000000188809, 0.3399999999999998024, 1.772499999999990861 ) ) ;
#2562 = EDGE_CURVE ( 'NONE', #6295, #3359, #1198, .T. ) ;
#2563 = AXIS2_PLACEMENT_3D ( 'NONE', #4292, #7035, #5804 ) ;
#2564 = FACE_OUTER_BOUND ( 'NONE', #5952, .T. ) ;
#2565 = VECTOR ( 'NONE', #81, 1000.000000000000000 ) ;
#2566 = CARTESIAN_POINT ( 'NONE',  ( 1.815873739763129047, 0.5142020143325679582, 1.789999999999981384 ) ) ;
#2567 = EDGE_CURVE ( 'NONE', #6440, #3946, #2789, .T. ) ;
#2568 = CARTESIAN_POINT ( 'NONE',  ( -1.500000000000008660, 0.5800000000000004041, -0.8099999999999843991 ) ) ;
#2569 = VERTEX_POINT ( 'NONE', #2368 ) ;
#2570 = LINE ( 'NONE', #5745, #955 ) ;
#2571 = VECTOR ( 'NONE', #172, 1000.000000000000000 ) ;
#2572 = PRESENTATION_LAYER_ASSIGNMENT (  '', '', ( #1985 ) ) ;
#2573 = MECHANICAL_DESIGN_GEOMETRIC_PRESENTATION_REPRESENTATION (  '', ( #3152 ), #5478 ) ;
#2574 = DIRECTION ( 'NONE',  ( -0.05233595624293647247, -0.9986295347545742773, 5.481900437181704796E-16 ) ) ;
#2575 = CARTESIAN_POINT ( 'NONE',  ( -1.985018411504575031, 0.5757656401311880279, -0.1599999999999791866 ) ) ;
#2576 = CARTESIAN_POINT ( 'NONE',  ( -2.259012843649074398, 0.3808193555679768583, -0.1599999999999764388 ) ) ;
#2577 = CARTESIAN_POINT ( 'NONE',  ( -2.450000000000013500, 0.1797533162558246356, -1.139999999999974811 ) ) ;
#2578 = ORIENTED_EDGE ( 'NONE', *, *, #3769, .T. ) ;
#2579 = LINE ( 'NONE', #5783, #1441 ) ;
#2580 = ORIENTED_EDGE ( 'NONE', *, *, #4222, .F. ) ;
#2581 = FACE_OUTER_BOUND ( 'NONE', #4416, .T. ) ;
#2582 = FACE_OUTER_BOUND ( 'NONE', #4651, .T. ) ;
#2583 = CARTESIAN_POINT ( 'NONE',  ( 1.721904477684524482, 0.4800000000000010369, 0.4899999999999822275 ) ) ;
#2584 = VECTOR ( 'NONE', #5941, 1000.000000000000000 ) ;
#2585 = EDGE_CURVE ( 'NONE', #1281, #1111, #4666, .T. ) ;
#2586 = ORIENTED_EDGE ( 'NONE', *, *, #3185, .T. ) ;
#2587 = AXIS2_PLACEMENT_3D ( 'NONE', #578, #4071, #1879 ) ;
#2588 = DIRECTION ( 'NONE',  ( 1.047444401652940007E-14, 0.000000000000000000, 1.000000000000000000 ) ) ;
#2589 = VERTEX_POINT ( 'NONE', #2323 ) ;
#2590 = ORIENTED_EDGE ( 'NONE', *, *, #810, .F. ) ;
#2591 = AXIS2_PLACEMENT_3D ( 'NONE', #2530, #782, #4617 ) ;
#2592 = ORIENTED_EDGE ( 'NONE', *, *, #5268, .F. ) ;
#2593 = ORIENTED_EDGE ( 'NONE', *, *, #2549, .T. ) ;
#2594 = CARTESIAN_POINT ( 'NONE',  ( -2.239606933285950507, 0.01053252737922920866, -0.8099999999999768496 ) ) ;
#2595 = AXIS2_PLACEMENT_3D ( 'NONE', #5442, #888, #5908 ) ;
#2596 = DIRECTION ( 'NONE',  ( -1.047444401652940007E-14, -0.000000000000000000, -1.000000000000000000 ) ) ;
#2597 = EDGE_CURVE ( 'NONE', #651, #5292, #115, .T. ) ;
#2598 = VECTOR ( 'NONE', #7028, 1000.000000000000000 ) ;
#2599 = CARTESIAN_POINT ( 'NONE',  ( -0.7054999999999816973, 0.3399999999999998024, 1.772500000000007958 ) ) ;
#2600 = LINE ( 'NONE', #4836, #4745 ) ;
#2601 = AXIS2_PLACEMENT_3D ( 'NONE', #1528, #3202, #2622 ) ;
#2602 = ADVANCED_FACE ( 'NONE', ( #2760 ), #4991, .F. ) ;
#2603 = EDGE_CURVE ( 'NONE', #2633, #2233, #1236, .T. ) ;
#2604 = CARTESIAN_POINT ( 'NONE',  ( -2.259012843649074398, 0.3808193555679768583, -0.1599999999999764388 ) ) ;
#2605 = VECTOR ( 'NONE', #2837, 1000.000000000000114 ) ;
#2606 = CARTESIAN_POINT ( 'NONE',  ( -1.721904477684524482, 0.7600000000000000089, -0.4899999999999822275 ) ) ;
#2607 = ORIENTED_EDGE ( 'NONE', *, *, #4481, .T. ) ;
#2608 = VECTOR ( 'NONE', #6859, 1000.000000000000000 ) ;
#2609 = CARTESIAN_POINT ( 'NONE',  ( 1.721904477684534696, 0.4800000000000010369, 1.459999999999982645 ) ) ;
#2610 = DIRECTION ( 'NONE',  ( -1.000000000000000000, 0.000000000000000000, 1.022859097168414451E-14 ) ) ;
#2611 = EDGE_LOOP ( 'NONE', ( #5022, #6744, #6695, #5719 ) ) ;
#2612 = CARTESIAN_POINT ( 'NONE',  ( -0.7055000000000156701, 0.2400000000000004075, -1.422499999999993214 ) ) ;
#2613 = CARTESIAN_POINT ( 'NONE',  ( -1.815873739763122163, 0.5142020143325679582, -1.139999999999981251 ) ) ;
#2614 = VECTOR ( 'NONE', #5049, 1000.000000000000000 ) ;
#2615 = CARTESIAN_POINT ( 'NONE',  ( -1.500000000000015321, 0.5800000000000004041, -1.459999999999985087 ) ) ;
#2616 = EDGE_LOOP ( 'NONE', ( #5005, #1801, #5227, #4514 ) ) ;
#2617 = CARTESIAN_POINT ( 'NONE',  ( -2.449999999999999289, 0.1797533162558246356, 0.1600000000000254274 ) ) ;
#2618 = VERTEX_POINT ( 'NONE', #6209 ) ;
#2619 = LINE ( 'NONE', #7048, #1753 ) ;
#2620 = VECTOR ( 'NONE', #1457, 1000.000000000000000 ) ;
#2621 = DIRECTION ( 'NONE',  ( 1.047444401652940007E-14, 0.000000000000000000, 1.000000000000000000 ) ) ;
#2622 = DIRECTION ( 'NONE',  ( 1.047444401652940007E-14, 0.000000000000000000, 1.000000000000000000 ) ) ;
#2623 = ORIENTED_EDGE ( 'NONE', *, *, #6784, .F. ) ;
#2624 = CARTESIAN_POINT ( 'NONE',  ( -1.499999999999978906, 0.7600000000000000089, 2.019500000000015838 ) ) ;
#2625 = ADVANCED_FACE ( 'NONE', ( #1157 ), #3902, .F. ) ;
#2626 = ORIENTED_EDGE ( 'NONE', *, *, #298, .F. ) ;
#2627 = ORIENTED_EDGE ( 'NONE', *, *, #3093, .F. ) ;
#2628 = DIRECTION ( 'NONE',  ( -0.000000000000000000, -1.000000000000000000, -0.000000000000000000 ) ) ;
#2629 = DIRECTION ( 'NONE',  ( 1.047444401652940007E-14, 0.000000000000000000, 1.000000000000000000 ) ) ;
#2630 = AXIS2_PLACEMENT_3D ( 'NONE', #531, #3920, #2230 ) ;
#2631 = CARTESIAN_POINT ( 'NONE',  ( -1.499999999999988010, 0.7600000000000000089, 1.140000000000015890 ) ) ;
#2632 = ADVANCED_FACE ( 'NONE', ( #5028 ), #2903, .F. ) ;
#2633 = VERTEX_POINT ( 'NONE', #6801 ) ;
#2634 = DIRECTION ( 'NONE',  ( -1.000000000000000000, 0.000000000000000000, 1.047444401652940007E-14 ) ) ;
#2635 = VECTOR ( 'NONE', #2835, 1000.000000000000000 ) ;
#2636 = CARTESIAN_POINT ( 'NONE',  ( 1.910579527876253847, 0.2540000000000005587, -1.790000000000020908 ) ) ;
#2637 = ORIENTED_EDGE ( 'NONE', *, *, #5587, .F. ) ;
#2638 = DIRECTION ( 'NONE',  ( 1.000000000000000000, 0.000000000000000000, -1.047444401652940007E-14 ) ) ;
#2639 = EDGE_CURVE ( 'NONE', #6701, #6440, #5314, .T. ) ;
#2640 = EDGE_CURVE ( 'NONE', #2708, #4128, #1858, .T. ) ;
#2641 = CARTESIAN_POINT ( 'NONE',  ( 1.910579527876290928, 0.2540000000000005587, 1.789999999999980718 ) ) ;
#2642 = LINE ( 'NONE', #3223, #2382 ) ;
#2643 = DIRECTION ( 'NONE',  ( -1.047444401652940007E-14, 0.000000000000000000, -1.000000000000000000 ) ) ;
#2644 = VECTOR ( 'NONE', #4513, 1000.000000000000000 ) ;
#2645 = SURFACE_STYLE_USAGE ( .BOTH. , #5528 ) ;
#2646 = FACE_OUTER_BOUND ( 'NONE', #5150, .T. ) ;
#2647 = ORIENTED_EDGE ( 'NONE', *, *, #4032, .T. ) ;
#2648 = PLANE ( 'NONE',  #3543 ) ;
#2649 = EDGE_CURVE ( 'NONE', #4177, #3505, #6938, .T. ) ;
#2650 = DIRECTION ( 'NONE',  ( 1.047444401652940007E-14, 0.000000000000000000, 1.000000000000000000 ) ) ;
#2651 = AXIS2_PLACEMENT_3D ( 'NONE', #755, #6306, #1804 ) ;
#2652 = CARTESIAN_POINT ( 'NONE',  ( 1.500000000000005551, 0.7600000000000000089, 0.4899999999999845035 ) ) ;
#2653 = CARTESIAN_POINT ( 'NONE',  ( 1.721904477684524482, 0.4800000000000010369, 0.4899999999999822275 ) ) ;
#2654 = DIRECTION ( 'NONE',  ( 1.000000000000000000, -0.000000000000000000, -1.402715769532989942E-14 ) ) ;
#2655 = EDGE_CURVE ( 'NONE', #166, #4995, #1506, .T. ) ;
#2656 = ORIENTED_EDGE ( 'NONE', *, *, #6334, .T. ) ;
#2657 = DIRECTION ( 'NONE',  ( 0.000000000000000000, 1.000000000000000000, 0.000000000000000000 ) ) ;
#2658 = VERTEX_POINT ( 'NONE', #4077 ) ;
#2659 = VERTEX_POINT ( 'NONE', #6385 ) ;
#2660 = ORIENTED_EDGE ( 'NONE', *, *, #5541, .T. ) ;
#2661 = ORIENTED_EDGE ( 'NONE', *, *, #4706, .F. ) ;
#2662 = EDGE_CURVE ( 'NONE', #279, #6733, #4892, .T. ) ;
#2663 = LINE ( 'NONE', #3833, #6284 ) ;
#2664 = LINE ( 'NONE', #5437, #6412 ) ;
#2665 = FACE_OUTER_BOUND ( 'NONE', #1680, .T. ) ;
#2666 = ORIENTED_EDGE ( 'NONE', *, *, #4133, .T. ) ;
#2667 = DIRECTION ( 'NONE',  ( -1.047444401652940007E-14, 0.000000000000000000, -1.000000000000000000 ) ) ;
#2668 = CIRCLE ( 'NONE', #1160, 0.3707949898354948592 ) ;
#2669 = PLANE ( 'NONE',  #5927 ) ;
#2670 = ORIENTED_EDGE ( 'NONE', *, *, #5839, .T. ) ;
#2671 = EDGE_CURVE ( 'NONE', #3146, #4055, #1448, .T. ) ;
#2672 = DIRECTION ( 'NONE',  ( -1.000000000000000000, 0.000000000000000000, 1.084202172485504118E-14 ) ) ;
#2673 = PLANE ( 'NONE',  #2538 ) ;
#2674 = AXIS2_PLACEMENT_3D ( 'NONE', #2372, #4557, #3351 ) ;
#2675 = CARTESIAN_POINT ( 'NONE',  ( 0.7054999999999816973, 0.2400000000000004075, -1.772500000000007958 ) ) ;
#2676 = DIRECTION ( 'NONE',  ( -1.000000000000000000, 0.000000000000000000, 1.045327707463172173E-14 ) ) ;
#2677 = EDGE_CURVE ( 'NONE', #6932, #6851, #6280, .T. ) ;
#2678 = SURFACE_STYLE_FILL_AREA ( #36 ) ;
#2679 = AXIS2_PLACEMENT_3D ( 'NONE', #5273, #3011, #6238 ) ;
#2680 = VERTEX_POINT ( 'NONE', #6907 ) ;
#2681 = DIRECTION ( 'NONE',  ( -1.047444401652940007E-14, 0.000000000000000000, -1.000000000000000000 ) ) ;
#2682 = VECTOR ( 'NONE', #6185, 1000.000000000000000 ) ;
#2683 = CARTESIAN_POINT ( 'NONE',  ( 1.721904477684524482, 0.4800000000000010369, 0.4899999999999822275 ) ) ;
#2684 = EDGE_LOOP ( 'NONE', ( #4837, #3091, #7024, #4092 ) ) ;
#2685 = VECTOR ( 'NONE', #2179, 1000.000000000000000 ) ;
#2686 = LINE ( 'NONE', #6031, #6299 ) ;
#2687 = CARTESIAN_POINT ( 'NONE',  ( 1.721904477684531365, 0.4800000000000010369, 1.139999999999982361 ) ) ;
#2688 = EDGE_CURVE ( 'NONE', #6603, #26, #3017, .T. ) ;
#2689 = ADVANCED_FACE ( 'NONE', ( #1300 ), #228, .F. ) ;
#2690 = DIRECTION ( 'NONE',  ( 1.047444401652940007E-14, 0.000000000000000000, 1.000000000000000000 ) ) ;
#2691 = VERTEX_POINT ( 'NONE', #194 ) ;
#2692 = EDGE_CURVE ( 'NONE', #5530, #1939, #3637, .T. ) ;
#2693 = CARTESIAN_POINT ( 'NONE',  ( 1.500000000000018874, 0.5800000000000004041, 1.789999999999985159 ) ) ;
#2694 = ORIENTED_EDGE ( 'NONE', *, *, #3997, .T. ) ;
#2695 = EDGE_LOOP ( 'NONE', ( #5879, #959, #822, #6352 ) ) ;
#2696 = CIRCLE ( 'NONE', #1424, 0.1000000000000000472 ) ;
#2697 = ORIENTED_EDGE ( 'NONE', *, *, #5279, .F. ) ;
#2698 = ORIENTED_EDGE ( 'NONE', *, *, #6090, .F. ) ;
#2699 = DIRECTION ( 'NONE',  ( 0.000000000000000000, 1.000000000000000000, 0.000000000000000000 ) ) ;
#2700 = CARTESIAN_POINT ( 'NONE',  ( -1.985018411504568148, 0.5757656401311880279, 0.4900000000000210298 ) ) ;
#2701 = DIRECTION ( 'NONE',  ( 3.664421907340615925E-16, 1.000000000000000000, -3.862930115426472391E-30 ) ) ;
#2702 = ORIENTED_EDGE ( 'NONE', *, *, #2560, .F. ) ;
#2703 = AXIS2_PLACEMENT_3D ( 'NONE', #2609, #5984, #2672 ) ;
#2704 = DIRECTION ( 'NONE',  ( -0.3420201433256698786, 0.9396926207859079838, 3.582470843790090758E-15 ) ) ;
#2705 = ORIENTED_EDGE ( 'NONE', *, *, #2639, .F. ) ;
#2706 = AXIS2_PLACEMENT_3D ( 'NONE', #5574, #624, #3355 ) ;
#2707 = DIRECTION ( 'NONE',  ( -1.000000000000000000, 0.000000000000000000, 1.052637691431446117E-14 ) ) ;
#2708 = VERTEX_POINT ( 'NONE', #325 ) ;
#2709 = DIRECTION ( 'NONE',  ( -1.000000000000000000, 0.000000000000000000, 1.047444401652940007E-14 ) ) ;
#2710 = ORIENTED_EDGE ( 'NONE', *, *, #5279, .T. ) ;
#2711 = ORIENTED_EDGE ( 'NONE', *, *, #1997, .F. ) ;
#2712 = VECTOR ( 'NONE', #3442, 1000.000000000000000 ) ;
#2713 = CYLINDRICAL_SURFACE ( 'NONE', #1890, 0.1907949898354945883 ) ;
#2714 = CARTESIAN_POINT ( 'NONE',  ( -1.815873739763125716, 0.5142020143325679582, -1.459999999999981313 ) ) ;
#2715 = AXIS2_PLACEMENT_3D ( 'NONE', #6742, #6192, #1217 ) ;
#2716 = ORIENTED_EDGE ( 'NONE', *, *, #2315, .T. ) ;
#2717 = CARTESIAN_POINT ( 'NONE',  ( -0.9455000000000136628, 0.2400000000000004075, -1.272499999999990417 ) ) ;
#2718 = DIRECTION ( 'NONE',  ( 8.642576025897891774E-15, -0.000000000000000000, 1.000000000000000000 ) ) ;
#2719 = VECTOR ( 'NONE', #2175, 1000.000000000000000 ) ;
#2720 = VECTOR ( 'NONE', #5559, 1000.000000000000000 ) ;
#2721 = DIRECTION ( 'NONE',  ( 1.047444401652940007E-14, -0.000000000000000000, 1.000000000000000000 ) ) ;
#2722 = VERTEX_POINT ( 'NONE', #3597 ) ;
#2723 = DIRECTION ( 'NONE',  ( -1.000000000000000000, 0.000000000000000000, 1.084202172485503961E-14 ) ) ;
#2724 = LINE ( 'NONE', #4408, #5825 ) ;
#2725 = ORIENTED_EDGE ( 'NONE', *, *, #2136, .T. ) ;
#2726 = DIRECTION ( 'NONE',  ( 1.000000000000000000, -3.664421907340616418E-16, -1.047444401652940007E-14 ) ) ;
#2727 = DIRECTION ( 'NONE',  ( -0.05233595624293795046, 0.9986295347545742773, 5.516594906701396738E-16 ) ) ;
#2728 = EDGE_CURVE ( 'NONE', #4383, #2589, #2475, .T. ) ;
#2729 = CARTESIAN_POINT ( 'NONE',  ( 1.721904477684514045, 0.4800000000000010369, -0.4900000000000183098 ) ) ;
#2730 = DIRECTION ( 'NONE',  ( -1.047444401652940007E-14, 0.000000000000000000, -1.000000000000000000 ) ) ;
#2731 = VERTEX_POINT ( 'NONE', #2438 ) ;
#2732 = EDGE_CURVE ( 'NONE', #5530, #1570, #4703, .T. ) ;
#2733 = EDGE_CURVE ( 'NONE', #212, #1640, #6871, .T. ) ;
#2734 = FACE_OUTER_BOUND ( 'NONE', #6730, .T. ) ;
#2735 = VERTEX_POINT ( 'NONE', #721 ) ;
#2736 = ORIENTED_EDGE ( 'NONE', *, *, #264, .T. ) ;
#2737 = ORIENTED_EDGE ( 'NONE', *, *, #7156, .F. ) ;
#2738 = VECTOR ( 'NONE', #4847, 999.9999999999998863 ) ;
#2739 = ORIENTED_EDGE ( 'NONE', *, *, #1480, .F. ) ;
#2740 = ORIENTED_EDGE ( 'NONE', *, *, #3584, .F. ) ;
#2741 = EDGE_CURVE ( 'NONE', #1786, #1190, #5850, .T. ) ;
#2742 = DIRECTION ( 'NONE',  ( 1.047444401652940007E-14, 0.000000000000000000, 1.000000000000000000 ) ) ;
#2743 = CARTESIAN_POINT ( 'NONE',  ( -1.910579527876270500, 0.2540000000000005587, 0.1600000000000198763 ) ) ;
#2744 = CARTESIAN_POINT ( 'NONE',  ( -1.985018411504571478, 0.5757656401311880279, 0.1600000000000208755 ) ) ;
#2745 = VERTEX_POINT ( 'NONE', #2408 ) ;
#2746 = CARTESIAN_POINT ( 'NONE',  ( 0.7055000000000156701, 0.2400000000000004075, 1.422499999999993214 ) ) ;
#2747 = CARTESIAN_POINT ( 'NONE',  ( -2.079724199617717595, 0.3155636257986206283, 1.790000000000022462 ) ) ;
#2748 = VERTEX_POINT ( 'NONE', #866 ) ;
#2749 = DIRECTION ( 'NONE',  ( 1.047444401652940007E-14, -0.000000000000000000, 1.000000000000000000 ) ) ;
#2750 = EDGE_LOOP ( 'NONE', ( #2079, #450, #2637, #2418 ) ) ;
#2751 = VERTEX_POINT ( 'NONE', #1882 ) ;
#2752 = DIRECTION ( 'NONE',  ( -1.047444401652940007E-14, -0.000000000000000000, -1.000000000000000000 ) ) ;
#2753 = DIRECTION ( 'NONE',  ( -1.000000000000000000, 0.000000000000000000, 1.045480666325307599E-14 ) ) ;
#2754 = DIRECTION ( 'NONE',  ( 0.9986295347545742773, -0.05233595624293795739, -1.046008915503958907E-14 ) ) ;
#2755 = DIRECTION ( 'NONE',  ( -1.047444401652940007E-14, 0.000000000000000000, -1.000000000000000000 ) ) ;
#2756 = LINE ( 'NONE', #1122, #2206 ) ;
#2757 = CARTESIAN_POINT ( 'NONE',  ( -2.239606933285923418, 0.01053252737922920866, 1.790000000000024460 ) ) ;
#2758 = EDGE_CURVE ( 'NONE', #2498, #6701, #2668, .T. ) ;
#2759 = ORIENTED_EDGE ( 'NONE', *, *, #5579, .T. ) ;
#2760 = FACE_OUTER_BOUND ( 'NONE', #703, .T. ) ;
#2761 = FACE_OUTER_BOUND ( 'NONE', #6384, .T. ) ;
#2762 = FACE_OUTER_BOUND ( 'NONE', #963, .T. ) ;
#2763 = CYLINDRICAL_SURFACE ( 'NONE', #3177, 0.3707949898354946372 ) ;
#2764 = ORIENTED_EDGE ( 'NONE', *, *, #993, .F. ) ;
#2765 = EDGE_CURVE ( 'NONE', #53, #4281, #3568, .T. ) ;
#2766 = VECTOR ( 'NONE', #1299, 1000.000000000000000 ) ;
#2768 = EDGE_CURVE ( 'NONE', #1936, #1904, #7074, .T. ) ;
#2767 = DIRECTION ( 'NONE',  ( -1.047444401652940007E-14, 0.000000000000000000, -1.000000000000000000 ) ) ;
#2769 = ORIENTED_EDGE ( 'NONE', *, *, #124, .T. ) ;
#2770 = ORIENTED_EDGE ( 'NONE', *, *, #723, .F. ) ;
#2771 = ORIENTED_EDGE ( 'NONE', *, *, #407, .T. ) ;
#2772 = EDGE_CURVE ( 'NONE', #4428, #6132, #5913, .T. ) ;
#2773 = LINE ( 'NONE', #3917, #6477 ) ;
#2775 = EDGE_CURVE ( 'NONE', #2980, #1903, #3779, .T. ) ;
#2774 = PLANE ( 'NONE',  #496 ) ;
#2776 = EDGE_LOOP ( 'NONE', ( #37, #6326, #3428, #2716 ) ) ;
#2777 = CARTESIAN_POINT ( 'NONE',  ( -1.721904477684510937, 0.7600000000000000089, 0.8100000000000183720 ) ) ;
#2778 = DIRECTION ( 'NONE',  ( -1.047444401652940007E-14, 0.000000000000000000, -1.000000000000000000 ) ) ;
#2779 = ORIENTED_EDGE ( 'NONE', *, *, #336, .T. ) ;
#2780 = EDGE_CURVE ( 'NONE', #1522, #7020, #4846, .T. ) ;
#2781 = PLANE ( 'NONE',  #4674 ) ;
#2782 = ORIENTED_EDGE ( 'NONE', *, *, #6408, .T. ) ;
#2783 = CARTESIAN_POINT ( 'NONE',  ( -0.9454999999999869065, 0.3399999999999998024, 1.272500000000010623 ) ) ;
#2784 = ADVANCED_FACE ( 'NONE', ( #5489 ), #2029, .T. ) ;
#2785 = APPLICATION_CONTEXT ( 'automotive_design' ) ;
#2786 = DIRECTION ( 'NONE',  ( -0.000000000000000000, -1.000000000000000000, -0.000000000000000000 ) ) ;
#2787 = ORIENTED_EDGE ( 'NONE', *, *, #1185, .F. ) ;
#2788 = CARTESIAN_POINT ( 'NONE',  ( -1.721904477684507384, 0.5800000000000004041, 1.140000000000018110 ) ) ;
#2789 = CIRCLE ( 'NONE', #3960, 0.3707949898354948592 ) ;
#2790 = SURFACE_SIDE_STYLE ('',( #5560 ) ) ;
#2791 = CARTESIAN_POINT ( 'NONE',  ( 1.721904477684504053, 0.5800000000000004041, -1.460000000000018394 ) ) ;
#2792 = FACE_OUTER_BOUND ( 'NONE', #3608, .T. ) ;
#2793 = DIRECTION ( 'NONE',  ( -0.9986295347545741663, 0.05233595624293794352, 1.046008915503958592E-14 ) ) ;
#2794 = CARTESIAN_POINT ( 'NONE',  ( 1.910579527876280492, 0.2540000000000005587, 0.8099999999999800693 ) ) ;
#2795 = DIRECTION ( 'NONE',  ( -1.000000000000000000, 0.000000000000000000, 1.084202172485503961E-14 ) ) ;
#2796 = VECTOR ( 'NONE', #6571, 1000.000000000000000 ) ;
#2797 = VECTOR ( 'NONE', #435, 1000.000000000000000 ) ;
#2798 = VECTOR ( 'NONE', #2699, 1000.000000000000000 ) ;
#2799 = DIRECTION ( 'NONE',  ( -1.047444401652940007E-14, 0.000000000000000000, -1.000000000000000000 ) ) ;
#2800 = DIRECTION ( 'NONE',  ( -1.047444401652940007E-14, 0.000000000000000000, -1.000000000000000000 ) ) ;
#2801 = ORIENTED_EDGE ( 'NONE', *, *, #6973, .F. ) ;
#2802 = VECTOR ( 'NONE', #275, 1000.000000000000000 ) ;
#2803 =( GEOMETRIC_REPRESENTATION_CONTEXT ( 3 ) GLOBAL_UNCERTAINTY_ASSIGNED_CONTEXT ( ( #6874 ) ) GLOBAL_UNIT_ASSIGNED_CONTEXT ( ( #3610, #5457, #5862 ) ) REPRESENTATION_CONTEXT ( 'NONE', 'WORKASPACE' ) );
#2804 = FACE_OUTER_BOUND ( 'NONE', #2265, .T. ) ;
#2805 = EDGE_LOOP ( 'NONE', ( #6892, #3577, #3284, #241 ) ) ;
#2806 = EDGE_CURVE ( 'NONE', #2066, #6937, #2642, .T. ) ;
#2807 = ORIENTED_EDGE ( 'NONE', *, *, #4517, .T. ) ;
#2808 = ORIENTED_EDGE ( 'NONE', *, *, #29, .T. ) ;
#2809 = DIRECTION ( 'NONE',  ( -0.3420201433256698231, 0.9396926207859079838, 3.582470843790089969E-15 ) ) ;
#2810 = LINE ( 'NONE', #6186, #2812 ) ;
#2811 = ORIENTED_EDGE ( 'NONE', *, *, #3714, .T. ) ;
#2812 = VECTOR ( 'NONE', #3510, 1000.000000000000000 ) ;
#2813 = CARTESIAN_POINT ( 'NONE',  ( 0.8255000000000002336, 0.2400000000000004075, -8.646653535645023509E-15 ) ) ;
#2814 = EDGE_LOOP ( 'NONE', ( #5358, #7047, #6845, #6870, #6825, #6181, #6525, #4894, #909, #3475, #999, #5059, #2046, #6774, #2270, #404, #1032, #537, #1492, #3830 ) ) ;
#2815 = EDGE_CURVE ( 'NONE', #3988, #4101, #7143, .T. ) ;
#2816 = DIRECTION ( 'NONE',  ( -1.000000000000000000, 3.664421907340615925E-16, 1.047444401652940007E-14 ) ) ;
#2817 = DIRECTION ( 'NONE',  ( -1.047444401652940007E-14, 0.000000000000000000, -1.000000000000000000 ) ) ;
#2818 = CYLINDRICAL_SURFACE ( 'NONE', #1540, 0.1750719788243585429 ) ;
#2819 = VECTOR ( 'NONE', #1118, 1000.000000000000000 ) ;
#2820 = VERTEX_POINT ( 'NONE', #2612 ) ;
#2821 = DIRECTION ( 'NONE',  ( 1.047444401652940007E-14, -0.000000000000000000, 1.000000000000000000 ) ) ;
#2822 = CARTESIAN_POINT ( 'NONE',  ( 2.449999999999989075, 0.1797533162558246356, -1.140000000000025437 ) ) ;
#2823 = ADVANCED_FACE ( 'NONE', ( #461 ), #3703, .F. ) ;
#2824 = DIRECTION ( 'NONE',  ( -1.000000000000000000, 0.000000000000000000, 1.084202172485504118E-14 ) ) ;
#2825 = SURFACE_STYLE_FILL_AREA ( #3853 ) ;
#2826 = VECTOR ( 'NONE', #6303, 1000.000000000000000 ) ;
#2827 = ADVANCED_FACE ( 'NONE', ( #6460 ), #2137, .F. ) ;
#2828 = LINE ( 'NONE', #716, #4780 ) ;
#2829 = ORIENTED_EDGE ( 'NONE', *, *, #1934, .F. ) ;
#2830 = DIRECTION ( 'NONE',  ( -1.000000000000000000, 0.000000000000000000, 1.052637691431446117E-14 ) ) ;
#2831 = AXIS2_PLACEMENT_3D ( 'NONE', #4561, #3943, #48 ) ;
#2832 = CIRCLE ( 'NONE', #7014, 0.3707949898354946372 ) ;
#2833 = EDGE_LOOP ( 'NONE', ( #6259, #3778, #4735, #2739 ) ) ;
#2834 = DIRECTION ( 'NONE',  ( -1.000000000000000000, -3.664421907340615925E-16, 1.047444401652940007E-14 ) ) ;
#2835 = DIRECTION ( 'NONE',  ( 0.05233595624293647247, -0.9986295347545742773, -5.481900437181704796E-16 ) ) ;
#2836 = DIRECTION ( 'NONE',  ( -0.3420201433256698786, 0.9396926207859079838, 3.582470843790090758E-15 ) ) ;
#2837 = DIRECTION ( 'NONE',  ( -0.1710878697460332387, -0.9702875252478138091, 0.1710878697460380682 ) ) ;
#2838 = EDGE_LOOP ( 'NONE', ( #1463, #5429, #6913, #2297 ) ) ;
#2839 = CARTESIAN_POINT ( 'NONE',  ( -1.910579527876270500, 0.2540000000000005587, 0.1600000000000198763 ) ) ;
#2840 = ORIENTED_EDGE ( 'NONE', *, *, #1163, .T. ) ;
#2841 = EDGE_LOOP ( 'NONE', ( #2007, #2580, #7045, #2078 ) ) ;
#2842 = VERTEX_POINT ( 'NONE', #4876 ) ;
#2843 = EDGE_CURVE ( 'NONE', #3564, #364, #4915, .T. ) ;
#2844 = CARTESIAN_POINT ( 'NONE',  ( 1.815873739763119055, 0.5142020143325679582, 0.8099999999999812905 ) ) ;
#2845 = DIRECTION ( 'NONE',  ( 1.047444401652940007E-14, 0.000000000000000000, 1.000000000000000000 ) ) ;
#2846 = ORIENTED_EDGE ( 'NONE', *, *, #5981, .F. ) ;
#2847 = EDGE_LOOP ( 'NONE', ( #2167, #3882, #663, #6201 ) ) ;
#2848 = STYLED_ITEM ( 'NONE', ( #2279 ), #4099 ) ;
#2849 = LINE ( 'NONE', #6705, #3651 ) ;
#2850 = ORIENTED_EDGE ( 'NONE', *, *, #3043, .T. ) ;
#2851 = CARTESIAN_POINT ( 'NONE',  ( -1.910579527876288042, 0.2540000000000005587, -1.459999999999980647 ) ) ;
#2852 = ORIENTED_EDGE ( 'NONE', *, *, #3518, .T. ) ;
#2853 = PLANE ( 'NONE',  #6420 ) ;
#2854 = LINE ( 'NONE', #5696, #876 ) ;
#2855 = DIRECTION ( 'NONE',  ( -1.000000000000000000, 0.000000000000000000, 1.047444401652940007E-14 ) ) ;
#2856 = ADVANCED_FACE ( 'NONE', ( #1586 ), #4299, .F. ) ;
#2857 = VERTEX_POINT ( 'NONE', #2171 ) ;
#2858 = FACE_OUTER_BOUND ( 'NONE', #2805, .T. ) ;
#2859 = ORIENTED_EDGE ( 'NONE', *, *, #2780, .F. ) ;
#2860 = LINE ( 'NONE', #7180, #307 ) ;
#2861 = CARTESIAN_POINT ( 'NONE',  ( -1.042328651854239396, 1.000000000000000666, -1.490642050501197247 ) ) ;
#2862 = ORIENTED_EDGE ( 'NONE', *, *, #6737, .T. ) ;
#2863 = EDGE_CURVE ( 'NONE', #1562, #4530, #5885, .T. ) ;
#2864 = CARTESIAN_POINT ( 'NONE',  ( 2.249027405409669278, 0.1902858436350523264, -0.1600000000000235401 ) ) ;
#2865 = ADVANCED_FACE ( 'NONE', ( #3814 ), #6024, .F. ) ;
#2866 = DIRECTION ( 'NONE',  ( -1.047444401652940007E-14, -0.000000000000000000, -1.000000000000000000 ) ) ;
#2867 = CARTESIAN_POINT ( 'NONE',  ( 0.7054999999999862492, 0.3399999999999998024, -1.422500000000008091 ) ) ;
#2868 = DIRECTION ( 'NONE',  ( -1.047444401652940007E-14, -0.000000000000000000, -1.000000000000000000 ) ) ;
#2869 = AXIS2_PLACEMENT_3D ( 'NONE', #3142, #346, #6523 ) ;
#2870 = UNCERTAINTY_MEASURE_WITH_UNIT (LENGTH_MEASURE( 1.000000000000000082E-05 ), #5876, 'distance_accuracy_value', 'NONE');
#2871 = FILL_AREA_STYLE ('',( #6837 ) ) ;
#2872 = CARTESIAN_POINT ( 'NONE',  ( -2.249027405409652403, 0.1902858436350523264, 1.790000000000024016 ) ) ;
#2873 = VECTOR ( 'NONE', #5315, 1000.000000000000000 ) ;
#2874 = DIRECTION ( 'NONE',  ( -1.047444401652940007E-14, 0.000000000000000000, -1.000000000000000000 ) ) ;
#2875 = ADVANCED_FACE ( 'NONE', ( #5450 ), #4805, .F. ) ;
#2876 = CARTESIAN_POINT ( 'NONE',  ( 0.7055000000000156701, 0.2400000000000004075, 1.422499999999993214 ) ) ;
#2877 = ORIENTED_EDGE ( 'NONE', *, *, #4156, .F. ) ;
#2878 = ORIENTED_EDGE ( 'NONE', *, *, #5892, .T. ) ;
#2879 = VERTEX_POINT ( 'NONE', #5341 ) ;
#2880 = ADVANCED_FACE ( 'NONE', ( #2094 ), #3190, .F. ) ;
#2881 = ORIENTED_EDGE ( 'NONE', *, *, #3662, .T. ) ;
#2882 = ORIENTED_EDGE ( 'NONE', *, *, #6817, .F. ) ;
#2883 = AXIS2_PLACEMENT_3D ( 'NONE', #4769, #1952, #5278 ) ;
#2884 = ORIENTED_EDGE ( 'NONE', *, *, #4223, .F. ) ;
#2885 = FACE_OUTER_BOUND ( 'NONE', #2350, .T. ) ;
#2886 = CARTESIAN_POINT ( 'NONE',  ( -0.9454999999999817994, 0.2400000000000004075, 1.772500000000010623 ) ) ;
#2887 = EDGE_LOOP ( 'NONE', ( #7016, #875, #5374, #5576, #6556, #521, #3058, #4459, #2080, #1218, #2223, #1848 ) ) ;
#2888 = EDGE_LOOP ( 'NONE', ( #3659, #454, #5109, #1931 ) ) ;
#2889 = AXIS2_PLACEMENT_3D ( 'NONE', #1605, #5041, #4899 ) ;
#2890 = ADVANCED_FACE ( 'NONE', ( #968 ), #3262, .T. ) ;
#2891 = LINE ( 'NONE', #4535, #3180 ) ;
#2892 = FACE_OUTER_BOUND ( 'NONE', #3172, .T. ) ;
#2893 = VERTEX_POINT ( 'NONE', #1619 ) ;
#2894 = DIRECTION ( 'NONE',  ( 1.047444401652940007E-14, 0.000000000000000000, 1.000000000000000000 ) ) ;
#2895 = CARTESIAN_POINT ( 'NONE',  ( -0.9455000000000188809, 0.2400000000000004075, -1.772499999999990861 ) ) ;
#2896 = DIRECTION ( 'NONE',  ( -1.047444401652940007E-14, 0.000000000000000000, -1.000000000000000000 ) ) ;
#2897 = CARTESIAN_POINT ( 'NONE',  ( 2.440579527876267196, -2.168404344971008868E-16, -0.4900000000000258038 ) ) ;
#2898 = EDGE_CURVE ( 'NONE', #5394, #1104, #4582, .T. ) ;
#2899 = DIRECTION ( 'NONE',  ( -1.000000000000000000, -0.000000000000000000, 1.047444401652940007E-14 ) ) ;
#2900 = DIRECTION ( 'NONE',  ( 1.047444401652940007E-14, 0.000000000000000000, 1.000000000000000000 ) ) ;
#2901 = DIRECTION ( 'NONE',  ( 1.047444401652940007E-14, 0.000000000000000000, 1.000000000000000000 ) ) ;
#2902 = VERTEX_POINT ( 'NONE', #6714 ) ;
#2903 = PLANE ( 'NONE',  #5581 ) ;
#2904 = CARTESIAN_POINT ( 'NONE',  ( -1.721904477684527812, 0.4800000000000010369, -0.8099999999999822897 ) ) ;
#2905 = EDGE_CURVE ( 'NONE', #2153, #6151, #1151, .T. ) ;
#2906 =( GEOMETRIC_REPRESENTATION_CONTEXT ( 3 ) GLOBAL_UNCERTAINTY_ASSIGNED_CONTEXT ( ( #5643 ) ) GLOBAL_UNIT_ASSIGNED_CONTEXT ( ( #5916, #3744, #5316 ) ) REPRESENTATION_CONTEXT ( 'NONE', 'WORKASPACE' ) );
#2907 = DIRECTION ( 'NONE',  ( -0.3420201433256684354, 0.9396926207859085389, 3.582470843790075770E-15 ) ) ;
#2908 = DIRECTION ( 'NONE',  ( -8.642576025897891774E-15, -0.000000000000000000, -1.000000000000000000 ) ) ;
#2909 = CYLINDRICAL_SURFACE ( 'NONE', #6196, 0.3707949898354948592 ) ;
#2910 = AXIS2_PLACEMENT_3D ( 'NONE', #821, #1981, #2056 ) ;
#2911 = CARTESIAN_POINT ( 'NONE',  ( 1.500000000000005551, 0.7600000000000000089, 0.4899999999999845035 ) ) ;
#2912 = ORIENTED_EDGE ( 'NONE', *, *, #1527, .F. ) ;
#2913 = VECTOR ( 'NONE', #5030, 1000.000000000000000 ) ;
#2914 = ADVANCED_FACE ( 'NONE', ( #5019 ), #4544, .F. ) ;
#2915 = ORIENTED_EDGE ( 'NONE', *, *, #2008, .F. ) ;
#2916 = EDGE_CURVE ( 'NONE', #2161, #3146, #4252, .T. ) ;
#2917 = EDGE_CURVE ( 'NONE', #1422, #3526, #6097, .T. ) ;
#2918 = ORIENTED_EDGE ( 'NONE', *, *, #2136, .F. ) ;
#2919 = EDGE_LOOP ( 'NONE', ( #1867, #4386, #6253, #3761 ) ) ;
#2920 = VECTOR ( 'NONE', #3435, 1000.000000000000000 ) ;
#2921 = ORIENTED_EDGE ( 'NONE', *, *, #305, .T. ) ;
#2922 = VECTOR ( 'NONE', #5773, 1000.000000000000000 ) ;
#2923 = VECTOR ( 'NONE', #4727, 1000.000000000000114 ) ;
#2924 = DIRECTION ( 'NONE',  ( -1.047444401652940007E-14, 0.000000000000000000, -1.000000000000000000 ) ) ;
#2925 = CARTESIAN_POINT ( 'NONE',  ( 1.985018411504571478, 0.5757656401311880279, -0.1600000000000208755 ) ) ;
#2926 = ORIENTED_EDGE ( 'NONE', *, *, #4971, .F. ) ;
#2927 = AXIS2_PLACEMENT_3D ( 'NONE', #2687, #5497, #5962 ) ;
#2928 = DIRECTION ( 'NONE',  ( 0.9986295347545742773, 0.05233595624293647247, -1.046008915503959065E-14 ) ) ;
#2929 = ORIENTED_EDGE ( 'NONE', *, *, #5126, .T. ) ;
#2930 = CARTESIAN_POINT ( 'NONE',  ( -0.7055000000000156701, 0.3399999999999998024, -1.422499999999993214 ) ) ;
#2931 = LINE ( 'NONE', #3555, #6311 ) ;
#2932 = DIRECTION ( 'NONE',  ( -1.047444401652940007E-14, -0.000000000000000000, -1.000000000000000000 ) ) ;
#2933 = DIRECTION ( 'NONE',  ( 1.047444401652940007E-14, -0.000000000000000000, 1.000000000000000000 ) ) ;
#2934 = CARTESIAN_POINT ( 'NONE',  ( 1.499999999999979128, 0.7600000000000000089, -2.019500000000017170 ) ) ;
#2935 = VERTEX_POINT ( 'NONE', #2897 ) ;
#2936 = CARTESIAN_POINT ( 'NONE',  ( 1.499999999999988010, 0.7600000000000000089, -1.140000000000015890 ) ) ;
#2937 = CARTESIAN_POINT ( 'NONE',  ( 1.721904477684504053, 0.4800000000000010369, -1.460000000000018394 ) ) ;
#2938 = AXIS2_PLACEMENT_3D ( 'NONE', #2973, #6266, #1289 ) ;
#2939 = DIRECTION ( 'NONE',  ( -1.000000000000000000, 0.000000000000000000, 1.022859097168414451E-14 ) ) ;
#2940 = DIRECTION ( 'NONE',  ( -0.3420201433256698786, 0.9396926207859079838, 3.582470843790090758E-15 ) ) ;
#2941 = AXIS2_PLACEMENT_3D ( 'NONE', #6471, #4855, #1488 ) ;
#2942 = EDGE_LOOP ( 'NONE', ( #1537, #5793, #6220, #2266 ) ) ;
#2943 = AXIS2_PLACEMENT_3D ( 'NONE', #3965, #1813, #5604 ) ;
#2944 = DIRECTION ( 'NONE',  ( -0.9396926207859085389, 0.3420201433256684354, 9.842757749167790628E-15 ) ) ;
#2945 = CARTESIAN_POINT ( 'NONE',  ( 1.500000000000005551, 0.7600000000000000089, 0.4899999999999845035 ) ) ;
#2946 = DIRECTION ( 'NONE',  ( 0.9986295347545742773, 0.05233595624293795739, -1.046008915503958907E-14 ) ) ;
#2947 = AXIS2_PLACEMENT_3D ( 'NONE', #5086, #1721, #6748 ) ;
#2948 = DIRECTION ( 'NONE',  ( -1.000000000000000000, 0.000000000000000000, 1.047444401652940007E-14 ) ) ;
#2949 = PRESENTATION_STYLE_ASSIGNMENT (( #3424 ) ) ;
#2950 = LINE ( 'NONE', #3386, #3143 ) ;
#2951 = VECTOR ( 'NONE', #5187, 1000.000000000000000 ) ;
#2952 = LINE ( 'NONE', #1239, #2257 ) ;
#2953 = AXIS2_PLACEMENT_3D ( 'NONE', #6073, #4994, #4217 ) ;
#2954 = PLANE ( 'NONE',  #3535 ) ;
#2955 = ORIENTED_EDGE ( 'NONE', *, *, #121, .F. ) ;
#2956 = AXIS2_PLACEMENT_3D ( 'NONE', #3683, #2550, #5896 ) ;
#2957 = ORIENTED_EDGE ( 'NONE', *, *, #6728, .F. ) ;
#2958 = EDGE_CURVE ( 'NONE', #6132, #6622, #6163, .T. ) ;
#2959 = AXIS2_PLACEMENT_3D ( 'NONE', #2207, #5383, #5422 ) ;
#2960 = ORIENTED_EDGE ( 'NONE', *, *, #1181, .T. ) ;
#2961 = ORIENTED_EDGE ( 'NONE', *, *, #6973, .T. ) ;
#2962 = VERTEX_POINT ( 'NONE', #610 ) ;
#2963 = EDGE_CURVE ( 'NONE', #1166, #3295, #574, .T. ) ;
#2964 = EDGE_CURVE ( 'NONE', #5384, #2708, #2241, .T. ) ;
#2965 = CARTESIAN_POINT ( 'NONE',  ( -0.8255000000000002336, 0.2400000000000004075, 8.646653535645023509E-15 ) ) ;
#2966 = ORIENTED_EDGE ( 'NONE', *, *, #870, .F. ) ;
#2967 = EDGE_CURVE ( 'NONE', #4543, #2962, #4475, .T. ) ;
#2968 = ORIENTED_EDGE ( 'NONE', *, *, #4624, .T. ) ;
#2969 = ORIENTED_EDGE ( 'NONE', *, *, #2597, .F. ) ;
#2970 = CARTESIAN_POINT ( 'NONE',  ( -1.721904477684524482, 0.4800000000000010369, -0.4899999999999822275 ) ) ;
#2971 = COLOUR_RGB ( '',0.7921568627450980005, 0.8196078431372548767, 0.9333333333333333481 ) ;
#2972 = CARTESIAN_POINT ( 'NONE',  ( -2.440579527876260091, -2.168404344971008868E-16, 1.140000000000025882 ) ) ;
#2973 = CARTESIAN_POINT ( 'NONE',  ( 1.500000000000005551, 0.7600000000000000089, 0.4899999999999845035 ) ) ;
#2974 = CYLINDRICAL_SURFACE ( 'NONE', #230, 0.3707949898354946372 ) ;
#2975 = VECTOR ( 'NONE', #2503, 1000.000000000000000 ) ;
#2976 = DIRECTION ( 'NONE',  ( -1.047444401652940007E-14, 0.000000000000000000, -1.000000000000000000 ) ) ;
#2977 = CARTESIAN_POINT ( 'NONE',  ( 2.440579527876290733, -2.168404344971008868E-16, 1.789999999999974944 ) ) ;
#2978 = DIRECTION ( 'NONE',  ( -1.047444401652940007E-14, 0.000000000000000000, -1.000000000000000000 ) ) ;
#2979 = CARTESIAN_POINT ( 'NONE',  ( 1.985018411504578584, 0.5757656401311880279, 0.4899999999999793965 ) ) ;
#2980 = VERTEX_POINT ( 'NONE', #1189 ) ;
#2981 = DIRECTION ( 'NONE',  ( -0.3420201433256684354, 0.9396926207859085389, 3.582470843790075770E-15 ) ) ;
#2982 = LINE ( 'NONE', #5214, #1016 ) ;
#2983 = DIRECTION ( 'NONE',  ( -0.9986295347545742773, -0.05233595624293645165, 1.046008915503959065E-14 ) ) ;
#2984 = FACE_OUTER_BOUND ( 'NONE', #2491, .T. ) ;
#2985 =( NAMED_UNIT ( * ) PLANE_ANGLE_UNIT ( ) SI_UNIT ( $, .RADIAN. ) );
#2986 = CARTESIAN_POINT ( 'NONE',  ( 1.500000000000018874, 0.7600000000000000089, 1.789999999999985159 ) ) ;
#2987 = EDGE_CURVE ( 'NONE', #3066, #6179, #6643, .T. ) ;
#2988 = DIRECTION ( 'NONE',  ( -1.047444401652940007E-14, 0.000000000000000000, -1.000000000000000000 ) ) ;
#2989 = CARTESIAN_POINT ( 'NONE',  ( -1.721904477684510937, 0.5800000000000004041, 0.8100000000000183720 ) ) ;
#2990 = ORIENTED_EDGE ( 'NONE', *, *, #259, .T. ) ;
#2991 = CARTESIAN_POINT ( 'NONE',  ( -1.500000000000021316, 0.5800000000000004041, -2.019499999999985640 ) ) ;
#2992 = ORIENTED_EDGE ( 'NONE', *, *, #317, .T. ) ;
#2993 = EDGE_CURVE ( 'NONE', #6554, #6932, #4000, .T. ) ;
#2994 = ORIENTED_EDGE ( 'NONE', *, *, #6630, .F. ) ;
#2995 = EDGE_LOOP ( 'NONE', ( #1429, #6465, #4494, #5520 ) ) ;
#2996 = ORIENTED_EDGE ( 'NONE', *, *, #5958, .T. ) ;
#2997 = FILL_AREA_STYLE_COLOUR ( '', #4216 ) ;
#2998 = LINE ( 'NONE', #2003, #1524 ) ;
#2999 = EDGE_LOOP ( 'NONE', ( #4033, #6889, #4960, #2787 ) ) ;
#3000 = ORIENTED_EDGE ( 'NONE', *, *, #492, .T. ) ;
#3001 = EDGE_CURVE ( 'NONE', #4648, #1020, #6436, .T. ) ;
#3002 = AXIS2_PLACEMENT_3D ( 'NONE', #3777, #1002, #2610 ) ;
#3003 = LINE ( 'NONE', #6956, #4348 ) ;
#3004 = LINE ( 'NONE', #6265, #4904 ) ;
#3005 = VECTOR ( 'NONE', #4106, 1000.000000000000000 ) ;
#3006 = DIRECTION ( 'NONE',  ( -1.000000000000000000, 0.000000000000000000, 1.052637691431445486E-14 ) ) ;
#3007 = LINE ( 'NONE', #6899, #5517 ) ;
#3008 = LINE ( 'NONE', #2431, #68 ) ;
#3009 = ADVANCED_FACE ( 'NONE', ( #1656 ), #1120, .T. ) ;
#3010 = EDGE_CURVE ( 'NONE', #3125, #2935, #3852, .T. ) ;
#3011 = DIRECTION ( 'NONE',  ( -0.05233595624293645165, -0.9986295347545742773, 5.481900437181702824E-16 ) ) ;
#3012 = LINE ( 'NONE', #922, #2212 ) ;
#3013 = ORIENTED_EDGE ( 'NONE', *, *, #5690, .F. ) ;
#3014 = ADVANCED_FACE ( 'NONE', ( #2858 ), #6752, .F. ) ;
#3015 = DIRECTION ( 'NONE',  ( -1.000000000000000000, 0.000000000000000000, 1.052637691431445486E-14 ) ) ;
#3016 = LINE ( 'NONE', #294, #3226 ) ;
#3017 = LINE ( 'NONE', #4158, #1044 ) ;
#3018 = DIRECTION ( 'NONE',  ( -0.3420201433256684354, 0.9396926207859085389, 3.582470843790075770E-15 ) ) ;
#3019 = CARTESIAN_POINT ( 'NONE',  ( 1.499999999999979128, 0.5800000000000004041, -2.019500000000017170 ) ) ;
#3020 = DIRECTION ( 'NONE',  ( -0.9986295347545741663, 0.05233595624293794352, 1.046008915503958592E-14 ) ) ;
#3021 = FACE_OUTER_BOUND ( 'NONE', #4949, .T. ) ;
#3022 = EDGE_LOOP ( 'NONE', ( #341, #1603, #19, #1792 ) ) ;
#3023 = DIRECTION ( 'NONE',  ( -1.000000000000000000, 0.000000000000000000, 1.022859097168414451E-14 ) ) ;
#3024 = VERTEX_POINT ( 'NONE', #3447 ) ;
#3025 = VECTOR ( 'NONE', #4232, 1000.000000000000000 ) ;
#3026 = ORIENTED_EDGE ( 'NONE', *, *, #3365, .F. ) ;
#3027 = SURFACE_STYLE_FILL_AREA ( #4173 ) ;
#3028 = CARTESIAN_POINT ( 'NONE',  ( -2.440579527876284960, -2.168404344971008868E-16, -1.139999999999974811 ) ) ;
#3029 = ORIENTED_EDGE ( 'NONE', *, *, #2327, .T. ) ;
#3030 = ORIENTED_EDGE ( 'NONE', *, *, #5061, .F. ) ;
#3031 = AXIS2_PLACEMENT_3D ( 'NONE', #3796, #4865, #1572 ) ;
#3032 = LINE ( 'NONE', #1253, #1547 ) ;
#3033 = CARTESIAN_POINT ( 'NONE',  ( 2.449999999999993072, 0.1797533162558246356, -0.8100000000000260325 ) ) ;
#3034 = DIRECTION ( 'NONE',  ( -1.047444401652940007E-14, 0.000000000000000000, -1.000000000000000000 ) ) ;
#3035 = VECTOR ( 'NONE', #5566, 1000.000000000000000 ) ;
#3036 = DIRECTION ( 'NONE',  ( 1.000000000000000000, 0.000000000000000000, -1.047444401652940007E-14 ) ) ;
#3037 = FACE_OUTER_BOUND ( 'NONE', #1611, .T. ) ;
#3038 = DIRECTION ( 'NONE',  ( -0.000000000000000000, -1.000000000000000000, -0.000000000000000000 ) ) ;
#3039 = DIRECTION ( 'NONE',  ( -1.000000000000000000, -0.000000000000000000, 1.047444401652940007E-14 ) ) ;
#3040 = ORIENTED_EDGE ( 'NONE', *, *, #6369, .T. ) ;
#3041 = LINE ( 'NONE', #1368, #42 ) ;
#3042 = EDGE_CURVE ( 'NONE', #5477, #2722, #5667, .T. ) ;
#3043 = EDGE_CURVE ( 'NONE', #4089, #6225, #2361, .T. ) ;
#3044 = DIRECTION ( 'NONE',  ( 1.000000000000000000, 0.000000000000000000, -1.047444401652940007E-14 ) ) ;
#3045 = ORIENTED_EDGE ( 'NONE', *, *, #2158, .F. ) ;
#3046 = DIRECTION ( 'NONE',  ( -1.000000000000000000, 1.742467777208844552E-15, 1.084202172485503330E-14 ) ) ;
#3047 = VECTOR ( 'NONE', #1761, 1000.000000000000000 ) ;
#3048 = CARTESIAN_POINT ( 'NONE',  ( -1.985018411504575031, 0.5757656401311880279, -0.1599999999999791866 ) ) ;
#3049 = SURFACE_STYLE_FILL_AREA ( #6388 ) ;
#3050 = CARTESIAN_POINT ( 'NONE',  ( 1.499999999999979128, 0.7600000000000000089, -2.019500000000017170 ) ) ;
#3051 = CARTESIAN_POINT ( 'NONE',  ( -1.499999999999994893, 0.7600000000000000089, 0.4900000000000158118 ) ) ;
#3052 = CIRCLE ( 'NONE', #5380, 0.3707949898354948592 ) ;
#3053 = ORIENTED_EDGE ( 'NONE', *, *, #5788, .T. ) ;
#3054 = DIRECTION ( 'NONE',  ( 1.047444401652940007E-14, 0.000000000000000000, 1.000000000000000000 ) ) ;
#3055 = ORIENTED_EDGE ( 'NONE', *, *, #3315, .F. ) ;
#3056 = CARTESIAN_POINT ( 'NONE',  ( 2.079724199617738023, 0.3155636257986206283, 0.1599999999999780764 ) ) ;
#3057 = CLOSED_SHELL ( 'NONE', ( #5102, #1476, #2625, #3642, #7055, #2856, #4628, #6958, #5323, #5547, #730, #6543, #3966, #3212, #1686, #1305, #2827, #2067, #83, #6676, #2914, #6655 ) ) ;
#3058 = ORIENTED_EDGE ( 'NONE', *, *, #2444, .T. ) ;
#3059 = VECTOR ( 'NONE', #2127, 1000.000000000000000 ) ;
#3060 = DIRECTION ( 'NONE',  ( 1.000000000000000000, 0.000000000000000000, -1.047444401652940007E-14 ) ) ;
#3061 = CARTESIAN_POINT ( 'NONE',  ( -1.499999999999994893, 0.7600000000000000089, 0.4900000000000158118 ) ) ;
#3062 = ORIENTED_EDGE ( 'NONE', *, *, #5565, .F. ) ;
#3063 = AXIS2_PLACEMENT_3D ( 'NONE', #199, #2412, #4638 ) ;
#3064 = AXIS2_PLACEMENT_3D ( 'NONE', #4331, #5953, #6533 ) ;
#3065 = ORIENTED_EDGE ( 'NONE', *, *, #3201, .T. ) ;
#3066 = VERTEX_POINT ( 'NONE', #2936 ) ;
#3067 = CARTESIAN_POINT ( 'NONE',  ( 2.239606933285957169, 0.01053252737922920866, 1.459999999999976872 ) ) ;
#3068 = EDGE_CURVE ( 'NONE', #4543, #4545, #251, .T. ) ;
#3069 = DIRECTION ( 'NONE',  ( -1.047444401652940007E-14, 0.000000000000000000, -1.000000000000000000 ) ) ;
#3070 = LINE ( 'NONE', #5305, #2476 ) ;
#3071 = CARTESIAN_POINT ( 'NONE',  ( -2.259012843649074398, 0.3808193555679768583, -0.1599999999999764388 ) ) ;
#3072 = CARTESIAN_POINT ( 'NONE',  ( -1.856595201929836809E-14, 0.2400000000000004075, -1.772500000000000631 ) ) ;
#3073 = ORIENTED_EDGE ( 'NONE', *, *, #6406, .F. ) ;
#3074 = LINE ( 'NONE', #3562, #3616 ) ;
#3075 = AXIS2_PLACEMENT_3D ( 'NONE', #7061, #2089, #3404 ) ;
#3076 = VERTEX_POINT ( 'NONE', #5270 ) ;
#3077 = DIRECTION ( 'NONE',  ( -1.000000000000000000, 0.000000000000000000, 1.045480666325307599E-14 ) ) ;
#3078 = ORIENTED_EDGE ( 'NONE', *, *, #3709, .F. ) ;
#3079 = ADVANCED_FACE ( 'NONE', ( #756 ), #1807, .T. ) ;
#3080 = CARTESIAN_POINT ( 'NONE',  ( -1.721904477684500723, 0.7600000000000000089, 1.790000000000018465 ) ) ;
#3081 = VECTOR ( 'NONE', #3123, 1000.000000000000000 ) ;
#3082 = EDGE_CURVE ( 'NONE', #3333, #6841, #183, .T. ) ;
#3083 = DIRECTION ( 'NONE',  ( 0.05233595624293645165, -0.9986295347545742773, -5.481900437181702824E-16 ) ) ;
#3084 = DIRECTION ( 'NONE',  ( -0.9986295347545742773, 0.05233595624293647247, 1.046008915503959065E-14 ) ) ;
#3085 = CARTESIAN_POINT ( 'NONE',  ( -1.721904477684500723, 0.4800000000000010369, 1.790000000000018465 ) ) ;
#3086 = STYLED_ITEM ( 'NONE', ( #3304 ), #4068 ) ;
#3087 = EDGE_CURVE ( 'NONE', #1190, #5423, #785, .T. ) ;
#3088 = EDGE_CURVE ( 'NONE', #4201, #125, #3007, .T. ) ;
#3089 = CARTESIAN_POINT ( 'NONE',  ( -0.7055000000000190008, 0.3399999999999998024, -1.772499999999993525 ) ) ;
#3090 = DIRECTION ( 'NONE',  ( 0.000000000000000000, 1.000000000000000000, 0.000000000000000000 ) ) ;
#3091 = ORIENTED_EDGE ( 'NONE', *, *, #1617, .F. ) ;
#3092 = CARTESIAN_POINT ( 'NONE',  ( 2.239606933285926527, 0.01053252737922920866, -1.460000000000023723 ) ) ;
#3093 = EDGE_CURVE ( 'NONE', #1104, #4139, #4694, .T. ) ;
#3094 = CARTESIAN_POINT ( 'NONE',  ( -2.440579527876270305, -2.168404344971008868E-16, 0.1600000000000255385 ) ) ;
#3095 = VERTEX_POINT ( 'NONE', #3590 ) ;
#3096 = CARTESIAN_POINT ( 'NONE',  ( -1.721904477684507384, 0.4800000000000010369, 1.140000000000018110 ) ) ;
#3097 = CARTESIAN_POINT ( 'NONE',  ( -0.8255000000000001226, 0.2400000000000004075, 8.646653535645021932E-15 ) ) ;
#3098 = VERTEX_POINT ( 'NONE', #1874 ) ;
#3099 = ADVANCED_FACE ( 'NONE', ( #4034 ), #5170, .F. ) ;
#3100 = ORIENTED_EDGE ( 'NONE', *, *, #4196, .T. ) ;
#3101 = ORIENTED_EDGE ( 'NONE', *, *, #6565, .T. ) ;
#3102 = ORIENTED_EDGE ( 'NONE', *, *, #5103, .F. ) ;
#3103 = LINE ( 'NONE', #343, #4470 ) ;
#3104 = DIRECTION ( 'NONE',  ( -0.3420201433256698231, -0.9396926207859079838, 3.582470843790089969E-15 ) ) ;
#3105 = FACE_OUTER_BOUND ( 'NONE', #1063, .T. ) ;
#3106 = CARTESIAN_POINT ( 'NONE',  ( 2.259012843649081059, 0.3808193555679768583, 0.8099999999999765166 ) ) ;
#3107 = EDGE_CURVE ( 'NONE', #3707, #4627, #187, .T. ) ;
#3108 = ORIENTED_EDGE ( 'NONE', *, *, #1255, .T. ) ;
#3109 = LINE ( 'NONE', #493, #6663 ) ;
#3110 = CARTESIAN_POINT ( 'NONE',  ( 0.9454999999999817994, 0.3399999999999998024, -1.772500000000010623 ) ) ;
#3111 = ORIENTED_EDGE ( 'NONE', *, *, #7081, .T. ) ;
#3112 = DIRECTION ( 'NONE',  ( -0.000000000000000000, -1.000000000000000000, -0.000000000000000000 ) ) ;
#3113 = CIRCLE ( 'NONE', #7168, 0.3707949898354948592 ) ;
#3114 = DIRECTION ( 'NONE',  ( 1.000000000000000000, 1.221473969113538888E-16, -1.047444401652940007E-14 ) ) ;
#3115 = DIRECTION ( 'NONE',  ( 0.3420201433256698786, 0.9396926207859079838, -3.582470843790090758E-15 ) ) ;
#3116 = FACE_OUTER_BOUND ( 'NONE', #6338, .T. ) ;
#3117 = EDGE_CURVE ( 'NONE', #2536, #3946, #285, .T. ) ;
#3118 = CARTESIAN_POINT ( 'NONE',  ( 0.9455000000000136628, 0.2400000000000004075, 1.272499999999990417 ) ) ;
#3119 = LINE ( 'NONE', #764, #5017 ) ;
#3120 = ORIENTED_EDGE ( 'NONE', *, *, #2239, .F. ) ;
#3121 = DIRECTION ( 'NONE',  ( 0.3420201433256684354, 0.9396926207859085389, -3.582470843790075770E-15 ) ) ;
#3122 = EDGE_LOOP ( 'NONE', ( #1689, #2547, #4325, #1806 ) ) ;
#3123 = DIRECTION ( 'NONE',  ( 0.05233595624293647247, -0.9986295347545742773, -5.481900437181704796E-16 ) ) ;
#3124 = CARTESIAN_POINT ( 'NONE',  ( -1.499999999999978906, 0.5800000000000004041, 2.019500000000015838 ) ) ;
#3125 = VERTEX_POINT ( 'NONE', #4149 ) ;
#3126 = ADVANCED_FACE ( 'NONE', ( #1293 ), #4730, .F. ) ;
#3127 = ADVANCED_FACE ( 'NONE', ( #5699 ), #5208, .F. ) ;
#3128 = DIRECTION ( 'NONE',  ( -0.3420201433256698786, -0.9396926207859079838, 3.582470843790090758E-15 ) ) ;
#3129 = ORIENTED_EDGE ( 'NONE', *, *, #5579, .F. ) ;
#3130 = VECTOR ( 'NONE', #7165, 1000.000000000000000 ) ;
#3131 = EDGE_LOOP ( 'NONE', ( #927, #7072, #2990, #919 ) ) ;
#3132 = ORIENTED_EDGE ( 'NONE', *, *, #2649, .F. ) ;
#3133 = EDGE_CURVE ( 'NONE', #161, #2536, #854, .T. ) ;
#3134 = PRODUCT ( 'LT3045IMSE#TRPBF', 'LT3045IMSE#TRPBF', '', ( #2459 ) ) ;
#3135 = ORIENTED_EDGE ( 'NONE', *, *, #5948, .F. ) ;
#3136 = MECHANICAL_DESIGN_GEOMETRIC_PRESENTATION_REPRESENTATION (  '', ( #3838 ), #4777 ) ;
#3137 = CARTESIAN_POINT ( 'NONE',  ( 0.000000000000000000, 0.000000000000000000, 0.000000000000000000 ) ) ;
#3138 = DIRECTION ( 'NONE',  ( -1.047444401652940007E-14, -0.000000000000000000, -1.000000000000000000 ) ) ;
#3139 = CARTESIAN_POINT ( 'NONE',  ( 1.815873739763105066, 0.5142020143325679582, -0.4900000000000193645 ) ) ;
#3140 = LINE ( 'NONE', #4147, #34 ) ;
#3141 = VECTOR ( 'NONE', #998, 1000.000000000000000 ) ;
#3142 = CARTESIAN_POINT ( 'NONE',  ( 1.721904477684514045, 0.4800000000000010369, -0.4900000000000183098 ) ) ;
#3143 = VECTOR ( 'NONE', #1736, 1000.000000000000114 ) ;
#3144 = ORIENTED_EDGE ( 'NONE', *, *, #3307, .F. ) ;
#3145 = AXIS2_PLACEMENT_3D ( 'NONE', #4898, #1065, #1466 ) ;
#3146 = VERTEX_POINT ( 'NONE', #2465 ) ;
#3147 = CARTESIAN_POINT ( 'NONE',  ( -0.7054999999999816973, 0.2400000000000004075, 1.772500000000007958 ) ) ;
#3148 = LINE ( 'NONE', #6346, #6623 ) ;
#3149 = ORIENTED_EDGE ( 'NONE', *, *, #654, .F. ) ;
#3150 = CARTESIAN_POINT ( 'NONE',  ( -1.910579527876263617, 0.2540000000000005587, 0.8100000000000201483 ) ) ;
#3151 = AXIS2_PLACEMENT_3D ( 'NONE', #908, #6365, #6952 ) ;
#3152 = STYLED_ITEM ( 'NONE', ( #2346 ), #1665 ) ;
#3153 = CARTESIAN_POINT ( 'NONE',  ( 2.259012843649085056, 0.3808193555679768583, 1.139999999999976588 ) ) ;
#3154 = ORIENTED_EDGE ( 'NONE', *, *, #2008, .T. ) ;
#3155 = CARTESIAN_POINT ( 'NONE',  ( 1.815873739763105066, 0.5142020143325679582, -0.4900000000000193645 ) ) ;
#3156 = CARTESIAN_POINT ( 'NONE',  ( 1.332873001103366647E-14, 0.2400000000000004075, 1.272500000000000409 ) ) ;
#3157 = CARTESIAN_POINT ( 'NONE',  ( -1.910579527876256734, 0.2540000000000005587, 1.460000000000020393 ) ) ;
#3158 = FACE_OUTER_BOUND ( 'NONE', #6975, .T. ) ;
#3159 = ORIENTED_EDGE ( 'NONE', *, *, #6143, .T. ) ;
#3160 = LINE ( 'NONE', #5492, #4134 ) ;
#3161 = ORIENTED_EDGE ( 'NONE', *, *, #2728, .T. ) ;
#3162 = CARTESIAN_POINT ( 'NONE',  ( -1.721904477684537804, 0.5800000000000004041, -1.789999999999982716 ) ) ;
#3163 = DIRECTION ( 'NONE',  ( -0.000000000000000000, -1.000000000000000000, -0.000000000000000000 ) ) ;
#3164 = LINE ( 'NONE', #2519, #4473 ) ;
#3165 = VECTOR ( 'NONE', #2105, 1000.000000000000000 ) ;
#3166 = VERTEX_POINT ( 'NONE', #4622 ) ;
#3167 = VECTOR ( 'NONE', #5213, 1000.000000000000000 ) ;
#3169 = ADVANCED_FACE ( 'NONE', ( #6826 ), #218, .F. ) ;
#3168 = LINE ( 'NONE', #2112, #2373 ) ;
#3170 = ORIENTED_EDGE ( 'NONE', *, *, #4196, .F. ) ;
#3171 = EDGE_CURVE ( 'NONE', #3762, #2589, #1005, .T. ) ;
#3172 = EDGE_LOOP ( 'NONE', ( #2626, #629, #6704, #4748 ) ) ;
#3173 = VERTEX_POINT ( 'NONE', #1839 ) ;
#3174 = EDGE_CURVE ( 'NONE', #5056, #6260, #4065, .T. ) ;
#3175 = VECTOR ( 'NONE', #160, 1000.000000000000000 ) ;
#3176 = CARTESIAN_POINT ( 'NONE',  ( -0.9455000000000136628, 0.3399999999999998024, -1.272499999999990417 ) ) ;
#3177 = AXIS2_PLACEMENT_3D ( 'NONE', #6480, #5539, #2215 ) ;
#3178 = CARTESIAN_POINT ( 'NONE',  ( -1.721904477684527812, 0.4800000000000010369, -0.8099999999999822897 ) ) ;
#3179 = CARTESIAN_POINT ( 'NONE',  ( 2.440579527876290733, -2.168404344971008868E-16, 1.789999999999974944 ) ) ;
#3180 = VECTOR ( 'NONE', #6636, 1000.000000000000000 ) ;
#3181 = ORIENTED_EDGE ( 'NONE', *, *, #297, .T. ) ;
#3182 = EDGE_LOOP ( 'NONE', ( #7005, #1695, #1648, #6555 ) ) ;
#3183 = CARTESIAN_POINT ( 'NONE',  ( 2.450000000000019718, 0.1797533162558246356, 1.789999999999975167 ) ) ;
#3184 = VECTOR ( 'NONE', #3138, 1000.000000000000000 ) ;
#3185 = EDGE_CURVE ( 'NONE', #878, #3066, #4656, .T. ) ;
#3186 = CARTESIAN_POINT ( 'NONE',  ( 1.500000000000021982, 0.7600000000000000089, 2.019499999999983864 ) ) ;
#3187 = ORIENTED_EDGE ( 'NONE', *, *, #3201, .F. ) ;
#3188 = CARTESIAN_POINT ( 'NONE',  ( -0.7054999999999861382, 0.2400000000000004075, 1.422500000000007869 ) ) ;
#3189 = DIRECTION ( 'NONE',  ( 0.05233595624293647247, -0.9986295347545742773, -5.481900437181704796E-16 ) ) ;
#3190 = PLANE ( 'NONE',  #3064 ) ;
#3191 = DIRECTION ( 'NONE',  ( 1.000000000000000000, 0.000000000000000000, -1.047444401652940007E-14 ) ) ;
#3192 = FACE_OUTER_BOUND ( 'NONE', #95, .T. ) ;
#3193 = DIRECTION ( 'NONE',  ( -1.000000000000000000, -3.664421907340615925E-16, 1.047444401652940007E-14 ) ) ;
#3194 = MECHANICAL_DESIGN_GEOMETRIC_PRESENTATION_REPRESENTATION (  '', ( #1224 ), #981 ) ;
#3195 = ORIENTED_EDGE ( 'NONE', *, *, #2728, .F. ) ;
#3196 = LINE ( 'NONE', #7046, #3655 ) ;
#3197 = ORIENTED_EDGE ( 'NONE', *, *, #3365, .T. ) ;
#3198 = CARTESIAN_POINT ( 'NONE',  ( 1.910579527876290928, 0.2540000000000005587, 1.789999999999980496 ) ) ;
#3199 = AXIS2_PLACEMENT_3D ( 'NONE', #4300, #1514, #6495 ) ;
#3200 = CYLINDRICAL_SURFACE ( 'NONE', #6755, 0.1000000000000000472 ) ;
#3201 = EDGE_CURVE ( 'NONE', #3963, #4139, #7058, .T. ) ;
#3202 = DIRECTION ( 'NONE',  ( -1.000000000000000000, 0.000000000000000000, 1.047444401652940007E-14 ) ) ;
#3203 = ORIENTED_EDGE ( 'NONE', *, *, #1743, .T. ) ;
#3204 = FACE_OUTER_BOUND ( 'NONE', #5785, .T. ) ;
#3205 = VERTEX_POINT ( 'NONE', #4288 ) ;
#3206 = ORIENTED_EDGE ( 'NONE', *, *, #6500, .T. ) ;
#3207 = EDGE_CURVE ( 'NONE', #2293, #1982, #6362, .T. ) ;
#3208 = VERTEX_POINT ( 'NONE', #5977 ) ;
#3209 = ORIENTED_EDGE ( 'NONE', *, *, #2389, .F. ) ;
#3210 = LINE ( 'NONE', #5904, #4788 ) ;
#3211 = DIRECTION ( 'NONE',  ( -1.047444401652940007E-14, -0.000000000000000000, -1.000000000000000000 ) ) ;
#3212 = ADVANCED_FACE ( 'NONE', ( #5333 ), #3729, .F. ) ;
#3213 = DIRECTION ( 'NONE',  ( 1.047444401652940007E-14, 0.000000000000000000, 1.000000000000000000 ) ) ;
#3214 = ORIENTED_EDGE ( 'NONE', *, *, #257, .F. ) ;
#3215 = VERTEX_POINT ( 'NONE', #5474 ) ;
#3216 = LINE ( 'NONE', #6014, #6423 ) ;
#3217 = CARTESIAN_POINT ( 'NONE',  ( 0.8255000000000134452, 0.2400000000000004075, 1.272499999999991527 ) ) ;
#3218 = EDGE_LOOP ( 'NONE', ( #5866, #1679, #5921, #530, #2702, #571, #476, #2306, #861, #4929, #1732, #5082 ) ) ;
#3219 = CARTESIAN_POINT ( 'NONE',  ( -1.985018411504588576, 0.5757656401311880279, -1.459999999999979536 ) ) ;
#3220 = DIRECTION ( 'NONE',  ( -0.3420201433256698231, 0.9396926207859079838, 3.582470843790089969E-15 ) ) ;
#3221 = EDGE_CURVE ( 'NONE', #520, #1495, #1502, .T. ) ;
#3222 = EDGE_CURVE ( 'NONE', #4995, #6292, #453, .T. ) ;
#3223 = CARTESIAN_POINT ( 'NONE',  ( 1.910579527876257178, 0.2540000000000005587, -1.460000000000020393 ) ) ;
#3224 = FACE_OUTER_BOUND ( 'NONE', #6479, .T. ) ;
#3225 = EDGE_CURVE ( 'NONE', #4367, #2071, #957, .T. ) ;
#3226 = VECTOR ( 'NONE', #792, 1000.000000000000000 ) ;
#3227 =( NAMED_UNIT ( * ) PLANE_ANGLE_UNIT ( ) SI_UNIT ( $, .RADIAN. ) );
#3228 = PLANE ( 'NONE',  #2098 ) ;
#3229 = ORIENTED_EDGE ( 'NONE', *, *, #5826, .T. ) ;
#3230 = CARTESIAN_POINT ( 'NONE',  ( 2.249027405409655511, 0.1902858436350523264, -1.460000000000023945 ) ) ;
#3231 = FILL_AREA_STYLE_COLOUR ( '', #5938 ) ;
#3232 = VECTOR ( 'NONE', #5906, 1000.000000000000000 ) ;
#3233 = ORIENTED_EDGE ( 'NONE', *, *, #3261, .T. ) ;
#3234 = CARTESIAN_POINT ( 'NONE',  ( -1.500000000000021316, 0.7600000000000000089, -2.019499999999985640 ) ) ;
#3235 = ORIENTED_EDGE ( 'NONE', *, *, #1349, .F. ) ;
#3236 = DIRECTION ( 'NONE',  ( 0.05233595624293647941, -0.9986295347545742773, -5.481900437181704796E-16 ) ) ;
#3237 = CARTESIAN_POINT ( 'NONE',  ( 1.500000000000021760, 0.2400000000000004075, 1.959548826559106116 ) ) ;
#3238 = ORIENTED_EDGE ( 'NONE', *, *, #3636, .F. ) ;
#3239 = CARTESIAN_POINT ( 'NONE',  ( 1.985018411504558600, 0.5757656401311880279, -1.460000000000021281 ) ) ;
#3240 = ORIENTED_EDGE ( 'NONE', *, *, #6994, .T. ) ;
#3241 = ORIENTED_EDGE ( 'NONE', *, *, #524, .F. ) ;
#3242 = ORIENTED_EDGE ( 'NONE', *, *, #6277, .T. ) ;
#3243 = EDGE_LOOP ( 'NONE', ( #5578, #1622, #7022, #3291 ) ) ;
#3244 = DIRECTION ( 'NONE',  ( 1.047444401652940007E-14, 0.000000000000000000, 1.000000000000000000 ) ) ;
#3245 = MECHANICAL_DESIGN_GEOMETRIC_PRESENTATION_REPRESENTATION (  '', ( #1985 ), #3856 ) ;
#3246 = LINE ( 'NONE', #3880, #4874 ) ;
#3247 = DIRECTION ( 'NONE',  ( 0.05233595624293647941, -0.9986295347545742773, -5.481900437181704796E-16 ) ) ;
#3248 = DIRECTION ( 'NONE',  ( -1.000000000000000000, 0.000000000000000000, 9.908630082471240330E-15 ) ) ;
#3249 = AXIS2_PLACEMENT_3D ( 'NONE', #6312, #3377, #5601 ) ;
#3250 = VERTEX_POINT ( 'NONE', #6450 ) ;
#3251 = ORIENTED_EDGE ( 'NONE', *, *, #2993, .F. ) ;
#3252 = CARTESIAN_POINT ( 'NONE',  ( -2.041676426420086585E-14, 1.100000000000000089, -1.959548826559123436 ) ) ;
#3253 = AXIS2_PLACEMENT_3D ( 'NONE', #6563, #6668, #5472 ) ;
#3254 = DIRECTION ( 'NONE',  ( -1.000000000000000000, 0.000000000000000000, 1.052637691431446117E-14 ) ) ;
#3255 = ORIENTED_EDGE ( 'NONE', *, *, #2843, .T. ) ;
#3256 = EDGE_LOOP ( 'NONE', ( #2322, #6773, #2770, #2921 ) ) ;
#3257 = CARTESIAN_POINT ( 'NONE',  ( 1.500000000000018874, 0.5800000000000004041, 1.789999999999985159 ) ) ;
#3258 = AXIS2_PLACEMENT_3D ( 'NONE', #1649, #1116, #3888 ) ;
#3259 = LINE ( 'NONE', #5449, #6126 ) ;
#3260 = VECTOR ( 'NONE', #2836, 1000.000000000000114 ) ;
#3261 = EDGE_CURVE ( 'NONE', #1443, #3696, #1437, .T. ) ;
#3262 = CYLINDRICAL_SURFACE ( 'NONE', #4943, 0.2800000000000000822 ) ;
#3263 = DIRECTION ( 'NONE',  ( -0.9986295347545742773, 0.05233595624293646553, 1.040457800380833282E-14 ) ) ;
#3264 = DIRECTION ( 'NONE',  ( 1.047444401652940007E-14, 0.000000000000000000, 1.000000000000000000 ) ) ;
#3265 = CIRCLE ( 'NONE', #4104, 0.1000000000000000472 ) ;
#3266 = AXIS2_PLACEMENT_3D ( 'NONE', #1947, #4696, #5309 ) ;
#3267 = ADVANCED_FACE ( 'NONE', ( #992 ), #2052, .T. ) ;
#3268 = CARTESIAN_POINT ( 'NONE',  ( -1.489989661351307806E-14, 0.2400000000000004075, -1.422500000000000542 ) ) ;
#3269 = AXIS2_PLACEMENT_3D ( 'NONE', #5471, #7093, #486 ) ;
#3270 = ADVANCED_FACE ( 'NONE', ( #2665 ), #5875, .T. ) ;
#3271 = DIRECTION ( 'NONE',  ( -1.000000000000000000, 0.000000000000000000, 1.084202172485504118E-14 ) ) ;
#3272 = CIRCLE ( 'NONE', #1060, 0.3707949898354948592 ) ;
#3273 = CARTESIAN_POINT ( 'NONE',  ( 0.7055000000000156701, 0.3399999999999998024, 1.422499999999993214 ) ) ;
#3274 = CIRCLE ( 'NONE', #4911, 0.1907949898354945883 ) ;
#3275 = LINE ( 'NONE', #3713, #5143 ) ;
#3276 = LINE ( 'NONE', #7050, #4677 ) ;
#3277 = DIRECTION ( 'NONE',  ( -0.9986295347545741663, -0.05233595624293794352, 1.046008915503958592E-14 ) ) ;
#3278 = EDGE_LOOP ( 'NONE', ( #1897, #1558, #1280, #5408 ) ) ;
#3279 = DIRECTION ( 'NONE',  ( -0.000000000000000000, -1.000000000000000000, -0.000000000000000000 ) ) ;
#3280 = ORIENTED_EDGE ( 'NONE', *, *, #5887, .T. ) ;
#3281 = VERTEX_POINT ( 'NONE', #2084 ) ;
#3282 = AXIS2_PLACEMENT_3D ( 'NONE', #707, #2933, #6821 ) ;
#3283 = ORIENTED_EDGE ( 'NONE', *, *, #2428, .F. ) ;
#3284 = ORIENTED_EDGE ( 'NONE', *, *, #2603, .T. ) ;
#3285 = CARTESIAN_POINT ( 'NONE',  ( -1.721904477684514045, 0.5800000000000004041, 0.4900000000000183098 ) ) ;
#3286 = CARTESIAN_POINT ( 'NONE',  ( 2.249027405409675495, 0.1902858436350523264, 0.4899999999999764544 ) ) ;
#3287 = DIRECTION ( 'NONE',  ( -1.047444401652940007E-14, 0.000000000000000000, -1.000000000000000000 ) ) ;
#3288 = VERTEX_POINT ( 'NONE', #2016 ) ;
#3289 = VECTOR ( 'NONE', #3924, 1000.000000000000000 ) ;
#3290 = CARTESIAN_POINT ( 'NONE',  ( 1.500000000000011990, 0.7600000000000000089, 1.139999999999984581 ) ) ;
#3291 = ORIENTED_EDGE ( 'NONE', *, *, #5997, .F. ) ;
#3292 = AXIS2_PLACEMENT_3D ( 'NONE', #6569, #1440, #1578 ) ;
#3293 = EDGE_CURVE ( 'NONE', #1190, #1522, #1938, .T. ) ;
#3294 = DIRECTION ( 'NONE',  ( -1.047444401652940007E-14, -0.000000000000000000, -1.000000000000000000 ) ) ;
#3295 = VERTEX_POINT ( 'NONE', #3179 ) ;
#3296 = LINE ( 'NONE', #6092, #14 ) ;
#3297 = DIRECTION ( 'NONE',  ( 1.047444401652940007E-14, 0.000000000000000000, 1.000000000000000000 ) ) ;
#3298 = ORIENTED_EDGE ( 'NONE', *, *, #7163, .T. ) ;
#3299 = VECTOR ( 'NONE', #5694, 1000.000000000000000 ) ;
#3300 = PLANE ( 'NONE',  #618 ) ;
#3301 = LINE ( 'NONE', #5089, #6248 ) ;
#3302 = AXIS2_PLACEMENT_3D ( 'NONE', #5047, #4501, #61 ) ;
#3303 = CARTESIAN_POINT ( 'NONE',  ( 1.721904477684510937, 0.4800000000000010369, -0.8100000000000183720 ) ) ;
#3304 = PRESENTATION_STYLE_ASSIGNMENT (( #541 ) ) ;
#3305 = AXIS2_PLACEMENT_3D ( 'NONE', #3899, #2141, #2723 ) ;
#3306 = AXIS2_PLACEMENT_3D ( 'NONE', #1764, #6202, #1228 ) ;
#3307 = EDGE_CURVE ( 'NONE', #4526, #386, #5942, .T. ) ;
#3308 = LINE ( 'NONE', #1040, #1510 ) ;
#3309 = ORIENTED_EDGE ( 'NONE', *, *, #5448, .F. ) ;
#3310 = CARTESIAN_POINT ( 'NONE',  ( -0.9454999999999869065, 0.2400000000000004075, 1.272500000000010623 ) ) ;
#3311 = ADVANCED_FACE ( 'NONE', ( #2564 ), #6484, .F. ) ;
#3312 = DIRECTION ( 'NONE',  ( 1.047444401652940007E-14, 0.000000000000000000, 1.000000000000000000 ) ) ;
#3313 = ORIENTED_EDGE ( 'NONE', *, *, #507, .T. ) ;
#3314 = CARTESIAN_POINT ( 'NONE',  ( -1.815873739763111949, 0.5142020143325679582, -0.1599999999999809630 ) ) ;
#3315 = EDGE_CURVE ( 'NONE', #2708, #6485, #7096, .T. ) ;
#3316 = DIRECTION ( 'NONE',  ( 1.000000000000000000, -0.000000000000000000, -1.047444401652940007E-14 ) ) ;
#3317 = EDGE_CURVE ( 'NONE', #6603, #1008, #383, .T. ) ;
#3318 = DIRECTION ( 'NONE',  ( 1.047444401652940007E-14, 0.000000000000000000, 1.000000000000000000 ) ) ;
#3319 = CARTESIAN_POINT ( 'NONE',  ( 2.259012843649071289, 0.3808193555679768583, -0.1600000000000234290 ) ) ;
#3320 = EDGE_CURVE ( 'NONE', #7178, #5259, #4181, .T. ) ;
#3321 = ORIENTED_EDGE ( 'NONE', *, *, #6858, .F. ) ;
#3322 = CIRCLE ( 'NONE', #6099, 0.2800000000000003042 ) ;
#3323 = PLANE ( 'NONE',  #5741 ) ;
#3324 = ORIENTED_EDGE ( 'NONE', *, *, #6824, .F. ) ;
#3325 = ORIENTED_EDGE ( 'NONE', *, *, #3396, .F. ) ;
#3326 = EDGE_CURVE ( 'NONE', #1386, #6498, #2600, .T. ) ;
#3327 = EDGE_CURVE ( 'NONE', #5614, #2272, #5551, .T. ) ;
#3328 = VERTEX_POINT ( 'NONE', #7133 ) ;
#3329 = ORIENTED_EDGE ( 'NONE', *, *, #4075, .T. ) ;
#3330 = CARTESIAN_POINT ( 'NONE',  ( 1.910579527876277828, 0.2540000000000005587, 0.4899999999999801181 ) ) ;
#3331 = PRODUCT_DEFINITION ( 'UNKNOWN', '', #4485, #5137 ) ;
#3332 = CARTESIAN_POINT ( 'NONE',  ( 0.7054999999999816973, 0.3399999999999998024, -1.772500000000007958 ) ) ;
#3333 = VERTEX_POINT ( 'NONE', #1069 ) ;
#3334 = DIRECTION ( 'NONE',  ( -1.000000000000000000, 2.710505431213758324E-15, 1.045480666325306653E-14 ) ) ;
#3335 = PLANE ( 'NONE',  #1778 ) ;
#3336 = ORIENTED_EDGE ( 'NONE', *, *, #5103, .T. ) ;
#3337 = CARTESIAN_POINT ( 'NONE',  ( -0.7054999999999862492, 0.2400000000000004075, 1.422500000000008091 ) ) ;
#3338 = DIRECTION ( 'NONE',  ( -1.000000000000000000, 0.000000000000000000, 1.047444401652940007E-14 ) ) ;
#3339 = LINE ( 'NONE', #6640, #4578 ) ;
#3340 = CARTESIAN_POINT ( 'NONE',  ( -0.8254999999999869109, 0.3399999999999998024, 1.272500000000009068 ) ) ;
#3341 = ORIENTED_EDGE ( 'NONE', *, *, #956, .T. ) ;
#3342 = CARTESIAN_POINT ( 'NONE',  ( -2.450000000000013500, 0.1797533162558246356, -1.139999999999974811 ) ) ;
#3343 = FILL_AREA_STYLE_COLOUR ( '', #4377 ) ;
#3344 = ORIENTED_EDGE ( 'NONE', *, *, #2429, .F. ) ;
#3345 = DIRECTION ( 'NONE',  ( -0.9986295347545742773, 0.05233595624293645165, 1.046008915503959065E-14 ) ) ;
#3346 = EDGE_CURVE ( 'NONE', #5733, #5840, #6045, .T. ) ;
#3347 = EDGE_CURVE ( 'NONE', #4643, #458, #2051, .T. ) ;
#3348 = CARTESIAN_POINT ( 'NONE',  ( 1.721904477684524482, 0.4800000000000010369, 0.4899999999999822275 ) ) ;
#3349 = FACE_OUTER_BOUND ( 'NONE', #3364, .T. ) ;
#3350 = VECTOR ( 'NONE', #2240, 1000.000000000000000 ) ;
#3351 = DIRECTION ( 'NONE',  ( -1.000000000000000000, 0.000000000000000000, 9.908630082471240330E-15 ) ) ;
#3352 = DIRECTION ( 'NONE',  ( -0.05233595624293795046, 0.9986295347545742773, 5.516594906701396738E-16 ) ) ;
#3353 = ORIENTED_EDGE ( 'NONE', *, *, #327, .F. ) ;
#3354 = CIRCLE ( 'NONE', #2889, 0.1907949898354945883 ) ;
#3355 = DIRECTION ( 'NONE',  ( -1.000000000000000000, 0.000000000000000000, 1.051271849867537044E-14 ) ) ;
#3356 = ORIENTED_EDGE ( 'NONE', *, *, #3088, .F. ) ;
#3357 = EDGE_CURVE ( 'NONE', #641, #901, #7043, .T. ) ;
#3358 = ORIENTED_EDGE ( 'NONE', *, *, #3491, .T. ) ;
#3359 = VERTEX_POINT ( 'NONE', #2746 ) ;
#3360 = EDGE_CURVE ( 'NONE', #1982, #1020, #4393, .T. ) ;
#3361 = EDGE_CURVE ( 'NONE', #1020, #592, #2163, .T. ) ;
#3362 = LINE ( 'NONE', #3286, #4182 ) ;
#3363 = CARTESIAN_POINT ( 'NONE',  ( -1.721904477684524482, 0.4800000000000010369, -0.4899999999999822275 ) ) ;
#3364 = EDGE_LOOP ( 'NONE', ( #3578, #4496, #1546, #1968 ) ) ;
#3365 = EDGE_CURVE ( 'NONE', #123, #881, #6652, .T. ) ;
#3366 = CARTESIAN_POINT ( 'NONE',  ( -1.499999999999981570, 0.7600000000000000089, 1.790000000000016467 ) ) ;
#3367 = EDGE_LOOP ( 'NONE', ( #1497, #4574, #5110, #5516 ) ) ;
#3368 = DIRECTION ( 'NONE',  ( 0.000000000000000000, 1.000000000000000000, 0.000000000000000000 ) ) ;
#3369 = CARTESIAN_POINT ( 'NONE',  ( 1.332873001103366332E-14, 0.2400000000000004075, 1.272500000000000187 ) ) ;
#3370 = CARTESIAN_POINT ( 'NONE',  ( -1.500000000000021316, 0.5800000000000004041, -2.019499999999985640 ) ) ;
#3371 = CARTESIAN_POINT ( 'NONE',  ( 1.910579527876263617, 0.2540000000000005587, -0.8100000000000201483 ) ) ;
#3372 = CARTESIAN_POINT ( 'NONE',  ( 2.239606933285936741, 0.01053252737922920866, -0.4900000000000238609 ) ) ;
#3373 = EDGE_LOOP ( 'NONE', ( #586, #4621, #6514, #5603, #5550, #2884, #5200, #2145, #2081, #5158, #5193, #4841 ) ) ;
#3374 = AXIS2_PLACEMENT_3D ( 'NONE', #1412, #3084, #1954 ) ;
#3375 = CARTESIAN_POINT ( 'NONE',  ( 1.721904477684531365, 0.4800000000000010369, 1.139999999999982361 ) ) ;
#3376 = EDGE_CURVE ( 'NONE', #6034, #4499, #4235, .T. ) ;
#3377 = DIRECTION ( 'NONE',  ( 1.047444401652940007E-14, -0.000000000000000000, 1.000000000000000000 ) ) ;
#3378 = EDGE_LOOP ( 'NONE', ( #6122, #2111, #3554, #201 ) ) ;
#3379 = STYLED_ITEM ( 'NONE', ( #970 ), #6534 ) ;
#3380 = LINE ( 'NONE', #2864, #3407 ) ;
#3381 = FACE_OUTER_BOUND ( 'NONE', #4713, .T. ) ;
#3382 = DIRECTION ( 'NONE',  ( -1.000000000000000000, 0.000000000000000000, 6.866219186497642887E-15 ) ) ;
#3383 = CARTESIAN_POINT ( 'NONE',  ( 1.499999999999998446, 0.5800000000000004041, -0.1600000000000157130 ) ) ;
#3384 = VECTOR ( 'NONE', #1238, 1000.000000000000000 ) ;
#3385 = VECTOR ( 'NONE', #6521, 1000.000000000000000 ) ;
#3386 = CARTESIAN_POINT ( 'NONE',  ( 1.985018411504571478, 0.5757656401311880279, -0.1600000000000208755 ) ) ;
#3387 = EDGE_CURVE ( 'NONE', #416, #244, #2237, .T. ) ;
#3388 = DIRECTION ( 'NONE',  ( -1.000000000000000000, 8.771980761928717646E-16, 1.052637691431446117E-14 ) ) ;
#3389 = VERTEX_POINT ( 'NONE', #567 ) ;
#3390 = AXIS2_PLACEMENT_3D ( 'NONE', #2624, #3826, #7157 ) ;
#3391 = VECTOR ( 'NONE', #1770, 1000.000000000000000 ) ;
#3392 = DIRECTION ( 'NONE',  ( 0.3420201433256698786, 0.9396926207859079838, -3.582470843790090758E-15 ) ) ;
#3393 = ORIENTED_EDGE ( 'NONE', *, *, #4387, .T. ) ;
#3394 = ORIENTED_EDGE ( 'NONE', *, *, #5400, .T. ) ;
#3395 = VERTEX_POINT ( 'NONE', #2777 ) ;
#3396 = EDGE_CURVE ( 'NONE', #2205, #4280, #3837, .T. ) ;
#3397 = CARTESIAN_POINT ( 'NONE',  ( -1.815873739763119055, 0.5142020143325679582, -0.8099999999999812905 ) ) ;
#3398 = DIRECTION ( 'NONE',  ( -1.000000000000000000, -1.742467777208845933E-15, 1.084202172485504118E-14 ) ) ;
#3399 = VERTEX_POINT ( 'NONE', #7017 ) ;
#3400 = AXIS2_PLACEMENT_3D ( 'NONE', #742, #2348, #59 ) ;
#3401 = EDGE_CURVE ( 'NONE', #4864, #1674, #4339, .T. ) ;
#3402 = EDGE_CURVE ( 'NONE', #6739, #4864, #6545, .T. ) ;
#3403 = CARTESIAN_POINT ( 'NONE',  ( 1.721904477684500723, 0.7600000000000000089, -1.790000000000018465 ) ) ;
#3404 = DIRECTION ( 'NONE',  ( -0.05233595624293647247, -0.9986295347545742773, 5.481900437181704796E-16 ) ) ;
#3405 = CARTESIAN_POINT ( 'NONE',  ( -2.239606933285950507, 0.01053252737922920866, -0.8099999999999768496 ) ) ;
#3406 = CARTESIAN_POINT ( 'NONE',  ( -1.042328651854239396, 1.000000000000000666, -1.490642050501197247 ) ) ;
#3407 = VECTOR ( 'NONE', #3345, 1000.000000000000114 ) ;
#3408 = CARTESIAN_POINT ( 'NONE',  ( -2.079724199617754898, 0.3155636257986206283, -1.789999999999979163 ) ) ;
#3409 = FACE_OUTER_BOUND ( 'NONE', #5431, .T. ) ;
#3410 = DIRECTION ( 'NONE',  ( -1.047444401652940007E-14, 0.000000000000000000, -1.000000000000000000 ) ) ;
#3411 =( NAMED_UNIT ( * ) SI_UNIT ( $, .STERADIAN. ) SOLID_ANGLE_UNIT ( ) );
#3412 = EDGE_CURVE ( 'NONE', #5639, #3522, #2686, .T. ) ;
#3413 = VECTOR ( 'NONE', #4832, 1000.000000000000000 ) ;
#3414 = FILL_AREA_STYLE ('',( #1296 ) ) ;
#3415 = ORIENTED_EDGE ( 'NONE', *, *, #29, .F. ) ;
#3416 = DIRECTION ( 'NONE',  ( 1.047444401652940007E-14, -0.000000000000000000, 1.000000000000000000 ) ) ;
#3417 = VECTOR ( 'NONE', #1676, 1000.000000000000000 ) ;
#3418 = FILL_AREA_STYLE ('',( #3900 ) ) ;
#3419 = VECTOR ( 'NONE', #4305, 1000.000000000000000 ) ;
#3420 = EDGE_CURVE ( 'NONE', #5056, #3389, #3821, .T. ) ;
#3421 = DIRECTION ( 'NONE',  ( -1.000000000000000000, 0.000000000000000000, 1.052637691431445486E-14 ) ) ;
#3422 = AXIS2_PLACEMENT_3D ( 'NONE', #32, #642, #676 ) ;
#3423 = DIRECTION ( 'NONE',  ( 1.047444401652940007E-14, 0.000000000000000000, 1.000000000000000000 ) ) ;
#3424 = SURFACE_STYLE_USAGE ( .BOTH. , #5140 ) ;
#3425 = CARTESIAN_POINT ( 'NONE',  ( 2.259012843649064184, 0.3808193555679768583, -0.8100000000000237010 ) ) ;
#3426 = DIRECTION ( 'NONE',  ( -0.3420201433256698786, -0.9396926207859079838, 3.582470843790090758E-15 ) ) ;
#3427 = CARTESIAN_POINT ( 'NONE',  ( 1.500000000000005551, 0.5800000000000004041, 0.4899999999999845035 ) ) ;
#3428 = ORIENTED_EDGE ( 'NONE', *, *, #1102, .F. ) ;
#3429 = EDGE_CURVE ( 'NONE', #2028, #1614, #5961, .T. ) ;
#3430 = EDGE_LOOP ( 'NONE', ( #5264, #2356 ) ) ;
#3431 = ORIENTED_EDGE ( 'NONE', *, *, #2471, .T. ) ;
#3432 = ORIENTED_EDGE ( 'NONE', *, *, #4631, .T. ) ;
#3433 = ORIENTED_EDGE ( 'NONE', *, *, #3488, .F. ) ;
#3434 =( NAMED_UNIT ( * ) SI_UNIT ( $, .STERADIAN. ) SOLID_ANGLE_UNIT ( ) );
#3435 = DIRECTION ( 'NONE',  ( 1.047444401652940007E-14, 0.000000000000000000, 1.000000000000000000 ) ) ;
#3436 = VERTEX_POINT ( 'NONE', #7077 ) ;
#3437 = ADVANCED_FACE ( 'NONE', ( #3711 ), #3864, .F. ) ;
#3438 = ORIENTED_EDGE ( 'NONE', *, *, #1226, .F. ) ;
#3439 = VECTOR ( 'NONE', #1479, 1000.000000000000000 ) ;
#3440 = FACE_OUTER_BOUND ( 'NONE', #3775, .T. ) ;
#3441 = LINE ( 'NONE', #213, #4140 ) ;
#3442 = DIRECTION ( 'NONE',  ( 1.047444401652940007E-14, 0.000000000000000000, 1.000000000000000000 ) ) ;
#3443 = CARTESIAN_POINT ( 'NONE',  ( 1.721904477684514045, 0.5800000000000004041, -0.4900000000000183098 ) ) ;
#3444 = CARTESIAN_POINT ( 'NONE',  ( 1.499999999999991784, 0.7600000000000000089, -0.8100000000000159295 ) ) ;
#3445 = CARTESIAN_POINT ( 'NONE',  ( -2.079724199617730473, 0.3155636257986206283, 0.4900000000000219735 ) ) ;
#3446 = EDGE_CURVE ( 'NONE', #6492, #4864, #4409, .T. ) ;
#3447 = CARTESIAN_POINT ( 'NONE',  ( 1.721904477684534696, 0.7600000000000000089, 1.459999999999982645 ) ) ;
#3448 = DIRECTION ( 'NONE',  ( -1.047444401652940007E-14, 0.000000000000000000, -1.000000000000000000 ) ) ;
#3449 = ADVANCED_FACE ( 'NONE', ( #4922 ), #5496, .T. ) ;
#3450 = CARTESIAN_POINT ( 'NONE',  ( -1.499999999999978906, 0.7600000000000000089, 2.019500000000015838 ) ) ;
#3451 = VERTEX_POINT ( 'NONE', #5424 ) ;
#3452 = LINE ( 'NONE', #647, #382 ) ;
#3453 = EDGE_CURVE ( 'NONE', #6863, #2023, #441, .T. ) ;
#3454 = ADVANCED_FACE ( 'NONE', ( #4886 ), #3786, .T. ) ;
#3455 = CARTESIAN_POINT ( 'NONE',  ( 1.815873739763115502, 0.5142020143325679582, 0.4899999999999812283 ) ) ;
#3456 = DIRECTION ( 'NONE',  ( 0.05233595624293647247, 0.9986295347545742773, -5.481900437181704796E-16 ) ) ;
#3457 = CARTESIAN_POINT ( 'NONE',  ( 0.7054999999999816973, 0.3399999999999998024, -1.772500000000007958 ) ) ;
#3458 = EDGE_CURVE ( 'NONE', #4020, #422, #7114, .T. ) ;
#3459 = AXIS2_PLACEMENT_3D ( 'NONE', #3106, #4764, #7031 ) ;
#3460 = UNCERTAINTY_MEASURE_WITH_UNIT (LENGTH_MEASURE( 1.000000000000000082E-05 ), #7145, 'distance_accuracy_value', 'NONE');
#3461 = LINE ( 'NONE', #5644, #1408 ) ;
#3462 = CARTESIAN_POINT ( 'NONE',  ( 1.985018411504592351, 0.5757656401311880279, 1.789999999999980052 ) ) ;
#3463 = DIRECTION ( 'NONE',  ( 1.047444401652940007E-14, 0.000000000000000000, 1.000000000000000000 ) ) ;
#3464 = CARTESIAN_POINT ( 'NONE',  ( -0.7054999999999815863, 0.3399999999999998024, 1.772500000000008180 ) ) ;
#3465 = VERTEX_POINT ( 'NONE', #2144 ) ;
#3466 = ORIENTED_EDGE ( 'NONE', *, *, #731, .T. ) ;
#3467 = ORIENTED_EDGE ( 'NONE', *, *, #5407, .T. ) ;
#3468 = ORIENTED_EDGE ( 'NONE', *, *, #4522, .T. ) ;
#3469 = ORIENTED_EDGE ( 'NONE', *, *, #1793, .F. ) ;
#3470 = VECTOR ( 'NONE', #5706, 1000.000000000000000 ) ;
#3471 = VERTEX_POINT ( 'NONE', #938 ) ;
#3472 = CARTESIAN_POINT ( 'NONE',  ( -0.7055000000000156701, 0.2400000000000004075, -1.422499999999993214 ) ) ;
#3473 = DIRECTION ( 'NONE',  ( 1.047444401652940007E-14, -0.000000000000000000, 1.000000000000000000 ) ) ;
#3474 = ORIENTED_EDGE ( 'NONE', *, *, #3488, .T. ) ;
#3475 = ORIENTED_EDGE ( 'NONE', *, *, #902, .T. ) ;
#3476 = CYLINDRICAL_SURFACE ( 'NONE', #177, 0.1907949898354945883 ) ;
#3477 = DIRECTION ( 'NONE',  ( 3.664421907340615925E-16, 1.000000000000000000, -3.862930115426472391E-30 ) ) ;
#3478 = CARTESIAN_POINT ( 'NONE',  ( -0.7054999999999862492, 0.3399999999999998024, 1.422500000000008091 ) ) ;
#3479 = LINE ( 'NONE', #3369, #3996 ) ;
#3480 = LINE ( 'NONE', #1149, #4233 ) ;
#3481 = CARTESIAN_POINT ( 'NONE',  ( 0.8255000000000134452, 0.3399999999999998024, 1.272499999999991527 ) ) ;
#3482 = ORIENTED_EDGE ( 'NONE', *, *, #1314, .F. ) ;
#3483 = DIRECTION ( 'NONE',  ( 1.221473969113538888E-16, -1.000000000000000000, -1.279426070712772449E-30 ) ) ;
#3484 = LINE ( 'NONE', #3072, #1685 ) ;
#3485 = CARTESIAN_POINT ( 'NONE',  ( 1.499999999999981570, 0.7600000000000000089, -1.790000000000016467 ) ) ;
#3486 = CARTESIAN_POINT ( 'NONE',  ( -0.7055000000000190008, 0.2400000000000004075, -1.772499999999993525 ) ) ;
#3487 = DIRECTION ( 'NONE',  ( 1.000000000000000000, 0.000000000000000000, -1.047444401652940007E-14 ) ) ;
#3488 = EDGE_CURVE ( 'NONE', #1827, #6295, #1593, .T. ) ;
#3489 = CARTESIAN_POINT ( 'NONE',  ( 2.450000000000013500, 0.1797533162558246356, 1.139999999999974811 ) ) ;
#3490 = VECTOR ( 'NONE', #1733, 1000.000000000000000 ) ;
#3491 = EDGE_CURVE ( 'NONE', #1137, #2154, #510, .T. ) ;
#3492 = CARTESIAN_POINT ( 'NONE',  ( 0.7055000000000156701, 0.2400000000000004075, 1.422499999999993214 ) ) ;
#3493 = CARTESIAN_POINT ( 'NONE',  ( 0.9454999999999817994, 0.3399999999999998024, -1.772500000000010623 ) ) ;
#3494 = EDGE_CURVE ( 'NONE', #352, #2893, #4961, .T. ) ;
#3495 = VECTOR ( 'NONE', #6355, 1000.000000000000000 ) ;
#3496 = ADVANCED_FACE ( 'NONE', ( #2581 ), #4816, .F. ) ;
#3497 = PLANE ( 'NONE',  #4198 ) ;
#3498 = CARTESIAN_POINT ( 'NONE',  ( -1.721904477684527812, 0.7600000000000000089, -0.8099999999999822897 ) ) ;
#3499 = DIRECTION ( 'NONE',  ( -0.05233595624293647247, 0.9986295347545742773, 5.481900437181704796E-16 ) ) ;
#3500 = LINE ( 'NONE', #200, #2951 ) ;
#3501 = ORIENTED_EDGE ( 'NONE', *, *, #336, .F. ) ;
#3502 = VECTOR ( 'NONE', #1992, 1000.000000000000000 ) ;
#3503 = VERTEX_POINT ( 'NONE', #3162 ) ;
#3504 = ORIENTED_EDGE ( 'NONE', *, *, #6565, .F. ) ;
#3505 = VERTEX_POINT ( 'NONE', #5385 ) ;
#3506 = VECTOR ( 'NONE', #3128, 1000.000000000000114 ) ;
#3507 = EDGE_LOOP ( 'NONE', ( #6360, #5328, #3784, #480, #2305, #6474, #3914, #5685, #1823, #3161, #1334, #5616 ) ) ;
#3508 = MECHANICAL_DESIGN_GEOMETRIC_PRESENTATION_REPRESENTATION (  '', ( #1056 ), #5712 ) ;
#3509 = DIRECTION ( 'NONE',  ( -1.402715769532989942E-14, 0.000000000000000000, -1.000000000000000000 ) ) ;
#3510 = DIRECTION ( 'NONE',  ( 0.05233595624293647247, 0.9986295347545742773, -5.481900437181704796E-16 ) ) ;
#3511 = ORIENTED_EDGE ( 'NONE', *, *, #5974, .T. ) ;
#3512 = CARTESIAN_POINT ( 'NONE',  ( -1.500000000000021316, 0.5800000000000004041, -2.019499999999985640 ) ) ;
#3513 = DIRECTION ( 'NONE',  ( -1.047444401652940007E-14, 0.000000000000000000, -1.000000000000000000 ) ) ;
#3514 = PLANE ( 'NONE',  #6512 ) ;
#3515 = LINE ( 'NONE', #4506, #6682 ) ;
#3516 = LINE ( 'NONE', #6793, #1374 ) ;
#3517 = DIRECTION ( 'NONE',  ( 1.000000000000000000, 1.221473969113538888E-16, -1.047444401652940007E-14 ) ) ;
#3518 = EDGE_CURVE ( 'NONE', #3963, #2962, #2619, .T. ) ;
#3519 =( LENGTH_UNIT ( ) NAMED_UNIT ( * ) SI_UNIT ( .MILLI., .METRE. ) );
#3520 = CARTESIAN_POINT ( 'NONE',  ( -1.985018411504581914, 0.5757656401311880279, -0.8099999999999794031 ) ) ;
#3521 = AXIS2_PLACEMENT_3D ( 'NONE', #3234, #1627, #5534 ) ;
#3522 = VERTEX_POINT ( 'NONE', #5923 ) ;
#3523 = VECTOR ( 'NONE', #4950, 1000.000000000000000 ) ;
#3524 = DIRECTION ( 'NONE',  ( -0.05233595624293645165, -0.9986295347545742773, 5.481900437181702824E-16 ) ) ;
#3525 = LINE ( 'NONE', #4737, #3470 ) ;
#3526 = VERTEX_POINT ( 'NONE', #4817 ) ;
#3527 = CARTESIAN_POINT ( 'NONE',  ( 1.721904477684500723, 0.4800000000000010369, -1.790000000000018465 ) ) ;
#3528 = AXIS2_PLACEMENT_3D ( 'NONE', #5166, #27, #2236 ) ;
#3529 = FACE_OUTER_BOUND ( 'NONE', #5622, .T. ) ;
#3530 = EDGE_CURVE ( 'NONE', #5357, #1062, #3272, .T. ) ;
#3531 = UNCERTAINTY_MEASURE_WITH_UNIT (LENGTH_MEASURE( 1.000000000000000082E-05 ), #4476, 'distance_accuracy_value', 'NONE');
#3532 = EDGE_CURVE ( 'NONE', #6612, #6732, #5425, .T. ) ;
#3533 = DIRECTION ( 'NONE',  ( 0.9396926207859085389, 0.3420201433256684354, -9.842757749167790628E-15 ) ) ;
#3534 = CARTESIAN_POINT ( 'NONE',  ( 0.8254999999999871330, 0.2400000000000004075, -1.272500000000008846 ) ) ;
#3535 = AXIS2_PLACEMENT_3D ( 'NONE', #268, #1854, #233 ) ;
#3536 = LINE ( 'NONE', #45, #6435 ) ;
#3537 = AXIS2_PLACEMENT_3D ( 'NONE', #5903, #2730, #883 ) ;
#3538 = ADVANCED_FACE ( 'NONE', ( #4276 ), #2073, .T. ) ;
#3539 = DIRECTION ( 'NONE',  ( -1.047444401652940007E-14, 0.000000000000000000, -1.000000000000000000 ) ) ;
#3540 = EDGE_LOOP ( 'NONE', ( #6302, #5295, #202, #3832 ) ) ;
#3541 = CARTESIAN_POINT ( 'NONE',  ( 1.721904477684537804, 0.5800000000000004041, 1.789999999999982716 ) ) ;
#3542 = ORIENTED_EDGE ( 'NONE', *, *, #2677, .F. ) ;
#3543 = AXIS2_PLACEMENT_3D ( 'NONE', #4407, #2681, #4444 ) ;
#3544 = VECTOR ( 'NONE', #2278, 1000.000000000000341 ) ;
#3545 = ORIENTED_EDGE ( 'NONE', *, *, #3458, .F. ) ;
#3546 = ORIENTED_EDGE ( 'NONE', *, *, #1279, .T. ) ;
#3547 = ORIENTED_EDGE ( 'NONE', *, *, #5974, .F. ) ;
#3548 =( NAMED_UNIT ( * ) PLANE_ANGLE_UNIT ( ) SI_UNIT ( $, .RADIAN. ) );
#3549 = EDGE_CURVE ( 'NONE', #1367, #3146, #5996, .T. ) ;
#3550 = EDGE_CURVE ( 'NONE', #5805, #243, #3866, .T. ) ;
#3551 = CARTESIAN_POINT ( 'NONE',  ( 2.239606933285943846, 0.01053252737922920866, 0.1599999999999764388 ) ) ;
#3552 = VERTEX_POINT ( 'NONE', #6032 ) ;
#3553 = ADVANCED_FACE ( 'NONE', ( #7049 ), #2146, .F. ) ;
#3554 = ORIENTED_EDGE ( 'NONE', *, *, #3376, .T. ) ;
#3555 = CARTESIAN_POINT ( 'NONE',  ( -1.721904477684510937, 0.7600000000000000089, 0.8100000000000183720 ) ) ;
#3556 = LINE ( 'NONE', #6411, #1292 ) ;
#3557 = CARTESIAN_POINT ( 'NONE',  ( 2.259012843649064184, 0.3808193555679768583, -0.8100000000000237010 ) ) ;
#3558 = VECTOR ( 'NONE', #235, 1000.000000000000000 ) ;
#3559 = DIRECTION ( 'NONE',  ( 0.9986295347545742773, 0.05233595624293645165, -1.046008915503958750E-14 ) ) ;
#3560 = DIRECTION ( 'NONE',  ( 1.047444401652940007E-14, -0.000000000000000000, 1.000000000000000000 ) ) ;
#3561 = ORIENTED_EDGE ( 'NONE', *, *, #5723, .F. ) ;
#3562 = CARTESIAN_POINT ( 'NONE',  ( -2.450000000000006395, 0.1797533162558246356, -0.4899999999999744005 ) ) ;
#3563 = CARTESIAN_POINT ( 'NONE',  ( 2.079724199617741132, 0.3155636257986206283, 0.4899999999999781752 ) ) ;
#3564 = VERTEX_POINT ( 'NONE', #1013 ) ;
#3565 = DIRECTION ( 'NONE',  ( -1.047444401652940007E-14, 0.000000000000000000, -1.000000000000000000 ) ) ;
#3566 = DIRECTION ( 'NONE',  ( -1.000000000000000000, 0.000000000000000000, 1.084202172485503961E-14 ) ) ;
#3567 = VERTEX_POINT ( 'NONE', #512 ) ;
#3568 = LINE ( 'NONE', #5249, #3025 ) ;
#3569 = DIRECTION ( 'NONE',  ( 1.047444401652940007E-14, -0.000000000000000000, 1.000000000000000000 ) ) ;
#3570 = LINE ( 'NONE', #1418, #6867 ) ;
#3571 = CARTESIAN_POINT ( 'NONE',  ( -0.7055000000000156701, 0.3399999999999998024, -1.422499999999993214 ) ) ;
#3572 = CARTESIAN_POINT ( 'NONE',  ( -2.449999999999982414, 0.1797533162558246356, 1.790000000000026015 ) ) ;
#3573 = AXIS2_PLACEMENT_3D ( 'NONE', #5439, #3664, #1468 ) ;
#3574 = ORIENTED_EDGE ( 'NONE', *, *, #2758, .T. ) ;
#3575 = DIRECTION ( 'NONE',  ( -1.000000000000000000, 0.000000000000000000, 1.022859097168414451E-14 ) ) ;
#3576 = ORIENTED_EDGE ( 'NONE', *, *, #5400, .F. ) ;
#3577 = ORIENTED_EDGE ( 'NONE', *, *, #4038, .F. ) ;
#3578 = ORIENTED_EDGE ( 'NONE', *, *, #1313, .T. ) ;
#3579 = SURFACE_SIDE_STYLE ('',( #5727 ) ) ;
#3581 = EDGE_CURVE ( 'NONE', #5832, #5226, #4378, .T. ) ;
#3580 = DIRECTION ( 'NONE',  ( 1.047444401652940007E-14, 0.000000000000000000, 1.000000000000000000 ) ) ;
#3582 = VERTEX_POINT ( 'NONE', #6472 ) ;
#3583 = VECTOR ( 'NONE', #3220, 1000.000000000000114 ) ;
#3584 = EDGE_CURVE ( 'NONE', #4687, #1138, #442, .T. ) ;
#3585 = EDGE_CURVE ( 'NONE', #167, #2569, #3275, .T. ) ;
#3586 = DIRECTION ( 'NONE',  ( 1.000000000000000000, 0.000000000000000000, -1.047444401652940007E-14 ) ) ;
#3587 = CARTESIAN_POINT ( 'NONE',  ( 2.239606933285953616, 0.01053252737922920866, 1.139999999999977032 ) ) ;
#3588 = ADVANCED_FACE ( 'NONE', ( #2582 ), #6614, .F. ) ;
#3589 = DIRECTION ( 'NONE',  ( 1.000000000000000000, 0.000000000000000000, -1.047444401652940007E-14 ) ) ;
#3590 = CARTESIAN_POINT ( 'NONE',  ( 1.910579527876260508, 0.2540000000000005587, -1.140000000000020330 ) ) ;
#3591 = CARTESIAN_POINT ( 'NONE',  ( -0.9454999999999817994, 0.3399999999999998024, 1.772500000000010623 ) ) ;
#3592 = FACE_OUTER_BOUND ( 'NONE', #3256, .T. ) ;
#3593 = CYLINDRICAL_SURFACE ( 'NONE', #4432, 0.2800000000000000822 ) ;
#3594 = EDGE_LOOP ( 'NONE', ( #5149, #2125, #6651, #5890 ) ) ;
#3595 = CARTESIAN_POINT ( 'NONE',  ( -2.239606933285950507, 0.01053252737922920866, -0.8099999999999768496 ) ) ;
#3596 = LINE ( 'NONE', #4155, #5222 ) ;
#3597 = CARTESIAN_POINT ( 'NONE',  ( -2.079724199617741132, 0.3155636257986206283, -0.4899999999999781752 ) ) ;
#3598 = LINE ( 'NONE', #1955, #3865 ) ;
#3599 = DIRECTION ( 'NONE',  ( 1.047444401652940007E-14, -0.000000000000000000, 1.000000000000000000 ) ) ;
#3600 = CARTESIAN_POINT ( 'NONE',  ( 1.499999999999998446, 0.7600000000000000089, -0.1600000000000157130 ) ) ;
#3601 = DIRECTION ( 'NONE',  ( -1.000000000000000000, 0.000000000000000000, 1.022859097168414451E-14 ) ) ;
#3602 = EDGE_LOOP ( 'NONE', ( #3827, #944, #2524, #6809 ) ) ;
#3603 = PLANE ( 'NONE',  #5192 ) ;
#3604 = ORIENTED_EDGE ( 'NONE', *, *, #3680, .T. ) ;
#3605 = EDGE_CURVE ( 'NONE', #1570, #6544, #4963, .T. ) ;
#3606 = VECTOR ( 'NONE', #2285, 1000.000000000000114 ) ;
#3607 = CARTESIAN_POINT ( 'NONE',  ( -2.450000000000003286, 0.1797533162558246356, -0.1599999999999743294 ) ) ;
#3608 = EDGE_LOOP ( 'NONE', ( #162, #3482, #1081, #4447 ) ) ;
#3609 =( GEOMETRIC_REPRESENTATION_CONTEXT ( 3 ) GLOBAL_UNCERTAINTY_ASSIGNED_CONTEXT ( ( #1271 ) ) GLOBAL_UNIT_ASSIGNED_CONTEXT ( ( #5702, #6239, #4626 ) ) REPRESENTATION_CONTEXT ( 'NONE', 'WORKASPACE' ) );
#3610 =( LENGTH_UNIT ( ) NAMED_UNIT ( * ) SI_UNIT ( .MILLI., .METRE. ) );
#3611 = CIRCLE ( 'NONE', #2674, 0.1750719788243585429 ) ;
#3612 = CARTESIAN_POINT ( 'NONE',  ( -1.721904477684514045, 0.4800000000000010369, 0.4900000000000183098 ) ) ;
#3613 = ORIENTED_EDGE ( 'NONE', *, *, #2768, .F. ) ;
#3614 = EDGE_CURVE ( 'NONE', #1843, #5766, #6071, .T. ) ;
#3615 = VECTOR ( 'NONE', #4286, 1000.000000000000114 ) ;
#3616 = VECTOR ( 'NONE', #6828, 1000.000000000000000 ) ;
#3617 = ORIENTED_EDGE ( 'NONE', *, *, #1812, .T. ) ;
#3618 = VERTEX_POINT ( 'NONE', #7152 ) ;
#3619 = CIRCLE ( 'NONE', #3269, 0.1907949898354945883 ) ;
#3620 = EDGE_CURVE ( 'NONE', #3389, #695, #5386, .T. ) ;
#3621 =( NAMED_UNIT ( * ) SI_UNIT ( $, .STERADIAN. ) SOLID_ANGLE_UNIT ( ) );
#3622 = CARTESIAN_POINT ( 'NONE',  ( 2.440579527876287180, -2.168404344971008868E-16, 1.459999999999975095 ) ) ;
#3623 = CARTESIAN_POINT ( 'NONE',  ( -2.440579527876277410, -2.168404344971008868E-16, -0.4899999999999745115 ) ) ;
#3624 = CARTESIAN_POINT ( 'NONE',  ( 2.249027405409683045, 0.1902858436350523264, 1.139999999999976810 ) ) ;
#3625 = VECTOR ( 'NONE', #5535, 999.9999999999998863 ) ;
#3626 = AXIS2_PLACEMENT_3D ( 'NONE', #6939, #6969, #4668 ) ;
#3627 = ADVANCED_FACE ( 'NONE', ( #1560 ), #4309, .F. ) ;
#3628 = ADVANCED_FACE ( 'NONE', ( #6506 ), #3200, .F. ) ;
#3629 = DIRECTION ( 'NONE',  ( 1.000000000000000000, 0.000000000000000000, -1.047444401652940007E-14 ) ) ;
#3630 = CARTESIAN_POINT ( 'NONE',  ( -2.449999999999999289, 0.1797533162558246356, 0.1600000000000254274 ) ) ;
#3631 = DIRECTION ( 'NONE',  ( -1.000000000000000000, -0.000000000000000000, 1.047444401652940007E-14 ) ) ;
#3632 = CARTESIAN_POINT ( 'NONE',  ( -1.721904477684527812, 0.4800000000000010369, -0.8099999999999822897 ) ) ;
#3633 = ORIENTED_EDGE ( 'NONE', *, *, #4932, .F. ) ;
#3634 = CARTESIAN_POINT ( 'NONE',  ( -0.8254999999999871330, 0.3399999999999998024, 1.272500000000008846 ) ) ;
#3635 = CARTESIAN_POINT ( 'NONE',  ( 1.910579527876270722, 0.2540000000000005587, -0.1600000000000199873 ) ) ;
#3636 = EDGE_CURVE ( 'NONE', #4526, #2735, #3863, .T. ) ;
#3637 = LINE ( 'NONE', #5216, #5809 ) ;
#3638 = CIRCLE ( 'NONE', #6765, 0.1000000000000000472 ) ;
#3639 = PLANE ( 'NONE',  #1010 ) ;
#3640 = DIRECTION ( 'NONE',  ( 1.047444401652940007E-14, 0.000000000000000000, 1.000000000000000000 ) ) ;
#3641 = DIRECTION ( 'NONE',  ( 0.9986295347545742773, 0.05233595624293645165, -1.046008915503958750E-14 ) ) ;
#3642 = ADVANCED_FACE ( 'NONE', ( #2324 ), #683, .F. ) ;
#3643 = VECTOR ( 'NONE', #2169, 1000.000000000000114 ) ;
#3644 = VERTEX_POINT ( 'NONE', #6172 ) ;
#3645 = CARTESIAN_POINT ( 'NONE',  ( 2.259012843649091273, 0.3808193555679768583, 1.789999999999977165 ) ) ;
#3646 = ORIENTED_EDGE ( 'NONE', *, *, #4789, .T. ) ;
#3647 = AXIS2_PLACEMENT_3D ( 'NONE', #2911, #5648, #2262 ) ;
#3648 = FACE_OUTER_BOUND ( 'NONE', #6620, .T. ) ;
#3649 = CLOSED_SHELL ( 'NONE', ( #4026, #5575, #5001, #1134, #1361, #523, #4607, #4882, #1265, #6598, #3588, #2229, #5232, #6557 ) ) ;
#3650 = VERTEX_POINT ( 'NONE', #4010 ) ;
#3651 = VECTOR ( 'NONE', #1716, 1000.000000000000000 ) ;
#3652 = ADVANCED_FACE ( 'NONE', ( #2761 ), #3903, .F. ) ;
#3653 = SURFACE_STYLE_USAGE ( .BOTH. , #6921 ) ;
#3654 = DIRECTION ( 'NONE',  ( 1.000000000000000000, -1.221473969113538888E-16, -1.047444401652940007E-14 ) ) ;
#3655 = VECTOR ( 'NONE', #7073, 1000.000000000000000 ) ;
#3656 = ORIENTED_EDGE ( 'NONE', *, *, #4425, .T. ) ;
#3657 = VECTOR ( 'NONE', #2754, 999.9999999999998863 ) ;
#3658 = EDGE_LOOP ( 'NONE', ( #2057, #1059, #4783, #1613 ) ) ;
#3659 = ORIENTED_EDGE ( 'NONE', *, *, #4130, .T. ) ;
#3660 = DIRECTION ( 'NONE',  ( 0.05233595624293647247, 0.9986295347545742773, -5.481900437181704796E-16 ) ) ;
#3661 = CARTESIAN_POINT ( 'NONE',  ( -2.249027405409669278, 0.1902858436350523264, 0.1600000000000235401 ) ) ;
#3662 = EDGE_CURVE ( 'NONE', #3208, #4851, #2211, .T. ) ;
#3663 = CARTESIAN_POINT ( 'NONE',  ( -1.042328651854239396, 1.100000000000000089, -1.490642050501197247 ) ) ;
#3664 = DIRECTION ( 'NONE',  ( 1.047444401652940007E-14, 0.000000000000000000, 1.000000000000000000 ) ) ;
#3665 = FACE_OUTER_BOUND ( 'NONE', #2833, .T. ) ;
#3666 = AXIS2_PLACEMENT_3D ( 'NONE', #634, #3477, #2816 ) ;
#3667 = LINE ( 'NONE', #6418, #6039 ) ;
#3668 = ORIENTED_EDGE ( 'NONE', *, *, #128, .T. ) ;
#3669 = PLANE ( 'NONE',  #4344 ) ;
#3670 = COLOUR_RGB ( '',0.7921568627450980005, 0.8196078431372548767, 0.9333333333333333481 ) ;
#3671 = EDGE_CURVE ( 'NONE', #4165, #5681, #43, .T. ) ;
#3672 = CARTESIAN_POINT ( 'NONE',  ( 1.440048826559101158, 0.2400000000000004075, -2.019500000000016726 ) ) ;
#3673 = CARTESIAN_POINT ( 'NONE',  ( 2.249027405409689706, 0.1902858436350523264, 1.789999999999977165 ) ) ;
#3674 = LINE ( 'NONE', #5954, #2738 ) ;
#3675 = VECTOR ( 'NONE', #2718, 1000.000000000000000 ) ;
#3676 = FACE_OUTER_BOUND ( 'NONE', #2995, .T. ) ;
#3677 = ORIENTED_EDGE ( 'NONE', *, *, #2815, .T. ) ;
#3678 = ADVANCED_FACE ( 'NONE', ( #3349 ), #5608, .T. ) ;
#3679 = PLANE ( 'NONE',  #5395 ) ;
#3680 = EDGE_CURVE ( 'NONE', #78, #6234, #4449, .T. ) ;
#3681 = ORIENTED_EDGE ( 'NONE', *, *, #1133, .F. ) ;
#3682 = DIRECTION ( 'NONE',  ( 0.05233595624293647247, 0.9986295347545742773, -5.481900437181704796E-16 ) ) ;
#3683 = CARTESIAN_POINT ( 'NONE',  ( 1.499999999999984901, 0.5800000000000004041, -1.460000000000016174 ) ) ;
#3684 = ORIENTED_EDGE ( 'NONE', *, *, #2021, .T. ) ;
#3685 = CARTESIAN_POINT ( 'NONE',  ( 2.450000000000013500, 0.1797533162558246356, 1.139999999999974811 ) ) ;
#3686 = VERTEX_POINT ( 'NONE', #4594 ) ;
#3687 = ORIENTED_EDGE ( 'NONE', *, *, #24, .F. ) ;
#3688 = VERTEX_POINT ( 'NONE', #6654 ) ;
#3689 = ORIENTED_EDGE ( 'NONE', *, *, #3401, .T. ) ;
#3690 = DIRECTION ( 'NONE',  ( -1.236182315839216618E-14, 0.000000000000000000, -1.000000000000000000 ) ) ;
#3691 = CARTESIAN_POINT ( 'NONE',  ( 0.7055000000000191118, 0.3399999999999998024, 1.772499999999993303 ) ) ;
#3692 = DIRECTION ( 'NONE',  ( -1.047444401652940007E-14, 0.000000000000000000, -1.000000000000000000 ) ) ;
#3693 = CIRCLE ( 'NONE', #4051, 0.2800000000000000822 ) ;
#3694 = DIRECTION ( 'NONE',  ( 1.047444401652940007E-14, 0.000000000000000000, 1.000000000000000000 ) ) ;
#3695 = PRESENTATION_STYLE_ASSIGNMENT (( #5334 ) ) ;
#3696 = VERTEX_POINT ( 'NONE', #6722 ) ;
#3697 = PLANE ( 'NONE',  #1550 ) ;
#3698 = DIRECTION ( 'NONE',  ( 1.047444401652940007E-14, 0.000000000000000000, 1.000000000000000000 ) ) ;
#3699 = ORIENTED_EDGE ( 'NONE', *, *, #466, .F. ) ;
#3700 = CARTESIAN_POINT ( 'NONE',  ( -1.721904477684507384, 0.5800000000000004041, 1.140000000000018110 ) ) ;
#3701 = VECTOR ( 'NONE', #6096, 1000.000000000000000 ) ;
#3702 = CARTESIAN_POINT ( 'NONE',  ( 0.7054999999999862492, 0.2400000000000004075, -1.422500000000008091 ) ) ;
#3703 = PLANE ( 'NONE',  #1101 ) ;
#3704 = DIRECTION ( 'NONE',  ( 1.000000000000000000, 0.000000000000000000, -1.047444401652940007E-14 ) ) ;
#3705 = DIRECTION ( 'NONE',  ( 1.047444401652940007E-14, 0.000000000000000000, 1.000000000000000000 ) ) ;
#3706 = CARTESIAN_POINT ( 'NONE',  ( 1.815873739763115502, 0.5142020143325679582, 0.4899999999999812283 ) ) ;
#3707 = VERTEX_POINT ( 'NONE', #2254 ) ;
#3708 = CARTESIAN_POINT ( 'NONE',  ( 2.259012843649091273, 0.3808193555679768583, 1.789999999999977165 ) ) ;
#3709 = EDGE_CURVE ( 'NONE', #614, #1058, #619, .T. ) ;
#3710 = VERTEX_POINT ( 'NONE', #3457 ) ;
#3711 = FACE_OUTER_BOUND ( 'NONE', #1277, .T. ) ;
#3712 = EDGE_CURVE ( 'NONE', #1386, #4100, #5569, .T. ) ;
#3713 = CARTESIAN_POINT ( 'NONE',  ( 1.815873739763108619, 0.5142020143325679582, -0.1600000000000191269 ) ) ;
#3714 = EDGE_CURVE ( 'NONE', #5766, #1312, #1128, .T. ) ;
#3715 = FACE_OUTER_BOUND ( 'NONE', #5311, .T. ) ;
#3716 = ORIENTED_EDGE ( 'NONE', *, *, #1175, .F. ) ;
#3717 = FACE_OUTER_BOUND ( 'NONE', #1995, .T. ) ;
#3718 = ORIENTED_EDGE ( 'NONE', *, *, #2158, .T. ) ;
#3719 = VECTOR ( 'NONE', #79, 1000.000000000000000 ) ;
#3720 = ORIENTED_EDGE ( 'NONE', *, *, #5948, .T. ) ;
#3721 = ORIENTED_EDGE ( 'NONE', *, *, #3087, .F. ) ;
#3722 = VECTOR ( 'NONE', #7009, 1000.000000000000000 ) ;
#3723 = EDGE_LOOP ( 'NONE', ( #3313, #1987, #534, #4153 ) ) ;
#3724 = CARTESIAN_POINT ( 'NONE',  ( 2.450000000000006395, 0.1797533162558246356, 0.4899999999999744005 ) ) ;
#3725 = CARTESIAN_POINT ( 'NONE',  ( 2.249027405409652403, 0.1902858436350523264, -1.790000000000024016 ) ) ;
#3726 = ADVANCED_FACE ( 'NONE', ( #4487 ), #582, .F. ) ;
#3727 = PLANE ( 'NONE',  #477 ) ;
#3728 = VECTOR ( 'NONE', #4697, 1000.000000000000000 ) ;
#3729 = PLANE ( 'NONE',  #778 ) ;
#3730 = VECTOR ( 'NONE', #6497, 1000.000000000000000 ) ;
#3731 =( LENGTH_UNIT ( ) NAMED_UNIT ( * ) SI_UNIT ( .MILLI., .METRE. ) );
#3732 = AXIS2_PLACEMENT_3D ( 'NONE', #3765, #6481, #6007 ) ;
#3733 = ORIENTED_EDGE ( 'NONE', *, *, #3636, .T. ) ;
#3734 = CARTESIAN_POINT ( 'NONE',  ( -1.985018411504578584, 0.5757656401311880279, -0.4899999999999793965 ) ) ;
#3735 = CARTESIAN_POINT ( 'NONE',  ( 2.449999999999996181, 0.1797533162558246356, -0.4900000000000258038 ) ) ;
#3736 = VERTEX_POINT ( 'NONE', #3383 ) ;
#3737 = CYLINDRICAL_SURFACE ( 'NONE', #1773, 0.1000000000000000472 ) ;
#3738 = VECTOR ( 'NONE', #4382, 1000.000000000000000 ) ;
#3739 = PRESENTATION_LAYER_ASSIGNMENT (  '', '', ( #6875 ) ) ;
#3740 = DIRECTION ( 'NONE',  ( 0.05233595624293647247, -0.9986295347545742773, -5.481900437181704796E-16 ) ) ;
#3741 = EDGE_CURVE ( 'NONE', #4055, #882, #2, .T. ) ;
#3742 = DIRECTION ( 'NONE',  ( 1.000000000000000000, 0.000000000000000000, -1.047444401652940007E-14 ) ) ;
#3743 = PLANE ( 'NONE',  #72 ) ;
#3744 =( NAMED_UNIT ( * ) PLANE_ANGLE_UNIT ( ) SI_UNIT ( $, .RADIAN. ) );
#3745 = CARTESIAN_POINT ( 'NONE',  ( -1.500000000000001998, 0.7600000000000000089, -0.1599999999999843769 ) ) ;
#3746 = EDGE_LOOP ( 'NONE', ( #3878, #628, #808, #3668 ) ) ;
#3747 = LINE ( 'NONE', #3230, #2719 ) ;
#3748 = EDGE_CURVE ( 'NONE', #3889, #7150, #549, .T. ) ;
#3749 = ORIENTED_EDGE ( 'NONE', *, *, #5146, .F. ) ;
#3750 = CARTESIAN_POINT ( 'NONE',  ( -1.500000000000015321, 0.7600000000000000089, -1.459999999999984643 ) ) ;
#3751 = DIRECTION ( 'NONE',  ( -1.000000000000000000, 0.000000000000000000, 1.047444401652940007E-14 ) ) ;
#3752 = CARTESIAN_POINT ( 'NONE',  ( 0.9454999999999869065, 0.3399999999999998024, -1.272500000000010623 ) ) ;
#3753 = EDGE_LOOP ( 'NONE', ( #5584, #1959, #4132, #1579 ) ) ;
#3754 = CIRCLE ( 'NONE', #164, 0.1000000000000000472 ) ;
#3755 = EDGE_CURVE ( 'NONE', #6977, #695, #5067, .T. ) ;
#3756 = DIRECTION ( 'NONE',  ( 0.000000000000000000, -1.000000000000000000, 0.000000000000000000 ) ) ;
#3757 = ORIENTED_EDGE ( 'NONE', *, *, #2560, .T. ) ;
#3758 = VERTEX_POINT ( 'NONE', #116 ) ;
#3759 = ORIENTED_EDGE ( 'NONE', *, *, #834, .T. ) ;
#3760 = CLOSED_SHELL ( 'NONE', ( #5880, #2784, #5802, #5430 ) ) ;
#3761 = ORIENTED_EDGE ( 'NONE', *, *, #1580, .T. ) ;
#3762 = VERTEX_POINT ( 'NONE', #4554 ) ;
#3763 = VECTOR ( 'NONE', #2634, 1000.000000000000000 ) ;
#3764 = ADVANCED_FACE ( 'NONE', ( #6762 ), #1774, .F. ) ;
#3765 = CARTESIAN_POINT ( 'NONE',  ( -2.259012843649081059, 0.3808193555679768583, -0.8099999999999765166 ) ) ;
#3766 = ADVANCED_FACE ( 'NONE', ( #3529 ), #6835, .F. ) ;
#3767 = VECTOR ( 'NONE', #6391, 1000.000000000000000 ) ;
#3768 = DIRECTION ( 'NONE',  ( 1.000000000000000000, -1.221473969113538888E-16, -1.047444401652940007E-14 ) ) ;
#3769 = EDGE_CURVE ( 'NONE', #3066, #1015, #6354, .T. ) ;
#3770 = DIRECTION ( 'NONE',  ( -1.000000000000000000, 0.000000000000000000, 1.047444401652940007E-14 ) ) ;
#3771 = VERTEX_POINT ( 'NONE', #4739 ) ;
#3772 = ORIENTED_EDGE ( 'NONE', *, *, #4425, .F. ) ;
#3773 = CARTESIAN_POINT ( 'NONE',  ( 1.985018411504592351, 0.5757656401311880279, 1.789999999999980052 ) ) ;
#3774 = PLANE ( 'NONE',  #3258 ) ;
#3775 = EDGE_LOOP ( 'NONE', ( #2525, #46, #7036, #3950 ) ) ;
#3776 = DIRECTION ( 'NONE',  ( 0.05233595624293647941, 0.9986295347545742773, -5.481900437181704796E-16 ) ) ;
#3777 = CARTESIAN_POINT ( 'NONE',  ( -2.259012843649053970, 0.3808193555679768583, 1.790000000000024682 ) ) ;
#3778 = ORIENTED_EDGE ( 'NONE', *, *, #4669, .F. ) ;
#3779 = LINE ( 'NONE', #4402, #5464 ) ;
#3780 = LINE ( 'NONE', #6535, #5874 ) ;
#3781 = DIRECTION ( 'NONE',  ( -1.000000000000000000, 0.000000000000000000, 1.052637691431445486E-14 ) ) ;
#3782 = CARTESIAN_POINT ( 'NONE',  ( -1.500000000000021316, 0.7600000000000000089, -2.019499999999985640 ) ) ;
#3783 = VECTOR ( 'NONE', #3560, 1000.000000000000000 ) ;
#3784 = ORIENTED_EDGE ( 'NONE', *, *, #1527, .T. ) ;
#3785 = CARTESIAN_POINT ( 'NONE',  ( 0.8255000000000134452, 0.2400000000000004075, 1.272499999999991527 ) ) ;
#3786 = PLANE ( 'NONE',  #4457 ) ;
#3787 = AXIS2_PLACEMENT_3D ( 'NONE', #4807, #3448, #3896 ) ;
#3788 = CARTESIAN_POINT ( 'NONE',  ( -1.500000000000008660, 0.7600000000000000089, -0.8099999999999843991 ) ) ;
#3789 = CYLINDRICAL_SURFACE ( 'NONE', #2213, 0.1750719788243587649 ) ;
#3790 = VERTEX_POINT ( 'NONE', #830 ) ;
#3791 = DIRECTION ( 'NONE',  ( 1.047444401652940007E-14, -0.000000000000000000, 1.000000000000000000 ) ) ;
#3792 = ORIENTED_EDGE ( 'NONE', *, *, #4952, .T. ) ;
#3793 = ORIENTED_EDGE ( 'NONE', *, *, #4612, .T. ) ;
#3794 = ORIENTED_EDGE ( 'NONE', *, *, #117, .F. ) ;
#3795 = ORIENTED_EDGE ( 'NONE', *, *, #2671, .T. ) ;
#3796 = CARTESIAN_POINT ( 'NONE',  ( -0.9455000000000136628, 0.2400000000000004075, -1.272499999999990417 ) ) ;
#3797 = EDGE_CURVE ( 'NONE', #5926, #6034, #4634, .T. ) ;
#3798 = CARTESIAN_POINT ( 'NONE',  ( -1.499999999999981570, 0.5800000000000004041, 1.790000000000016467 ) ) ;
#3799 = CARTESIAN_POINT ( 'NONE',  ( -1.721904477684524482, 0.5800000000000004041, -0.4899999999999822275 ) ) ;
#3800 = AXIS2_PLACEMENT_3D ( 'NONE', #4795, #1025, #3248 ) ;
#3801 = DIRECTION ( 'NONE',  ( 1.047444401652940007E-14, 0.000000000000000000, 1.000000000000000000 ) ) ;
#3802 = ADVANCED_FACE ( 'NONE', ( #2984 ), #3639, .F. ) ;
#3803 = ORIENTED_EDGE ( 'NONE', *, *, #6723, .F. ) ;
#3804 = EDGE_CURVE ( 'NONE', #1037, #4548, #5750, .T. ) ;
#3805 = CARTESIAN_POINT ( 'NONE',  ( -1.217400630678598050, 1.100000000000000089, -1.490642050501195470 ) ) ;
#3806 = VECTOR ( 'NONE', #2868, 1000.000000000000000 ) ;
#3807 = EDGE_LOOP ( 'NONE', ( #6811, #4143, #2457, #4614 ) ) ;
#3808 = LINE ( 'NONE', #3337, #138 ) ;
#3809 = ORIENTED_EDGE ( 'NONE', *, *, #3068, .F. ) ;
#3810 = EDGE_LOOP ( 'NONE', ( #3931, #2698, #2044, #1276 ) ) ;
#3811 = DIRECTION ( 'NONE',  ( -1.000000000000000000, 0.000000000000000000, 1.084202172485504118E-14 ) ) ;
#3812 = CARTESIAN_POINT ( 'NONE',  ( 2.449999999999982414, 0.1797533162558246356, -1.790000000000026015 ) ) ;
#3813 = ORIENTED_EDGE ( 'NONE', *, *, #4831, .T. ) ;
#3814 = FACE_OUTER_BOUND ( 'NONE', #2339, .T. ) ;
#3815 = CARTESIAN_POINT ( 'NONE',  ( -1.815873739763115502, 0.5142020143325679582, -0.4899999999999812283 ) ) ;
#3816 = AXIS2_PLACEMENT_3D ( 'NONE', #1196, #650, #4589 ) ;
#3817 = CARTESIAN_POINT ( 'NONE',  ( -1.910579527876288042, 0.2540000000000005587, -1.459999999999980647 ) ) ;
#3818 = VERTEX_POINT ( 'NONE', #326 ) ;
#3819 = DIRECTION ( 'NONE',  ( 0.9986295347545742773, -0.05233595624293645165, -1.046008915503958750E-14 ) ) ;
#3820 = ORIENTED_EDGE ( 'NONE', *, *, #936, .F. ) ;
#3821 = LINE ( 'NONE', #471, #728 ) ;
#3822 = ORIENTED_EDGE ( 'NONE', *, *, #6063, .T. ) ;
#3823 = CARTESIAN_POINT ( 'NONE',  ( -2.249027405409665725, 0.1902858436350523264, 0.4900000000000236389 ) ) ;
#3824 = DIRECTION ( 'NONE',  ( -1.000000000000000000, -3.664421907340615925E-16, 1.047444401652940007E-14 ) ) ;
#3825 = VERTEX_POINT ( 'NONE', #2439 ) ;
#3826 = DIRECTION ( 'NONE',  ( -1.047444401652940007E-14, 0.000000000000000000, -1.000000000000000000 ) ) ;
#3827 = ORIENTED_EDGE ( 'NONE', *, *, #1352, .F. ) ;
#3828 = EDGE_CURVE ( 'NONE', #5477, #1562, #1340, .T. ) ;
#3829 = ORIENTED_EDGE ( 'NONE', *, *, #5589, .F. ) ;
#3830 = ORIENTED_EDGE ( 'NONE', *, *, #4170, .T. ) ;
#3831 = ORIENTED_EDGE ( 'NONE', *, *, #2780, .T. ) ;
#3832 = ORIENTED_EDGE ( 'NONE', *, *, #6858, .T. ) ;
#3833 = CARTESIAN_POINT ( 'NONE',  ( -0.8672566730298807425, 1.000000000000000666, -1.490642050501199023 ) ) ;
#3834 = CARTESIAN_POINT ( 'NONE',  ( -1.985018411504568148, 0.5757656401311880279, 0.4900000000000210298 ) ) ;
#3835 = CARTESIAN_POINT ( 'NONE',  ( -2.249027405409658620, 0.1902858436350523264, 1.140000000000024105 ) ) ;
#3836 = ORIENTED_EDGE ( 'NONE', *, *, #6218, .T. ) ;
#3837 = LINE ( 'NONE', #2072, #5379 ) ;
#3838 = STYLED_ITEM ( 'NONE', ( #4333 ), #6644 ) ;
#3839 = EDGE_CURVE ( 'NONE', #4177, #1843, #6872, .T. ) ;
#3840 = DIRECTION ( 'NONE',  ( -0.3420201433256698231, 0.9396926207859079838, 3.582470843790089969E-15 ) ) ;
#3841 = ORIENTED_EDGE ( 'NONE', *, *, #3904, .T. ) ;
#3842 = DIRECTION ( 'NONE',  ( 1.236182315839216618E-14, 0.000000000000000000, 1.000000000000000000 ) ) ;
#3843 = ORIENTED_EDGE ( 'NONE', *, *, #2597, .T. ) ;
#3844 = VERTEX_POINT ( 'NONE', #1884 ) ;
#3845 = LINE ( 'NONE', #6054, #1307 ) ;
#3846 = EDGE_CURVE ( 'NONE', #1993, #2004, #762, .T. ) ;
#3847 = VECTOR ( 'NONE', #3039, 1000.000000000000000 ) ;
#3848 = EDGE_CURVE ( 'NONE', #690, #2367, #3274, .T. ) ;
#3849 = DIRECTION ( 'NONE',  ( -1.047444401652940007E-14, 0.000000000000000000, -1.000000000000000000 ) ) ;
#3850 = VECTOR ( 'NONE', #2291, 1000.000000000000000 ) ;
#3851 = EDGE_LOOP ( 'NONE', ( #4056, #6222, #1638, #2336 ) ) ;
#3852 = LINE ( 'NONE', #3372, #1675 ) ;
#3853 = FILL_AREA_STYLE ('',( #4987 ) ) ;
#3854 = DIRECTION ( 'NONE',  ( -0.3420201433256698231, 0.9396926207859079838, 3.582470843790089969E-15 ) ) ;
#3855 = VECTOR ( 'NONE', #6814, 1000.000000000000000 ) ;
#3856 =( GEOMETRIC_REPRESENTATION_CONTEXT ( 3 ) GLOBAL_UNCERTAINTY_ASSIGNED_CONTEXT ( ( #4043 ) ) GLOBAL_UNIT_ASSIGNED_CONTEXT ( ( #724, #2985, #6286 ) ) REPRESENTATION_CONTEXT ( 'NONE', 'WORKASPACE' ) );
#3857 = EDGE_LOOP ( 'NONE', ( #3793, #234, #985, #430, #4861, #748, #4211, #6363, #3242, #5824, #6486, #4003 ) ) ;
#3858 = DIRECTION ( 'NONE',  ( -1.000000000000000000, 0.000000000000000000, 1.047444401652940007E-14 ) ) ;
#3859 = AXIS2_PLACEMENT_3D ( 'NONE', #314, #4691, #4103 ) ;
#3860 = EDGE_CURVE ( 'NONE', #5292, #415, #1754, .T. ) ;
#3861 = LINE ( 'NONE', #5097, #1873 ) ;
#3862 = ORIENTED_EDGE ( 'NONE', *, *, #5347, .T. ) ;
#3863 = CIRCLE ( 'NONE', #717, 0.1907949898354945883 ) ;
#3864 = PLANE ( 'NONE',  #5731 ) ;
#3865 = VECTOR ( 'NONE', #5780, 1000.000000000000000 ) ;
#3866 = LINE ( 'NONE', #1049, #3625 ) ;
#3867 = EDGE_CURVE ( 'NONE', #3205, #3333, #4120, .T. ) ;
#3868 = PLANE ( 'NONE',  #6276 ) ;
#3869 = DIRECTION ( 'NONE',  ( -0.000000000000000000, -1.000000000000000000, -0.000000000000000000 ) ) ;
#3870 = EDGE_LOOP ( 'NONE', ( #2740, #6637, #6059, #223, #5468, #4098, #5156, #4350, #7062, #4338, #4863, #2915 ) ) ;
#3871 = DIRECTION ( 'NONE',  ( 1.000000000000000000, 0.000000000000000000, -1.047444401652940007E-14 ) ) ;
#3872 = ORIENTED_EDGE ( 'NONE', *, *, #6063, .F. ) ;
#3873 = ORIENTED_EDGE ( 'NONE', *, *, #1295, .F. ) ;
#3874 = CIRCLE ( 'NONE', #3282, 0.3707949898354946372 ) ;
#3875 = AXIS2_PLACEMENT_3D ( 'NONE', #6597, #1608, #3334 ) ;
#3876 = AXIS2_PLACEMENT_3D ( 'NONE', #152, #5670, #678 ) ;
#3877 = ORIENTED_EDGE ( 'NONE', *, *, #7038, .T. ) ;
#3878 = ORIENTED_EDGE ( 'NONE', *, *, #2221, .T. ) ;
#3879 = CARTESIAN_POINT ( 'NONE',  ( 2.239606933285923418, 0.01053252737922920866, -1.790000000000024460 ) ) ;
#3880 = CARTESIAN_POINT ( 'NONE',  ( 0.8255000000000134452, 0.3399999999999998024, 1.272499999999991527 ) ) ;
#3881 = LINE ( 'NONE', #18, #2362 ) ;
#3882 = ORIENTED_EDGE ( 'NONE', *, *, #926, .T. ) ;
#3883 = CIRCLE ( 'NONE', #5737, 0.2800000000000003042 ) ;
#3884 = DIRECTION ( 'NONE',  ( 1.047444401652940007E-14, 0.000000000000000000, 1.000000000000000000 ) ) ;
#3885 = VECTOR ( 'NONE', #3871, 1000.000000000000000 ) ;
#3886 = LINE ( 'NONE', #2813, #6082 ) ;
#3887 = ORIENTED_EDGE ( 'NONE', *, *, #956, .F. ) ;
#3888 = DIRECTION ( 'NONE',  ( 1.000000000000000000, 0.000000000000000000, -1.236182315839216618E-14 ) ) ;
#3889 = VERTEX_POINT ( 'NONE', #6386 ) ;
#3890 = VECTOR ( 'NONE', #516, 1000.000000000000000 ) ;
#3891 = EDGE_CURVE ( 'NONE', #9, #5530, #6427, .T. ) ;
#3892 = DIRECTION ( 'NONE',  ( 1.047444401652940007E-14, -0.000000000000000000, 1.000000000000000000 ) ) ;
#3893 = CARTESIAN_POINT ( 'NONE',  ( -0.8255000000000134452, 0.3399999999999998024, -1.272499999999991527 ) ) ;
#3894 = VECTOR ( 'NONE', #306, 1000.000000000000000 ) ;
#3895 = CARTESIAN_POINT ( 'NONE',  ( -1.499999999999988010, 0.7600000000000000089, 1.140000000000015890 ) ) ;
#3896 = DIRECTION ( 'NONE',  ( -1.000000000000000000, 0.000000000000000000, 1.084202172485503961E-14 ) ) ;
#3897 = AXIS2_PLACEMENT_3D ( 'NONE', #3708, #330, #5220 ) ;
#3898 = ORIENTED_EDGE ( 'NONE', *, *, #654, .T. ) ;
#3899 = CARTESIAN_POINT ( 'NONE',  ( 1.721904477684527812, 0.4800000000000010369, 0.8099999999999822897 ) ) ;
#3900 = FILL_AREA_STYLE_COLOUR ( '', #3976 ) ;
#3901 = VERTEX_POINT ( 'NONE', #4159 ) ;
#3902 = PLANE ( 'NONE',  #2088 ) ;
#3903 = PLANE ( 'NONE',  #5717 ) ;
#3904 = EDGE_CURVE ( 'NONE', #5970, #3076, #3598, .T. ) ;
#3905 = ADVANCED_FACE ( 'NONE', ( #795 ), #1449, .F. ) ;
#3906 = CARTESIAN_POINT ( 'NONE',  ( -2.449999999999986411, 0.1797533162558246356, 1.460000000000026388 ) ) ;
#3907 = STYLED_ITEM ( 'NONE', ( #4760 ), #6502 ) ;
#3908 = CARTESIAN_POINT ( 'NONE',  ( -0.9455000000000136628, 0.2400000000000004075, -1.272499999999990417 ) ) ;
#3909 = ORIENTED_EDGE ( 'NONE', *, *, #1557, .F. ) ;
#3910 = EDGE_CURVE ( 'NONE', #4851, #6812, #5250, .T. ) ;
#3911 = CIRCLE ( 'NONE', #2399, 0.1907949898354945883 ) ;
#3912 = CARTESIAN_POINT ( 'NONE',  ( -2.259012843649060631, 0.3808193555679768583, 1.140000000000024105 ) ) ;
#3913 = EDGE_LOOP ( 'NONE', ( #7155, #2448, #6967, #6772, #4372, #5991, #2225, #5502, #3952, #4163, #6219, #5689 ) ) ;
#3914 = ORIENTED_EDGE ( 'NONE', *, *, #5499, .T. ) ;
#3915 = ORIENTED_EDGE ( 'NONE', *, *, #5407, .F. ) ;
#3916 = VERTEX_POINT ( 'NONE', #867 ) ;
#3917 = CARTESIAN_POINT ( 'NONE',  ( -1.332873001103366647E-14, 0.2400000000000004075, -1.272500000000000409 ) ) ;
#3918 = FACE_OUTER_BOUND ( 'NONE', #3870, .T. ) ;
#3919 = ORIENTED_EDGE ( 'NONE', *, *, #5135, .F. ) ;
#3920 = DIRECTION ( 'NONE',  ( 1.047444401652940007E-14, -0.000000000000000000, 1.000000000000000000 ) ) ;
#3921 = FACE_OUTER_BOUND ( 'NONE', #7182, .T. ) ;
#3922 =( NAMED_UNIT ( * ) SI_UNIT ( $, .STERADIAN. ) SOLID_ANGLE_UNIT ( ) );
#3923 = DIRECTION ( 'NONE',  ( 1.047444401652940007E-14, 0.000000000000000000, 1.000000000000000000 ) ) ;
#3924 = DIRECTION ( 'NONE',  ( -0.000000000000000000, -1.000000000000000000, -0.000000000000000000 ) ) ;
#3925 = VECTOR ( 'NONE', #2430, 1000.000000000000114 ) ;
#3926 = DIRECTION ( 'NONE',  ( 1.047444401652940007E-14, -0.000000000000000000, 1.000000000000000000 ) ) ;
#3927 = CARTESIAN_POINT ( 'NONE',  ( -1.985018411504554603, 0.5757656401311880279, 1.790000000000021574 ) ) ;
#3928 = EDGE_CURVE ( 'NONE', #2341, #6260, #195, .T. ) ;
#3929 = LINE ( 'NONE', #6129, #1231 ) ;
#3930 = DIRECTION ( 'NONE',  ( -1.047444401652940007E-14, 0.000000000000000000, -1.000000000000000000 ) ) ;
#3931 = ORIENTED_EDGE ( 'NONE', *, *, #4522, .F. ) ;
#3932 = CARTESIAN_POINT ( 'NONE',  ( -1.500000000000008660, 0.5800000000000004041, -0.8099999999999843991 ) ) ;
#3933 =( LENGTH_UNIT ( ) NAMED_UNIT ( * ) SI_UNIT ( .MILLI., .METRE. ) );
#3934 = LINE ( 'NONE', #617, #4074 ) ;
#3935 = DIRECTION ( 'NONE',  ( -1.000000000000000000, 0.000000000000000000, 1.045480666325306653E-14 ) ) ;
#3936 = VECTOR ( 'NONE', #3189, 1000.000000000000000 ) ;
#3937 = EDGE_CURVE ( 'NONE', #3771, #6294, #5182, .T. ) ;
#3938 = CARTESIAN_POINT ( 'NONE',  ( 2.239606933285926527, 0.01053252737922920866, -1.460000000000023723 ) ) ;
#3939 = CARTESIAN_POINT ( 'NONE',  ( 2.079724199617723812, 0.3155636257986206283, -1.140000000000021885 ) ) ;
#3940 = ORIENTED_EDGE ( 'NONE', *, *, #3891, .F. ) ;
#3941 = EDGE_CURVE ( 'NONE', #1602, #6037, #2062, .T. ) ;
#3942 = EDGE_CURVE ( 'NONE', #1008, #5733, #4403, .T. ) ;
#3943 = DIRECTION ( 'NONE',  ( -0.9986295347545742773, 0.05233595624293647247, 1.046008915503959065E-14 ) ) ;
#3944 = ORIENTED_EDGE ( 'NONE', *, *, #6784, .T. ) ;
#3945 = ORIENTED_EDGE ( 'NONE', *, *, #2249, .T. ) ;
#3946 = VERTEX_POINT ( 'NONE', #2030 ) ;
#3947 = CARTESIAN_POINT ( 'NONE',  ( 1.500000000000018874, 0.7600000000000000089, 1.789999999999985159 ) ) ;
#3948 = EDGE_CURVE ( 'NONE', #1640, #3988, #4332, .T. ) ;
#3949 = FACE_OUTER_BOUND ( 'NONE', #2041, .T. ) ;
#3950 = ORIENTED_EDGE ( 'NONE', *, *, #4266, .T. ) ;
#3951 = CYLINDRICAL_SURFACE ( 'NONE', #5392, 0.1907949898354945883 ) ;
#3952 = ORIENTED_EDGE ( 'NONE', *, *, #1405, .F. ) ;
#3953 = FACE_OUTER_BOUND ( 'NONE', #6503, .T. ) ;
#3954 = EDGE_LOOP ( 'NONE', ( #2694, #2711, #5048, #1929 ) ) ;
#3955 = DIRECTION ( 'NONE',  ( -1.047444401652940007E-14, 0.000000000000000000, -1.000000000000000000 ) ) ;
#3956 = CARTESIAN_POINT ( 'NONE',  ( -2.249027405409675495, 0.1902858436350523264, -0.4899999999999764544 ) ) ;
#3957 = CARTESIAN_POINT ( 'NONE',  ( -2.239606933285960277, 0.01053252737922920866, -1.789999999999976943 ) ) ;
#3958 = ORIENTED_EDGE ( 'NONE', *, *, #870, .T. ) ;
#3959 = CARTESIAN_POINT ( 'NONE',  ( -2.239606933285929635, 0.01053252737922920866, 1.140000000000024105 ) ) ;
#3960 = AXIS2_PLACEMENT_3D ( 'NONE', #2210, #1699, #3421 ) ;
#3961 = CARTESIAN_POINT ( 'NONE',  ( 0.7054999999999862492, 0.3399999999999998024, -1.422500000000008091 ) ) ;
#3962 = DIRECTION ( 'NONE',  ( 1.047444401652940007E-14, 0.000000000000000000, 1.000000000000000000 ) ) ;
#3963 = VERTEX_POINT ( 'NONE', #5886 ) ;
#3964 = PRESENTATION_LAYER_ASSIGNMENT (  '', '', ( #3379 ) ) ;
#3965 = CARTESIAN_POINT ( 'NONE',  ( -1.721904477684504053, 0.4800000000000010369, 1.460000000000018394 ) ) ;
#3966 = ADVANCED_FACE ( 'NONE', ( #6608 ), #4954, .F. ) ;
#3967 = PLANE ( 'NONE',  #3816 ) ;
#3968 = LINE ( 'NONE', #4486, #350 ) ;
#3969 = DIRECTION ( 'NONE',  ( -0.9396926207859085389, 0.3420201433256684354, 9.842757749167790628E-15 ) ) ;
#3970 = UNCERTAINTY_MEASURE_WITH_UNIT (LENGTH_MEASURE( 1.000000000000000082E-05 ), #3519, 'distance_accuracy_value', 'NONE');
#3971 = AXIS2_PLACEMENT_3D ( 'NONE', #2729, #3318, #2147 ) ;
#3972 = VECTOR ( 'NONE', #379, 1000.000000000000000 ) ;
#3973 = CARTESIAN_POINT ( 'NONE',  ( 0.7054999999999862492, 0.3399999999999998024, -1.422500000000008091 ) ) ;
#3974 = DIRECTION ( 'NONE',  ( -1.000000000000000000, 0.000000000000000000, 1.052637691431445486E-14 ) ) ;
#3975 = EDGE_CURVE ( 'NONE', #1674, #4280, #895, .T. ) ;
#3976 = COLOUR_RGB ( '',0.7921568627450980005, 0.8196078431372548767, 0.9333333333333333481 ) ;
#3977 = DIRECTION ( 'NONE',  ( 1.221473969113538888E-16, -1.000000000000000000, -1.279426070712772449E-30 ) ) ;
#3978 = ORIENTED_EDGE ( 'NONE', *, *, #4839, .F. ) ;
#3979 = ORIENTED_EDGE ( 'NONE', *, *, #6105, .T. ) ;
#3980 = ORIENTED_EDGE ( 'NONE', *, *, #6237, .F. ) ;
#3981 = ORIENTED_EDGE ( 'NONE', *, *, #6022, .T. ) ;
#3982 = ADVANCED_FACE ( 'NONE', ( #4369 ), #1587, .T. ) ;
#3983 = ORIENTED_EDGE ( 'NONE', *, *, #1748, .T. ) ;
#3984 = SURFACE_STYLE_USAGE ( .BOTH. , #5687 ) ;
#3985 = DIRECTION ( 'NONE',  ( 0.3420201433256698786, -0.9396926207859079838, -3.582470843790090758E-15 ) ) ;
#3986 = ORIENTED_EDGE ( 'NONE', *, *, #995, .F. ) ;
#3987 = VECTOR ( 'NONE', #1606, 1000.000000000000000 ) ;
#3988 = VERTEX_POINT ( 'NONE', #7007 ) ;
#3989 = PLANE ( 'NONE',  #6776 ) ;
#3990 = EDGE_CURVE ( 'NONE', #2935, #6953, #3780, .T. ) ;
#3991 = ORIENTED_EDGE ( 'NONE', *, *, #926, .F. ) ;
#3992 = EDGE_CURVE ( 'NONE', #3288, #1443, #3674, .T. ) ;
#3993 = DIRECTION ( 'NONE',  ( 1.047444401652940007E-14, 0.000000000000000000, 1.000000000000000000 ) ) ;
#3994 = DIRECTION ( 'NONE',  ( -1.047444401652940007E-14, 0.000000000000000000, -1.000000000000000000 ) ) ;
#3995 = DIRECTION ( 'NONE',  ( -1.000000000000000000, -0.000000000000000000, 1.047444401652940007E-14 ) ) ;
#3996 = VECTOR ( 'NONE', #3995, 1000.000000000000000 ) ;
#3997 = EDGE_CURVE ( 'NONE', #141, #6087, #396, .T. ) ;
#3998 = DIRECTION ( 'NONE',  ( 0.000000000000000000, 1.000000000000000000, 0.000000000000000000 ) ) ;
#3999 = DIRECTION ( 'NONE',  ( -1.000000000000000000, 0.000000000000000000, 1.047444401652940007E-14 ) ) ;
#4000 = LINE ( 'NONE', #4986, #4827 ) ;
#4001 = SURFACE_STYLE_USAGE ( .BOTH. , #1766 ) ;
#4002 = AXIS2_PLACEMENT_3D ( 'NONE', #811, #180, #3586 ) ;
#4003 = ORIENTED_EDGE ( 'NONE', *, *, #5661, .T. ) ;
#4004 = FACE_OUTER_BOUND ( 'NONE', #4611, .T. ) ;
#4005 = AXIS2_PLACEMENT_3D ( 'NONE', #6998, #4261, #6454 ) ;
#4006 = VECTOR ( 'NONE', #267, 1000.000000000000000 ) ;
#4007 = ORIENTED_EDGE ( 'NONE', *, *, #4172, .F. ) ;
#4008 = DIRECTION ( 'NONE',  ( 1.236182315839216618E-14, -0.000000000000000000, 1.000000000000000000 ) ) ;
#4009 = AXIS2_PLACEMENT_3D ( 'NONE', #7106, #4953, #1513 ) ;
#4010 = CARTESIAN_POINT ( 'NONE',  ( 1.721904477684517598, 0.7600000000000000089, -0.1600000000000180167 ) ) ;
#4011 = DIRECTION ( 'NONE',  ( -1.000000000000000000, -0.000000000000000000, 1.047444401652940007E-14 ) ) ;
#4012 = CARTESIAN_POINT ( 'NONE',  ( -0.8255000000000136673, 0.3399999999999998024, -1.272499999999991749 ) ) ;
#4013 = CARTESIAN_POINT ( 'NONE',  ( -1.985018411504581914, 0.5757656401311880279, -0.8099999999999794031 ) ) ;
#4014 = ORIENTED_EDGE ( 'NONE', *, *, #6174, .T. ) ;
#4015 = VERTEX_POINT ( 'NONE', #2613 ) ;
#4016 =( GEOMETRIC_REPRESENTATION_CONTEXT ( 3 ) GLOBAL_UNCERTAINTY_ASSIGNED_CONTEXT ( ( #684 ) ) GLOBAL_UNIT_ASSIGNED_CONTEXT ( ( #6339, #342, #3621 ) ) REPRESENTATION_CONTEXT ( 'NONE', 'WORKASPACE' ) );
#4017 = ORIENTED_EDGE ( 'NONE', *, *, #2963, .F. ) ;
#4018 = ORIENTED_EDGE ( 'NONE', *, *, #6174, .F. ) ;
#4019 = AXIS2_PLACEMENT_3D ( 'NONE', #4150, #318, #6344 ) ;
#4020 = VERTEX_POINT ( 'NONE', #3815 ) ;
#4021 = LINE ( 'NONE', #4096, #5820 ) ;
#4022 = DIRECTION ( 'NONE',  ( -1.047444401652940007E-14, 0.000000000000000000, -1.000000000000000000 ) ) ;
#4023 = VERTEX_POINT ( 'NONE', #4269 ) ;
#4024 = PLANE ( 'NONE',  #2956 ) ;
#4025 = ORIENTED_EDGE ( 'NONE', *, *, #5892, .F. ) ;
#4026 = ADVANCED_FACE ( 'NONE', ( #3116 ), #3743, .F. ) ;
#4027 = LINE ( 'NONE', #5234, #5044 ) ;
#4028 = DIRECTION ( 'NONE',  ( -1.000000000000000000, 0.000000000000000000, 1.402715769532989942E-14 ) ) ;
#4029 = LINE ( 'NONE', #4654, #1074 ) ;
#4030 = LINE ( 'NONE', #144, #3005 ) ;
#4031 = ADVANCED_FACE ( 'NONE', ( #6025 ), #1039, .F. ) ;
#4032 = EDGE_CURVE ( 'NONE', #3503, #3771, #5490, .T. ) ;
#4033 = ORIENTED_EDGE ( 'NONE', *, *, #5126, .F. ) ;
#4034 = FACE_OUTER_BOUND ( 'NONE', #4335, .T. ) ;
#4035 = CARTESIAN_POINT ( 'NONE',  ( 2.239606933285940293, 0.01053252737922920866, -0.1600000000000234290 ) ) ;
#4036 = DIRECTION ( 'NONE',  ( -1.000000000000000000, -1.221473969113538888E-16, 1.047444401652940007E-14 ) ) ;
#4037 = CARTESIAN_POINT ( 'NONE',  ( -1.985018411504588576, 0.5757656401311880279, -1.459999999999979536 ) ) ;
#4038 = EDGE_CURVE ( 'NONE', #2633, #7125, #501, .T. ) ;
#4039 = DIRECTION ( 'NONE',  ( 0.000000000000000000, 1.000000000000000000, 0.000000000000000000 ) ) ;
#4040 = ORIENTED_EDGE ( 'NONE', *, *, #5456, .T. ) ;
#4041 = CARTESIAN_POINT ( 'NONE',  ( 2.450000000000003286, 0.1797533162558246356, 0.1599999999999743294 ) ) ;
#4042 = CARTESIAN_POINT ( 'NONE',  ( -1.721904477684517598, 0.5800000000000004041, 0.1600000000000180167 ) ) ;
#4043 = UNCERTAINTY_MEASURE_WITH_UNIT (LENGTH_MEASURE( 1.000000000000000082E-05 ), #724, 'distance_accuracy_value', 'NONE');
#4044 = LINE ( 'NONE', #4080, #3260 ) ;
#4045 = CARTESIAN_POINT ( 'NONE',  ( -2.440579527876253429, -2.168404344971008868E-16, 1.790000000000026237 ) ) ;
#4046 = LINE ( 'NONE', #2219, #4243 ) ;
#4047 = ORIENTED_EDGE ( 'NONE', *, *, #907, .F. ) ;
#4048 = ORIENTED_EDGE ( 'NONE', *, *, #5499, .F. ) ;
#4049 = ORIENTED_EDGE ( 'NONE', *, *, #4923, .F. ) ;
#4050 = ORIENTED_EDGE ( 'NONE', *, *, #5898, .F. ) ;
#4051 = AXIS2_PLACEMENT_3D ( 'NONE', #4433, #2896, #2753 ) ;
#4052 = ORIENTED_EDGE ( 'NONE', *, *, #4952, .F. ) ;
#4053 = EDGE_CURVE ( 'NONE', #2450, #3758, #6919, .T. ) ;
#4054 = DIRECTION ( 'NONE',  ( 1.047444401652940007E-14, 0.000000000000000000, 1.000000000000000000 ) ) ;
#4055 = VERTEX_POINT ( 'NONE', #2172 ) ;
#4056 = ORIENTED_EDGE ( 'NONE', *, *, #3307, .T. ) ;
#4057 = ORIENTED_EDGE ( 'NONE', *, *, #2376, .F. ) ;
#4058 = CARTESIAN_POINT ( 'NONE',  ( -2.239606933285936741, 0.01053252737922920866, 0.4900000000000238609 ) ) ;
#4059 = CARTESIAN_POINT ( 'NONE',  ( 2.239606933285950507, 0.01053252737922920866, 0.8099999999999768496 ) ) ;
#4060 = DIRECTION ( 'NONE',  ( -1.000000000000000000, 0.000000000000000000, 1.045480666325306653E-14 ) ) ;
#4061 = ADVANCED_FACE ( 'NONE', ( #3224 ), #357, .T. ) ;
#4062 = PLANE ( 'NONE',  #2938 ) ;
#4063 = CARTESIAN_POINT ( 'NONE',  ( -1.815873739763098405, 0.5142020143325679582, 1.140000000000019442 ) ) ;
#4064 = EDGE_CURVE ( 'NONE', #2618, #2536, #4148, .T. ) ;
#4065 = LINE ( 'NONE', #1363, #3925 ) ;
#4066 = CARTESIAN_POINT ( 'NONE',  ( 1.499999999999991784, 0.7600000000000000089, -0.8100000000000159295 ) ) ;
#4067 = PLANE ( 'NONE',  #4786 ) ;
#4068 = MANIFOLD_SOLID_BREP ( 'Mirror1', #3649 ) ;
#4069 = CARTESIAN_POINT ( 'NONE',  ( -1.985018411504592351, 0.5757656401311880279, -1.789999999999980052 ) ) ;
#4070 = ORIENTED_EDGE ( 'NONE', *, *, #5340, .T. ) ;
#4071 = DIRECTION ( 'NONE',  ( -1.047444401652940007E-14, 0.000000000000000000, -1.000000000000000000 ) ) ;
#4072 = EDGE_CURVE ( 'NONE', #4272, #3215, #2860, .T. ) ;
#4073 = CARTESIAN_POINT ( 'NONE',  ( 0.9454999999999817994, 0.3399999999999998024, -1.772500000000010623 ) ) ;
#4074 = VECTOR ( 'NONE', #3456, 1000.000000000000000 ) ;
#4075 = EDGE_CURVE ( 'NONE', #7150, #1495, #3929, .T. ) ;
#4076 = EDGE_LOOP ( 'NONE', ( #660, #1235, #4646, #1216, #137, #3898, #1715, #5650, #2018, #2385, #3197, #5231 ) ) ;
#4077 = CARTESIAN_POINT ( 'NONE',  ( 1.440048826559143125, 0.2400000000000004075, 1.959548826559106116 ) ) ;
#4078 = DIRECTION ( 'NONE',  ( 0.9396926207859085389, 0.3420201433256684354, -9.842757749167790628E-15 ) ) ;
#4079 = PRESENTATION_STYLE_ASSIGNMENT (( #4122 ) ) ;
#4080 = CARTESIAN_POINT ( 'NONE',  ( 1.985018411504578584, 0.5757656401311880279, 0.4899999999999793965 ) ) ;
#4081 = FACE_OUTER_BOUND ( 'NONE', #4227, .T. ) ;
#4082 = ADVANCED_FACE ( 'NONE', ( #6061 ), #1121, .F. ) ;
#4083 = EDGE_CURVE ( 'NONE', #1008, #592, #1922, .T. ) ;
#4084 = VECTOR ( 'NONE', #1612, 1000.000000000000000 ) ;
#4085 = CARTESIAN_POINT ( 'NONE',  ( 1.815873739763125716, 0.5142020143325679582, 1.459999999999981313 ) ) ;
#4086 = ORIENTED_EDGE ( 'NONE', *, *, #127, .F. ) ;
#4087 = CIRCLE ( 'NONE', #7085, 0.1907949898354945883 ) ;
#4088 = LINE ( 'NONE', #5756, #3558 ) ;
#4089 = VERTEX_POINT ( 'NONE', #5600 ) ;
#4090 = AXIS2_PLACEMENT_3D ( 'NONE', #5235, #5304, #6854 ) ;
#4091 = ORIENTED_EDGE ( 'NONE', *, *, #1601, .T. ) ;
#4092 = ORIENTED_EDGE ( 'NONE', *, *, #2239, .T. ) ;
#4093 = AXIS2_PLACEMENT_3D ( 'NONE', #135, #6738, #5195 ) ;
#4094 = ORIENTED_EDGE ( 'NONE', *, *, #5145, .T. ) ;
#4095 = VECTOR ( 'NONE', #1234, 1000.000000000000000 ) ;
#4096 = CARTESIAN_POINT ( 'NONE',  ( -2.450000000000016609, 0.1797533162558246356, -1.459999999999974873 ) ) ;
#4097 = DIRECTION ( 'NONE',  ( 1.047444401652940007E-14, -0.000000000000000000, 1.000000000000000000 ) ) ;
#4098 = ORIENTED_EDGE ( 'NONE', *, *, #6429, .F. ) ;
#4099 = MANIFOLD_SOLID_BREP ( 'LPattern1[3]', #1666 ) ;
#4100 = VERTEX_POINT ( 'NONE', #643 ) ;
#4101 = VERTEX_POINT ( 'NONE', #5091 ) ;
#4102 = LINE ( 'NONE', #750, #2826 ) ;
#4103 = DIRECTION ( 'NONE',  ( -1.047444401652940007E-14, 0.000000000000000000, -1.000000000000000000 ) ) ;
#4104 = AXIS2_PLACEMENT_3D ( 'NONE', #4834, #6305, #814 ) ;
#4105 = DIRECTION ( 'NONE',  ( -1.047444401652940007E-14, 0.000000000000000000, -1.000000000000000000 ) ) ;
#4106 = DIRECTION ( 'NONE',  ( 1.047444401652940007E-14, 0.000000000000000000, 1.000000000000000000 ) ) ;
#4107 = DIRECTION ( 'NONE',  ( 1.047444401652940007E-14, 0.000000000000000000, 1.000000000000000000 ) ) ;
#4108 = DIRECTION ( 'NONE',  ( -1.047444401652940007E-14, -0.000000000000000000, -1.000000000000000000 ) ) ;
#4109 = DIRECTION ( 'NONE',  ( 1.000000000000000000, 0.000000000000000000, -1.047444401652940007E-14 ) ) ;
#4110 = MANIFOLD_SOLID_BREP ( 'LPattern1[7]', #5508 ) ;
#4111 = EDGE_CURVE ( 'NONE', #212, #3295, #106, .T. ) ;
#4112 = LINE ( 'NONE', #2433, #6387 ) ;
#4113 = AXIS2_PLACEMENT_3D ( 'NONE', #4944, #4424, #6631 ) ;
#4114 = ORIENTED_EDGE ( 'NONE', *, *, #6143, .F. ) ;
#4115 = VECTOR ( 'NONE', #4482, 1000.000000000000114 ) ;
#4116 = DIRECTION ( 'NONE',  ( -1.000000000000000000, -0.000000000000000000, 1.047444401652940007E-14 ) ) ;
#4117 = DIRECTION ( 'NONE',  ( -1.000000000000000000, 1.221473969113538888E-16, 1.047444401652940007E-14 ) ) ;
#4118 = EDGE_LOOP ( 'NONE', ( #4942, #4826, #6221, #3111 ) ) ;
#4119 = CARTESIAN_POINT ( 'NONE',  ( 2.440579527876287180, -2.168404344971008868E-16, 1.459999999999974873 ) ) ;
#4120 = LINE ( 'NONE', #1989, #6756 ) ;
#4121 = VECTOR ( 'NONE', #3994, 1000.000000000000000 ) ;
#4122 = SURFACE_STYLE_USAGE ( .BOTH. , #1851 ) ;
#4123 = PLANE ( 'NONE',  #5597 ) ;
#4124 = AXIS2_PLACEMENT_3D ( 'NONE', #5221, #5784, #6882 ) ;
#4125 = CARTESIAN_POINT ( 'NONE',  ( -2.249027405409652403, 0.1902858436350523264, 1.790000000000024016 ) ) ;
#4126 = CIRCLE ( 'NONE', #6188, 0.3707949898354948592 ) ;
#4127 = PLANE ( 'NONE',  #1663 ) ;
#4128 = VERTEX_POINT ( 'NONE', #2316 ) ;
#4129 = VECTOR ( 'NONE', #4394, 1000.000000000000000 ) ;
#4130 = EDGE_CURVE ( 'NONE', #1324, #373, #3008, .T. ) ;
#4131 = DIRECTION ( 'NONE',  ( 1.047444401652940007E-14, -0.000000000000000000, 1.000000000000000000 ) ) ;
#4132 = ORIENTED_EDGE ( 'NONE', *, *, #127, .T. ) ;
#4133 = EDGE_CURVE ( 'NONE', #3844, #6739, #287, .T. ) ;
#4134 = VECTOR ( 'NONE', #6610, 1000.000000000000000 ) ;
#4135 = ADVANCED_FACE ( 'NONE', ( #3037 ), #4623, .F. ) ;
#4136 = ORIENTED_EDGE ( 'NONE', *, *, #4528, .F. ) ;
#4137 = ORIENTED_EDGE ( 'NONE', *, *, #3585, .F. ) ;
#4138 = CARTESIAN_POINT ( 'NONE',  ( -2.259012843649071289, 0.3808193555679768583, 0.1600000000000234290 ) ) ;
#4139 = VERTEX_POINT ( 'NONE', #6827 ) ;
#4140 = VECTOR ( 'NONE', #3993, 1000.000000000000000 ) ;
#4141 = AXIS2_PLACEMENT_3D ( 'NONE', #2937, #4732, #5271 ) ;
#4142 = ORIENTED_EDGE ( 'NONE', *, *, #6996, .F. ) ;
#4143 = ORIENTED_EDGE ( 'NONE', *, *, #7148, .T. ) ;
#4144 = SURFACE_SIDE_STYLE ('',( #2528 ) ) ;
#4145 = CARTESIAN_POINT ( 'NONE',  ( 1.985018411504554603, 0.5757656401311880279, -1.790000000000021574 ) ) ;
#4146 = CARTESIAN_POINT ( 'NONE',  ( 1.985018411504592351, 0.5757656401311880279, 1.789999999999980052 ) ) ;
#4147 = CARTESIAN_POINT ( 'NONE',  ( 0.9455000000000002292, 0.2400000000000004075, -9.903586817628550255E-15 ) ) ;
#4148 = CIRCLE ( 'NONE', #3787, 0.1000000000000000472 ) ;
#4149 = CARTESIAN_POINT ( 'NONE',  ( 2.239606933285936741, 0.01053252737922920866, -0.4900000000000238609 ) ) ;
#4150 = CARTESIAN_POINT ( 'NONE',  ( 1.721904477684534696, 0.4800000000000010369, 1.459999999999982645 ) ) ;
#4151 = CARTESIAN_POINT ( 'NONE',  ( 1.499999999999998446, 0.7600000000000000089, -0.1600000000000157130 ) ) ;
#4152 = DIRECTION ( 'NONE',  ( 0.9396926207859079838, -0.3420201433256698786, -9.842757749167782739E-15 ) ) ;
#4153 = ORIENTED_EDGE ( 'NONE', *, *, #1789, .T. ) ;
#4154 = LINE ( 'NONE', #1406, #1199 ) ;
#4155 = CARTESIAN_POINT ( 'NONE',  ( -1.489989661351307806E-14, 0.2400000000000004075, -1.422500000000000542 ) ) ;
#4156 = EDGE_CURVE ( 'NONE', #720, #3818, #2466, .T. ) ;
#4157 = ORIENTED_EDGE ( 'NONE', *, *, #3133, .F. ) ;
#4158 = CARTESIAN_POINT ( 'NONE',  ( 1.721904477684527812, 0.7600000000000000089, 0.8099999999999822897 ) ) ;
#4159 = CARTESIAN_POINT ( 'NONE',  ( -2.239606933285957169, 0.01053252737922920866, -1.459999999999976872 ) ) ;
#4160 = CARTESIAN_POINT ( 'NONE',  ( 1.721904477684537804, 0.4800000000000010369, 1.789999999999982716 ) ) ;
#4161 = LINE ( 'NONE', #3050, #6974 ) ;
#4162 = DIRECTION ( 'NONE',  ( -1.000000000000000000, 0.000000000000000000, 9.908630082471240330E-15 ) ) ;
#4163 = ORIENTED_EDGE ( 'NONE', *, *, #5671, .F. ) ;
#4164 = LINE ( 'NONE', #3541, #2620 ) ;
#4165 = VERTEX_POINT ( 'NONE', #856 ) ;
#4166 = EDGE_CURVE ( 'NONE', #2731, #1348, #1398, .T. ) ;
#4167 = VECTOR ( 'NONE', #1817, 1000.000000000000000 ) ;
#4168 = PLANE ( 'NONE',  #4247 ) ;
#4169 = ORIENTED_EDGE ( 'NONE', *, *, #2671, .F. ) ;
#4170 = EDGE_CURVE ( 'NONE', #4935, #87, #3484, .T. ) ;
#4171 = EDGE_CURVE ( 'NONE', #6489, #111, #5300, .T. ) ;
#4172 = EDGE_CURVE ( 'NONE', #6812, #5555, #5172, .T. ) ;
#4173 = FILL_AREA_STYLE ('',( #3231 ) ) ;
#4174 = CARTESIAN_POINT ( 'NONE',  ( 1.815873739763115502, 0.5142020143325679582, 0.4899999999999812283 ) ) ;
#4175 = EDGE_LOOP ( 'NONE', ( #4679, #5121, #3617, #6573 ) ) ;
#4176 = AXIS2_PLACEMENT_3D ( 'NONE', #6278, #6869, #193 ) ;
#4177 = VERTEX_POINT ( 'NONE', #1910 ) ;
#4178 = LINE ( 'NONE', #6370, #1781 ) ;
#4179 = CARTESIAN_POINT ( 'NONE',  ( -1.985018411504558600, 0.5757656401311880279, 1.460000000000021281 ) ) ;
#4180 = EDGE_CURVE ( 'NONE', #7120, #3901, #5760, .T. ) ;
#4181 = CIRCLE ( 'NONE', #3800, 0.1750719788243585429 ) ;
#4182 = VECTOR ( 'NONE', #5513, 1000.000000000000000 ) ;
#4183 = DIRECTION ( 'NONE',  ( -1.047444401652940007E-14, 0.000000000000000000, -1.000000000000000000 ) ) ;
#4184 = CARTESIAN_POINT ( 'NONE',  ( -1.721904477684537804, 0.4800000000000010369, -1.789999999999982716 ) ) ;
#4185 = CARTESIAN_POINT ( 'NONE',  ( 1.499999999999981570, 0.5800000000000004041, -1.790000000000016467 ) ) ;
#4186 = CARTESIAN_POINT ( 'NONE',  ( 2.239606933285953616, 0.01053252737922920866, 1.139999999999977032 ) ) ;
#4187 = LINE ( 'NONE', #5373, #3728 ) ;
#4188 = EDGE_LOOP ( 'NONE', ( #4443, #5761, #4018, #4676 ) ) ;
#4189 = CARTESIAN_POINT ( 'NONE',  ( 2.079724199617747793, 0.3155636257986206283, 1.139999999999978586 ) ) ;
#4190 = FACE_OUTER_BOUND ( 'NONE', #3540, .T. ) ;
#4191 = VERTEX_POINT ( 'NONE', #4695 ) ;
#4192 = CARTESIAN_POINT ( 'NONE',  ( -2.249027405409665725, 0.1902858436350523264, 0.4900000000000236389 ) ) ;
#4193 = CARTESIAN_POINT ( 'NONE',  ( -1.500000000000008660, 0.5800000000000004041, -0.8099999999999843991 ) ) ;
#4194 = LINE ( 'NONE', #868, #3495 ) ;
#4195 = LINE ( 'NONE', #3706, #2797 ) ;
#4196 = EDGE_CURVE ( 'NONE', #5620, #5361, #640, .T. ) ;
#4197 = LINE ( 'NONE', #799, #5857 ) ;
#4198 = AXIS2_PLACEMENT_3D ( 'NONE', #118, #3533, #2907 ) ;
#4199 = ORIENTED_EDGE ( 'NONE', *, *, #3082, .F. ) ;
#4200 = DIRECTION ( 'NONE',  ( 1.000000000000000000, 0.000000000000000000, -1.047444401652940007E-14 ) ) ;
#4201 = VERTEX_POINT ( 'NONE', #4185 ) ;
#4202 = AXIS2_PLACEMENT_3D ( 'NONE', #4160, #2064, #4302 ) ;
#4203 = AXIS2_PLACEMENT_3D ( 'NONE', #3527, #5708, #3046 ) ;
#4204 = FACE_OUTER_BOUND ( 'NONE', #2075, .T. ) ;
#4205 = ADVANCED_FACE ( 'NONE', ( #6374 ), #5308, .F. ) ;
#4206 = ORIENTED_EDGE ( 'NONE', *, *, #5261, .F. ) ;
#4207 = AXIS2_PLACEMENT_3D ( 'NONE', #3186, #2709, #2198 ) ;
#4208 = DIRECTION ( 'NONE',  ( 0.9986295347545742773, 0.05233595624293795739, -1.046008915503958907E-14 ) ) ;
#4209 = VECTOR ( 'NONE', #1818, 1000.000000000000000 ) ;
#4210 = DIRECTION ( 'NONE',  ( -1.047444401652940007E-14, 0.000000000000000000, -1.000000000000000000 ) ) ;
#4211 = ORIENTED_EDGE ( 'NONE', *, *, #5350, .T. ) ;
#4212 = ORIENTED_EDGE ( 'NONE', *, *, #3846, .F. ) ;
#4213 = VECTOR ( 'NONE', #4054, 1000.000000000000000 ) ;
#4214 = COLOUR_RGB ( '',0.2509803921568627416, 0.2509803921568627416, 0.2509803921568627416 ) ;
#4215 = ORIENTED_EDGE ( 'NONE', *, *, #6098, .T. ) ;
#4216 = COLOUR_RGB ( '',0.7921568627450980005, 0.8196078431372548767, 0.9333333333333333481 ) ;
#4217 = DIRECTION ( 'NONE',  ( -1.000000000000000000, 0.000000000000000000, 1.045480666325306653E-14 ) ) ;
#4218 = LINE ( 'NONE', #1434, #5363 ) ;
#4219 = DIRECTION ( 'NONE',  ( -0.05233595624293645165, -0.9986295347545742773, 5.481900437181702824E-16 ) ) ;
#4220 = DIRECTION ( 'NONE',  ( 1.000000000000000000, 3.664421907340616418E-16, -1.047444401652940007E-14 ) ) ;
#4221 = DIRECTION ( 'NONE',  ( 1.047444401652940007E-14, 0.000000000000000000, 1.000000000000000000 ) ) ;
#4222 = EDGE_CURVE ( 'NONE', #1015, #3205, #2401, .T. ) ;
#4223 = EDGE_CURVE ( 'NONE', #693, #1698, #1364, .T. ) ;
#4224 = LINE ( 'NONE', #3773, #5387 ) ;
#4225 = MANIFOLD_SOLID_BREP ( 'LPattern1[8]', #5621 ) ;
#4226 = CARTESIAN_POINT ( 'NONE',  ( -2.449999999999989075, 0.1797533162558246356, 1.140000000000025437 ) ) ;
#4227 = EDGE_LOOP ( 'NONE', ( #1940, #1892, #3132, #7159 ) ) ;
#4228 = EDGE_CURVE ( 'NONE', #4687, #5775, #5370, .T. ) ;
#4229 = DIRECTION ( 'NONE',  ( 1.000000000000000000, 0.000000000000000000, -1.047444401652940007E-14 ) ) ;
#4230 = CARTESIAN_POINT ( 'NONE',  ( -2.450000000000003286, 0.1797533162558246356, -0.1599999999999743294 ) ) ;
#4231 = ORIENTED_EDGE ( 'NONE', *, *, #108, .F. ) ;
#4232 = DIRECTION ( 'NONE',  ( -0.000000000000000000, -1.000000000000000000, -0.000000000000000000 ) ) ;
#4233 = VECTOR ( 'NONE', #6231, 1000.000000000000000 ) ;
#4234 = DIRECTION ( 'NONE',  ( 0.9986295347545742773, -0.05233595624293741616, -1.046008915503959065E-14 ) ) ;
#4235 = CIRCLE ( 'NONE', #3875, 0.2800000000000003042 ) ;
#4236 = DIRECTION ( 'NONE',  ( 0.3420201433256684354, 0.9396926207859085389, -3.582470843790075770E-15 ) ) ;
#4237 = CARTESIAN_POINT ( 'NONE',  ( 2.450000000000006395, 0.1797533162558246356, 0.4899999999999744005 ) ) ;
#4238 = ORIENTED_EDGE ( 'NONE', *, *, #685, .T. ) ;
#4239 = CARTESIAN_POINT ( 'NONE',  ( -0.7055000000000003491, 0.2400000000000004075, 7.389720253661496764E-15 ) ) ;
#4240 = VECTOR ( 'NONE', #1298, 1000.000000000000000 ) ;
#4241 = ORIENTED_EDGE ( 'NONE', *, *, #2655, .F. ) ;
#4242 = CARTESIAN_POINT ( 'NONE',  ( -0.9455000000000188809, 0.2400000000000004075, -1.772499999999990861 ) ) ;
#4243 = VECTOR ( 'NONE', #4453, 1000.000000000000000 ) ;
#4244 = CARTESIAN_POINT ( 'NONE',  ( 2.259012843649077951, 0.3808193555679768583, 0.4899999999999766764 ) ) ;
#4245 = CLOSED_SHELL ( 'NONE', ( #3802, #4031, #2880, #5931, #5139, #4310, #6398, #2109, #4259, #1027, #5542, #1845, #5762, #2357 ) ) ;
#4246 = VERTEX_POINT ( 'NONE', #6860 ) ;
#4247 = AXIS2_PLACEMENT_3D ( 'NONE', #1799, #701, #5925 ) ;
#4248 = CARTESIAN_POINT ( 'NONE',  ( -2.249027405409679048, 0.1902858436350523264, -0.8099999999999766276 ) ) ;
#4249 = ORIENTED_EDGE ( 'NONE', *, *, #4130, .F. ) ;
#4250 = MANIFOLD_SOLID_BREP ( 'LPattern1[2]', #7112 ) ;
#4251 = AXIS2_PLACEMENT_3D ( 'NONE', #2100, #6540, #1556 ) ;
#4252 = CIRCLE ( 'NONE', #3422, 0.1907949898354945883 ) ;
#4253 = ORIENTED_EDGE ( 'NONE', *, *, #745, .T. ) ;
#4254 = CARTESIAN_POINT ( 'NONE',  ( -2.249027405409655511, 0.1902858436350523264, 1.460000000000023945 ) ) ;
#4255 = CARTESIAN_POINT ( 'NONE',  ( -1.721904477684524482, 0.4800000000000010369, -0.4899999999999822275 ) ) ;
#4256 = CARTESIAN_POINT ( 'NONE',  ( 2.249027405409658620, 0.1902858436350523264, -1.140000000000024105 ) ) ;
#4257 = DIRECTION ( 'NONE',  ( -1.047444401652940007E-14, 0.000000000000000000, -1.000000000000000000 ) ) ;
#4258 = EDGE_LOOP ( 'NONE', ( #2811, #2149, #4661, #6720 ) ) ;
#4259 = ADVANCED_FACE ( 'NONE', ( #6328 ), #917, .F. ) ;
#4260 = ORIENTED_EDGE ( 'NONE', *, *, #864, .T. ) ;
#4261 = DIRECTION ( 'NONE',  ( 1.000000000000000000, 0.000000000000000000, -8.642576025897891774E-15 ) ) ;
#4262 = CYLINDRICAL_SURFACE ( 'NONE', #2910, 0.3707949898354946372 ) ;
#4263 = ORIENTED_EDGE ( 'NONE', *, *, #1095, .T. ) ;
#4264 = CARTESIAN_POINT ( 'NONE',  ( 2.239606933285960277, 0.01053252737922920866, 1.789999999999976943 ) ) ;
#4265 = AXIS2_PLACEMENT_3D ( 'NONE', #188, #786, #5240 ) ;
#4266 = EDGE_CURVE ( 'NONE', #3790, #758, #769, .T. ) ;
#4267 = DIRECTION ( 'NONE',  ( -0.000000000000000000, 1.000000000000000000, -0.000000000000000000 ) ) ;
#4268 = DIRECTION ( 'NONE',  ( -1.047444401652940007E-14, 0.000000000000000000, -1.000000000000000000 ) ) ;
#4269 = CARTESIAN_POINT ( 'NONE',  ( 1.499999999999994893, 0.7600000000000000089, -0.4900000000000158118 ) ) ;
#4270 = LINE ( 'NONE', #869, #3502 ) ;
#4271 = ADVANCED_FACE ( 'NONE', ( #332 ), #5894, .T. ) ;
#4272 = VERTEX_POINT ( 'NONE', #5224 ) ;
#4273 = LINE ( 'NONE', #871, #627 ) ;
#4274 = ORIENTED_EDGE ( 'NONE', *, *, #3941, .T. ) ;
#4275 = DIRECTION ( 'NONE',  ( 1.000000000000000000, -0.000000000000000000, -1.047444401652940007E-14 ) ) ;
#4276 = FACE_OUTER_BOUND ( 'NONE', #3807, .T. ) ;
#4277 = DIRECTION ( 'NONE',  ( -0.05233595624293647247, 0.9986295347545742773, 5.481900437181704796E-16 ) ) ;
#4278 = ORIENTED_EDGE ( 'NONE', *, *, #1163, .F. ) ;
#4279 = CARTESIAN_POINT ( 'NONE',  ( 1.500000000000021982, 0.5800000000000004041, 2.019499999999983864 ) ) ;
#4280 = VERTEX_POINT ( 'NONE', #4642 ) ;
#4281 = VERTEX_POINT ( 'NONE', #4242 ) ;
#4282 = ORIENTED_EDGE ( 'NONE', *, *, #4481, .F. ) ;
#4283 = FACE_OUTER_BOUND ( 'NONE', #3182, .T. ) ;
#4284 = EDGE_CURVE ( 'NONE', #4101, #3618, #3911, .T. ) ;
#4285 = CARTESIAN_POINT ( 'NONE',  ( -2.440579527876263644, -2.168404344971008868E-16, 0.8100000000000256994 ) ) ;
#4286 = DIRECTION ( 'NONE',  ( -0.3420201433256698231, -0.9396926207859079838, 3.582470843790089969E-15 ) ) ;
#4287 = VECTOR ( 'NONE', #4117, 1000.000000000000000 ) ;
#4288 = CARTESIAN_POINT ( 'NONE',  ( 1.499999999999991784, 0.5800000000000004041, -0.8100000000000159295 ) ) ;
#4289 = SURFACE_STYLE_FILL_AREA ( #6310 ) ;
#4290 = ORIENTED_EDGE ( 'NONE', *, *, #2553, .F. ) ;
#4291 = CARTESIAN_POINT ( 'NONE',  ( 1.721904477684517598, 0.5800000000000004041, -0.1600000000000180167 ) ) ;
#4292 = CARTESIAN_POINT ( 'NONE',  ( -2.449999999999996181, 0.1797533162558246356, 0.4900000000000258038 ) ) ;
#4293 = ORIENTED_EDGE ( 'NONE', *, *, #3221, .T. ) ;
#4294 = ADVANCED_FACE ( 'NONE', ( #2548 ), #3603, .F. ) ;
#4295 = CARTESIAN_POINT ( 'NONE',  ( 1.985018411504581914, 0.5757656401311880279, 0.8099999999999794031 ) ) ;
#4296 = VECTOR ( 'NONE', #4461, 1000.000000000000000 ) ;
#4297 = CARTESIAN_POINT ( 'NONE',  ( 1.721904477684537804, 0.5800000000000004041, 1.789999999999982716 ) ) ;
#4298 = ORIENTED_EDGE ( 'NONE', *, *, #1313, .F. ) ;
#4299 = PLANE ( 'NONE',  #4009 ) ;
#4300 = CARTESIAN_POINT ( 'NONE',  ( -2.259012843649088165, 0.3808193555679768583, -1.459999999999976872 ) ) ;
#4301 = ADVANCED_FACE ( 'NONE', ( #1347 ), #5818, .T. ) ;
#4302 = DIRECTION ( 'NONE',  ( 1.000000000000000000, 0.000000000000000000, -1.047444401652940007E-14 ) ) ;
#4303 = CARTESIAN_POINT ( 'NONE',  ( -1.440048826559101380, 1.100000000000000089, 1.959548826559136758 ) ) ;
#4304 = ORIENTED_EDGE ( 'NONE', *, *, #4731, .T. ) ;
#4305 = DIRECTION ( 'NONE',  ( 1.047444401652940007E-14, 0.000000000000000000, 1.000000000000000000 ) ) ;
#4306 = EDGE_CURVE ( 'NONE', #5861, #659, #2447, .T. ) ;
#4307 = VERTEX_POINT ( 'NONE', #802 ) ;
#4308 = DIRECTION ( 'NONE',  ( 1.047444401652940007E-14, -0.000000000000000000, 1.000000000000000000 ) ) ;
#4309 = PLANE ( 'NONE',  #150 ) ;
#4310 = ADVANCED_FACE ( 'NONE', ( #6980 ), #270, .F. ) ;
#4311 = EDGE_CURVE ( 'NONE', #3173, #6141, #3322, .T. ) ;
#4312 = DIRECTION ( 'NONE',  ( -1.000000000000000000, 0.000000000000000000, 1.022859097168414451E-14 ) ) ;
#4313 = ORIENTED_EDGE ( 'NONE', *, *, #745, .F. ) ;
#4314 = EDGE_CURVE ( 'NONE', #242, #5805, #4747, .T. ) ;
#4315 = FACE_OUTER_BOUND ( 'NONE', #5572, .T. ) ;
#4316 = ORIENTED_EDGE ( 'NONE', *, *, #945, .T. ) ;
#4317 = VECTOR ( 'NONE', #4667, 1000.000000000000000 ) ;
#4318 = ORIENTED_EDGE ( 'NONE', *, *, #2540, .F. ) ;
#4319 = FACE_OUTER_BOUND ( 'NONE', #522, .T. ) ;
#4320 = LINE ( 'NONE', #5976, #3987 ) ;
#4321 = DIRECTION ( 'NONE',  ( 0.05233595624293647247, 0.9986295347545742773, -5.481900437181704796E-16 ) ) ;
#4322 = AXIS2_PLACEMENT_3D ( 'NONE', #4878, #5956, #4334 ) ;
#4323 = EDGE_LOOP ( 'NONE', ( #3958, #5533, #394, #3159 ) ) ;
#4324 = AXIS2_PLACEMENT_3D ( 'NONE', #4255, #4352, #2082 ) ;
#4325 = ORIENTED_EDGE ( 'NONE', *, *, #691, .F. ) ;
#4326 = DIRECTION ( 'NONE',  ( 1.000000000000000000, 0.000000000000000000, -1.047444401652940007E-14 ) ) ;
#4327 = LINE ( 'NONE', #6602, #4084 ) ;
#4328 = ORIENTED_EDGE ( 'NONE', *, *, #5788, .F. ) ;
#4329 = CARTESIAN_POINT ( 'NONE',  ( 1.721904477684524482, 0.7600000000000000089, 0.4899999999999822275 ) ) ;
#4330 = DIRECTION ( 'NONE',  ( -1.000000000000000000, 0.000000000000000000, 1.022859097168414451E-14 ) ) ;
#4331 = CARTESIAN_POINT ( 'NONE',  ( 1.499999999999984901, 0.7600000000000000089, -1.460000000000016174 ) ) ;
#4332 = LINE ( 'NONE', #5451, #2351 ) ;
#4333 = PRESENTATION_STYLE_ASSIGNMENT (( #2645 ) ) ;
#4334 = DIRECTION ( 'NONE',  ( -1.000000000000000000, 0.000000000000000000, 1.057097118173366350E-14 ) ) ;
#4335 = EDGE_LOOP ( 'NONE', ( #6997, #6015, #2113, #2957 ) ) ;
#4336 = DIRECTION ( 'NONE',  ( 0.3420201433256684354, -0.9396926207859085389, -3.582470843790075770E-15 ) ) ;
#4337 = AXIS2_PLACEMENT_3D ( 'NONE', #3444, #5663, #66 ) ;
#4338 = ORIENTED_EDGE ( 'NONE', *, *, #1485, .F. ) ;
#4339 = LINE ( 'NONE', #6504, #1078 ) ;
#4340 = DIRECTION ( 'NONE',  ( -1.000000000000000000, 0.000000000000000000, 1.084202172485503961E-14 ) ) ;
#4341 = EDGE_CURVE ( 'NONE', #4307, #2293, #366, .T. ) ;
#4342 = CARTESIAN_POINT ( 'NONE',  ( 1.500000000000011990, 0.5800000000000004041, 1.139999999999984581 ) ) ;
#4343 = ORIENTED_EDGE ( 'NONE', *, *, #1933, .T. ) ;
#4344 = AXIS2_PLACEMENT_3D ( 'NONE', #322, #759, #2981 ) ;
#4345 = EDGE_CURVE ( 'NONE', #5119, #1312, #6916, .T. ) ;
#4346 = DIRECTION ( 'NONE',  ( 1.047444401652940007E-14, 0.000000000000000000, 1.000000000000000000 ) ) ;
#4347 = ORIENTED_EDGE ( 'NONE', *, *, #2294, .F. ) ;
#4348 = VECTOR ( 'NONE', #5768, 1000.000000000000000 ) ;
#4349 = EDGE_LOOP ( 'NONE', ( #5352, #6402, #1309, #6808 ) ) ;
#4350 = ORIENTED_EDGE ( 'NONE', *, *, #1034, .F. ) ;
#4351 = CIRCLE ( 'NONE', #1206, 0.1907949898354945883 ) ;
#4352 = DIRECTION ( 'NONE',  ( 1.047444401652940007E-14, -0.000000000000000000, 1.000000000000000000 ) ) ;
#4353 = LINE ( 'NONE', #3834, #5561 ) ;
#4354 = VECTOR ( 'NONE', #1729, 1000.000000000000000 ) ;
#4355 = DIRECTION ( 'NONE',  ( -0.000000000000000000, -1.000000000000000000, -0.000000000000000000 ) ) ;
#4356 = VECTOR ( 'NONE', #6680, 1000.000000000000000 ) ;
#4357 = DIRECTION ( 'NONE',  ( -0.3420201433256698786, -0.9396926207859079838, 3.582470843790090758E-15 ) ) ;
#4358 = ORIENTED_EDGE ( 'NONE', *, *, #56, .F. ) ;
#4359 = ORIENTED_EDGE ( 'NONE', *, *, #6641, .F. ) ;
#4360 = PLANE ( 'NONE',  #3292 ) ;
#4361 = ORIENTED_EDGE ( 'NONE', *, *, #6204, .F. ) ;
#4362 = CARTESIAN_POINT ( 'NONE',  ( -0.7055000000000190008, 0.3399999999999998024, -1.772499999999993525 ) ) ;
#4363 = ORIENTED_EDGE ( 'NONE', *, *, #3662, .F. ) ;
#4364 = ORIENTED_EDGE ( 'NONE', *, *, #4828, .T. ) ;
#4365 = DIRECTION ( 'NONE',  ( -1.000000000000000000, 0.000000000000000000, 1.022859097168414451E-14 ) ) ;
#4366 = CYLINDRICAL_SURFACE ( 'NONE', #3002, 0.1907949898354945883 ) ;
#4367 = VERTEX_POINT ( 'NONE', #1928 ) ;
#4368 = DIRECTION ( 'NONE',  ( -0.000000000000000000, -1.000000000000000000, -0.000000000000000000 ) ) ;
#4369 = FACE_OUTER_BOUND ( 'NONE', #6844, .T. ) ;
#4370 = LINE ( 'NONE', #7109, #6268 ) ;
#4371 = PRESENTATION_LAYER_ASSIGNMENT (  '', '', ( #1224 ) ) ;
#4372 = ORIENTED_EDGE ( 'NONE', *, *, #561, .F. ) ;
#4373 = CARTESIAN_POINT ( 'NONE',  ( 1.440048826559143125, 1.100000000000000089, 1.959548826559106116 ) ) ;
#4374 = EDGE_CURVE ( 'NONE', #6050, #2691, #4678, .T. ) ;
#4375 = CARTESIAN_POINT ( 'NONE',  ( 0.7055000000000007931, 0.2400000000000004075, -7.389720253661501497E-15 ) ) ;
#4376 = DIRECTION ( 'NONE',  ( 1.221473969113538888E-16, -1.000000000000000000, -1.279426070712772449E-30 ) ) ;
#4377 = COLOUR_RGB ( '',0.7921568627450980005, 0.8196078431372548767, 0.9333333333333333481 ) ;
#4378 = LINE ( 'NONE', #7078, #1414 ) ;
#4379 = CARTESIAN_POINT ( 'NONE',  ( -1.499999999999988010, 0.5800000000000004041, 1.140000000000015890 ) ) ;
#4380 = ORIENTED_EDGE ( 'NONE', *, *, #1797, .T. ) ;
#4381 = EDGE_CURVE ( 'NONE', #5620, #2154, #4164, .T. ) ;
#4382 = DIRECTION ( 'NONE',  ( -0.000000000000000000, -1.000000000000000000, -0.000000000000000000 ) ) ;
#4383 = VERTEX_POINT ( 'NONE', #1856 ) ;
#4384 = EDGE_CURVE ( 'NONE', #4469, #4491, #4088, .T. ) ;
#4385 = ORIENTED_EDGE ( 'NONE', *, *, #2283, .T. ) ;
#4386 = ORIENTED_EDGE ( 'NONE', *, *, #2916, .F. ) ;
#4387 = EDGE_CURVE ( 'NONE', #3901, #2272, #2854, .T. ) ;
#4388 = LINE ( 'NONE', #344, #3385 ) ;
#4389 = DIRECTION ( 'NONE',  ( 1.047444401652940007E-14, 0.000000000000000000, 1.000000000000000000 ) ) ;
#4390 = CARTESIAN_POINT ( 'NONE',  ( 1.499999999999998446, 0.7600000000000000089, -0.1600000000000157130 ) ) ;
#4391 = ORIENTED_EDGE ( 'NONE', *, *, #5503, .F. ) ;
#4392 = VECTOR ( 'NONE', #4868, 1000.000000000000000 ) ;
#4393 = LINE ( 'NONE', #2193, #6586 ) ;
#4394 = DIRECTION ( 'NONE',  ( 1.047444401652940007E-14, -0.000000000000000000, 1.000000000000000000 ) ) ;
#4395 = ORIENTED_EDGE ( 'NONE', *, *, #5412, .T. ) ;
#4396 = EDGE_CURVE ( 'NONE', #4100, #6528, #3515, .T. ) ;
#4397 = PLANE ( 'NONE',  #4207 ) ;
#4398 = ORIENTED_EDGE ( 'NONE', *, *, #1405, .T. ) ;
#4399 = ORIENTED_EDGE ( 'NONE', *, *, #6114, .F. ) ;
#4400 = LINE ( 'NONE', #6605, #5955 ) ;
#4401 = CARTESIAN_POINT ( 'NONE',  ( -0.7055000000000190008, 0.2400000000000004075, -1.772499999999993525 ) ) ;
#4402 = CARTESIAN_POINT ( 'NONE',  ( -1.500000000000001998, 0.7600000000000000089, -0.1599999999999843769 ) ) ;
#4403 = LINE ( 'NONE', #2138, #7089 ) ;
#4404 = VECTOR ( 'NONE', #1370, 1000.000000000000000 ) ;
#4405 = DIRECTION ( 'NONE',  ( 1.000000000000000000, 3.664421907340616418E-16, -1.047444401652940007E-14 ) ) ;
#4406 = ORIENTED_EDGE ( 'NONE', *, *, #3326, .T. ) ;
#4407 = CARTESIAN_POINT ( 'NONE',  ( 0.9455000000000188809, 0.2400000000000004075, 1.772499999999990861 ) ) ;
#4408 = CARTESIAN_POINT ( 'NONE',  ( 1.815873739763108619, 0.5142020143325679582, -0.1600000000000191269 ) ) ;
#4409 = LINE ( 'NONE', #2037, #3165 ) ;
#4410 = DIRECTION ( 'NONE',  ( 1.000000000000000000, 0.000000000000000000, -1.047444401652940007E-14 ) ) ;
#4411 = EDGE_CURVE ( 'NONE', #1107, #6603, #4955, .T. ) ;
#4412 = PLANE ( 'NONE',  #3971 ) ;
#4413 = DIRECTION ( 'NONE',  ( -0.9986295347545742773, 0.05233595624293646553, 1.040457800380833282E-14 ) ) ;
#4414 = ORIENTED_EDGE ( 'NONE', *, *, #4880, .F. ) ;
#4415 = CARTESIAN_POINT ( 'NONE',  ( 2.249027405409662173, 0.1902858436350523264, -0.8100000000000235900 ) ) ;
#4416 = EDGE_LOOP ( 'NONE', ( #1249, #31, #4361, #3794, #5078, #6590, #5897, #1576, #3561, #4688, #3986, #3309 ) ) ;
#4417 = ADVANCED_FACE ( 'NONE', ( #216 ), #5123, .F. ) ;
#4418 = ORIENTED_EDGE ( 'NONE', *, *, #2049, .T. ) ;
#4419 = ORIENTED_EDGE ( 'NONE', *, *, #6026, .F. ) ;
#4420 = LINE ( 'NONE', #664, #1409 ) ;
#4421 = CARTESIAN_POINT ( 'NONE',  ( 2.079724199617744240, 0.3155636257986206283, 0.8099999999999781819 ) ) ;
#4422 = DIRECTION ( 'NONE',  ( 1.000000000000000000, -0.000000000000000000, -1.047444401652940007E-14 ) ) ;
#4423 = ORIENTED_EDGE ( 'NONE', *, *, #1129, .T. ) ;
#4424 = DIRECTION ( 'NONE',  ( -1.047444401652940007E-14, 0.000000000000000000, -1.000000000000000000 ) ) ;
#4425 = EDGE_CURVE ( 'NONE', #2935, #1443, #6855, .T. ) ;
#4426 = VECTOR ( 'NONE', #3599, 1000.000000000000000 ) ;
#4427 = CARTESIAN_POINT ( 'NONE',  ( 0.9455000000000136628, 0.3399999999999998024, 1.272499999999990417 ) ) ;
#4428 = VERTEX_POINT ( 'NONE', #6749 ) ;
#4429 = DIRECTION ( 'NONE',  ( -0.000000000000000000, -1.000000000000000000, -0.000000000000000000 ) ) ;
#4430 = PLANE ( 'NONE',  #1896 ) ;
#4431 = CARTESIAN_POINT ( 'NONE',  ( 1.721904477684537804, 0.7600000000000000089, 1.789999999999982716 ) ) ;
#4432 = AXIS2_PLACEMENT_3D ( 'NONE', #3632, #5842, #3077 ) ;
#4433 = CARTESIAN_POINT ( 'NONE',  ( 1.721904477684510937, 0.4800000000000010369, -0.8100000000000183720 ) ) ;
#4434 = VECTOR ( 'NONE', #5184, 1000.000000000000000 ) ;
#4435 = EDGE_CURVE ( 'NONE', #1637, #5611, #143, .T. ) ;
#4436 = EDGE_CURVE ( 'NONE', #1367, #693, #5053, .T. ) ;
#4437 = EDGE_LOOP ( 'NONE', ( #5918, #238, #2882, #1357 ) ) ;
#4438 = DIRECTION ( 'NONE',  ( 0.9986295347545742773, 0.05233595624293795739, -1.046008915503958907E-14 ) ) ;
#4439 =( LENGTH_UNIT ( ) NAMED_UNIT ( * ) SI_UNIT ( .MILLI., .METRE. ) );
#4440 = EDGE_CURVE ( 'NONE', #277, #4246, #1883, .T. ) ;
#4441 = PLANE ( 'NONE',  #132 ) ;
#4442 = AXIS2_PLACEMENT_3D ( 'NONE', #4138, #4097, #775 ) ;
#4443 = ORIENTED_EDGE ( 'NONE', *, *, #503, .T. ) ;
#4444 = DIRECTION ( 'NONE',  ( -1.000000000000000000, 0.000000000000000000, 1.047444401652940007E-14 ) ) ;
#4445 = VECTOR ( 'NONE', #274, 1000.000000000000000 ) ;
#4446 = PLANE ( 'NONE',  #6168 ) ;
#4447 = ORIENTED_EDGE ( 'NONE', *, *, #2484, .T. ) ;
#4448 = CARTESIAN_POINT ( 'NONE',  ( -1.721904477684531365, 0.7600000000000000089, -1.139999999999982361 ) ) ;
#4449 = LINE ( 'NONE', #3493, #3806 ) ;
#4450 = FACE_OUTER_BOUND ( 'NONE', #1320, .T. ) ;
#4451 = CARTESIAN_POINT ( 'NONE',  ( 0.7055000000000156701, 0.3399999999999998024, 1.422499999999993214 ) ) ;
#4452 = EDGE_LOOP ( 'NONE', ( #191, #5655, #2918, #4238 ) ) ;
#4453 = DIRECTION ( 'NONE',  ( 1.047444401652940007E-14, -0.000000000000000000, 1.000000000000000000 ) ) ;
#4454 = ORIENTED_EDGE ( 'NONE', *, *, #3225, .F. ) ;
#4455 = ORIENTED_EDGE ( 'NONE', *, *, #872, .T. ) ;
#4456 = ORIENTED_EDGE ( 'NONE', *, *, #2898, .T. ) ;
#4457 = AXIS2_PLACEMENT_3D ( 'NONE', #1048, #5995, #5458 ) ;
#4458 = AXIS2_PLACEMENT_3D ( 'NONE', #2507, #3524, #6933 ) ;
#4459 = ORIENTED_EDGE ( 'NONE', *, *, #4663, .T. ) ;
#4460 = ORIENTED_EDGE ( 'NONE', *, *, #1743, .F. ) ;
#4461 = DIRECTION ( 'NONE',  ( -1.047444401652940007E-14, 0.000000000000000000, -1.000000000000000000 ) ) ;
#4462 = CARTESIAN_POINT ( 'NONE',  ( -0.8255000000000134452, 0.3399999999999998024, -1.272499999999991527 ) ) ;
#4463 = EDGE_LOOP ( 'NONE', ( #1211, #5382, #2099, #271 ) ) ;
#4464 = VECTOR ( 'NONE', #2932, 1000.000000000000000 ) ;
#4465 = DIRECTION ( 'NONE',  ( -0.3420201433256698231, -0.9396926207859079838, 3.582470843790089969E-15 ) ) ;
#4466 = VECTOR ( 'NONE', #689, 1000.000000000000000 ) ;
#4467 = CARTESIAN_POINT ( 'NONE',  ( 1.910579527876264061, 0.2540000000000005587, -0.8100000000000204814 ) ) ;
#4468 = ORIENTED_EDGE ( 'NONE', *, *, #2102, .F. ) ;
#4469 = VERTEX_POINT ( 'NONE', #3956 ) ;
#4470 = VECTOR ( 'NONE', #6658, 1000.000000000000000 ) ;
#4471 = LINE ( 'NONE', #1254, #5615 ) ;
#4472 = DIRECTION ( 'NONE',  ( 1.047444401652940007E-14, 0.000000000000000000, 1.000000000000000000 ) ) ;
#4473 = VECTOR ( 'NONE', #1458, 1000.000000000000000 ) ;
#4474 = EDGE_CURVE ( 'NONE', #6708, #5094, #4029, .T. ) ;
#4475 = LINE ( 'NONE', #3895, #4356 ) ;
#4476 =( LENGTH_UNIT ( ) NAMED_UNIT ( * ) SI_UNIT ( .MILLI., .METRE. ) );
#4477 = VECTOR ( 'NONE', #6214, 1000.000000000000000 ) ;
#4478 = AXIS2_PLACEMENT_3D ( 'NONE', #894, #3742, #7067 ) ;
#4479 = CARTESIAN_POINT ( 'NONE',  ( 2.079724199617751346, 0.3155636257986206283, 1.459999999999978648 ) ) ;
#4480 = ORIENTED_EDGE ( 'NONE', *, *, #1263, .F. ) ;
#4481 = EDGE_CURVE ( 'NONE', #6037, #2066, #5612, .T. ) ;
#4482 = DIRECTION ( 'NONE',  ( -0.9986295347545742773, -0.05233595624293646553, 1.040457800380833282E-14 ) ) ;
#4483 = EDGE_CURVE ( 'NONE', #614, #6708, #3480, .T. ) ;
#4484 = CARTESIAN_POINT ( 'NONE',  ( 0.9454999999999869065, 0.3399999999999998024, -1.272500000000010623 ) ) ;
#4485 = PRODUCT_DEFINITION_FORMATION_WITH_SPECIFIED_SOURCE ( 'ANY', '', #3134, .NOT_KNOWN. ) ;
#4486 = CARTESIAN_POINT ( 'NONE',  ( -2.440579527876263644, -2.168404344971008868E-16, 0.8100000000000256994 ) ) ;
#4487 = FACE_OUTER_BOUND ( 'NONE', #6917, .T. ) ;
#4488 = VECTOR ( 'NONE', #1421, 1000.000000000000114 ) ;
#4489 = LINE ( 'NONE', #1702, #4209 ) ;
#4490 = CARTESIAN_POINT ( 'NONE',  ( -2.259012843649064184, 0.3808193555679768583, 0.8100000000000237010 ) ) ;
#4491 = VERTEX_POINT ( 'NONE', #6712 ) ;
#4492 = AXIS2_PLACEMENT_3D ( 'NONE', #6159, #638, #2426 ) ;
#4493 = PLANE ( 'NONE',  #3647 ) ;
#4494 = ORIENTED_EDGE ( 'NONE', *, *, #507, .F. ) ;
#4495 = VERTEX_POINT ( 'NONE', #6199 ) ;
#4496 = ORIENTED_EDGE ( 'NONE', *, *, #7176, .T. ) ;
#4497 = DIRECTION ( 'NONE',  ( 1.000000000000000000, 0.000000000000000000, -1.047444401652940007E-14 ) ) ;
#4498 = DIRECTION ( 'NONE',  ( 0.3420201433256684354, 0.9396926207859085389, -3.582470843790075770E-15 ) ) ;
#4499 = VERTEX_POINT ( 'NONE', #1186 ) ;
#4500 = ADVANCED_FACE ( 'NONE', ( #2397 ), #1257, .F. ) ;
#4501 = DIRECTION ( 'NONE',  ( -1.047444401652940007E-14, 0.000000000000000000, -1.000000000000000000 ) ) ;
#4502 = FACE_OUTER_BOUND ( 'NONE', #1197, .T. ) ;
#4503 = CARTESIAN_POINT ( 'NONE',  ( -1.721904477684510937, 0.4800000000000010369, 0.8100000000000183720 ) ) ;
#4504 = PLANE ( 'NONE',  #4814 ) ;
#4505 = VECTOR ( 'NONE', #1575, 1000.000000000000000 ) ;
#4506 = CARTESIAN_POINT ( 'NONE',  ( -1.985018411504561264, 0.5757656401311880279, 1.140000000000020774 ) ) ;
#4507 = DIRECTION ( 'NONE',  ( 0.9986295347545742773, -0.05233595624293645165, -1.046008915503958750E-14 ) ) ;
#4508 = DIRECTION ( 'NONE',  ( 0.9986295347545742773, -0.05233595624293741616, -1.046008915503959065E-14 ) ) ;
#4509 = VECTOR ( 'NONE', #4704, 1000.000000000000000 ) ;
#4510 = LINE ( 'NONE', #6205, #6965 ) ;
#4511 = ORIENTED_EDGE ( 'NONE', *, *, #1314, .T. ) ;
#4512 = CARTESIAN_POINT ( 'NONE',  ( -2.450000000000019718, 0.1797533162558246356, -1.789999999999975167 ) ) ;
#4513 = DIRECTION ( 'NONE',  ( 1.047444401652940007E-14, 0.000000000000000000, 1.000000000000000000 ) ) ;
#4514 = ORIENTED_EDGE ( 'NONE', *, *, #4631, .F. ) ;
#4515 = CARTESIAN_POINT ( 'NONE',  ( -1.721904477684517598, 0.7600000000000000089, 0.1600000000000180167 ) ) ;
#4516 = CARTESIAN_POINT ( 'NONE',  ( -1.815873739763125716, 0.5142020143325679582, -1.459999999999981313 ) ) ;
#4517 = EDGE_CURVE ( 'NONE', #5011, #6115, #2359, .T. ) ;
#4518 = AXIS2_PLACEMENT_3D ( 'NONE', #4844, #4267, #892 ) ;
#4519 = PRESENTATION_STYLE_ASSIGNMENT (( #1342 ) ) ;
#4520 = CARTESIAN_POINT ( 'NONE',  ( 0.9455000000000188809, 0.3399999999999998024, 1.772499999999990861 ) ) ;
#4521 = FACE_OUTER_BOUND ( 'NONE', #4437, .T. ) ;
#4522 = EDGE_CURVE ( 'NONE', #2902, #668, #6792, .T. ) ;
#4523 = ORIENTED_EDGE ( 'NONE', *, *, #2964, .F. ) ;
#4524 = AXIS2_PLACEMENT_3D ( 'NONE', #1173, #528, #562 ) ;
#4525 = FACE_OUTER_BOUND ( 'NONE', #2174, .T. ) ;
#4526 = VERTEX_POINT ( 'NONE', #3408 ) ;
#4527 = EDGE_CURVE ( 'NONE', #7051, #3582, #3874, .T. ) ;
#4528 = EDGE_CURVE ( 'NONE', #2980, #4858, #5168, .T. ) ;
#4529 = ADVANCED_FACE ( 'NONE', ( #1837 ), #4062, .F. ) ;
#4530 = VERTEX_POINT ( 'NONE', #5738 ) ;
#4531 = VERTEX_POINT ( 'NONE', #5332 ) ;
#4532 = ORIENTED_EDGE ( 'NONE', *, *, #783, .T. ) ;
#4533 = LINE ( 'NONE', #6150, #4692 ) ;
#4534 = ORIENTED_EDGE ( 'NONE', *, *, #810, .T. ) ;
#4535 = CARTESIAN_POINT ( 'NONE',  ( -2.239606933285923418, 0.01053252737922920866, 1.790000000000024460 ) ) ;
#4536 = ORIENTED_EDGE ( 'NONE', *, *, #3293, .T. ) ;
#4537 = CARTESIAN_POINT ( 'NONE',  ( -1.499999999999998446, 0.5800000000000004041, 0.1600000000000157130 ) ) ;
#4538 = LINE ( 'NONE', #6675, #851 ) ;
#4539 = VECTOR ( 'NONE', #3631, 1000.000000000000000 ) ;
#4540 = CARTESIAN_POINT ( 'NONE',  ( 1.815873739763112171, 0.5142020143325679582, 0.1599999999999808520 ) ) ;
#4541 = DIRECTION ( 'NONE',  ( -1.000000000000000000, 0.000000000000000000, 1.052637691431445486E-14 ) ) ;
#4542 = LINE ( 'NONE', #2822, #6011 ) ;
#4543 = VERTEX_POINT ( 'NONE', #1436 ) ;
#4544 = PLANE ( 'NONE',  #7015 ) ;
#4545 = VERTEX_POINT ( 'NONE', #1362 ) ;
#4546 = AXIS2_PLACEMENT_3D ( 'NONE', #5181, #6834, #1849 ) ;
#4547 = DIRECTION ( 'NONE',  ( -1.047444401652940007E-14, 0.000000000000000000, -1.000000000000000000 ) ) ;
#4548 = VERTEX_POINT ( 'NONE', #5905 ) ;
#4549 = STYLED_ITEM ( 'NONE', ( #4586 ), #6693 ) ;
#4550 = DIRECTION ( 'NONE',  ( 1.047444401652940007E-14, 0.000000000000000000, 1.000000000000000000 ) ) ;
#4551 = CIRCLE ( 'NONE', #1285, 0.1000000000000000472 ) ;
#4552 = CARTESIAN_POINT ( 'NONE',  ( 2.239606933285946511, 0.01053252737922920866, 0.4899999999999765654 ) ) ;
#4553 = DIRECTION ( 'NONE',  ( -1.000000000000000000, -3.664421907340615925E-16, 1.047444401652940007E-14 ) ) ;
#4554 = CARTESIAN_POINT ( 'NONE',  ( -1.910579527876273831, 0.2540000000000005587, -0.1599999999999801026 ) ) ;
#4555 = AXIS2_PLACEMENT_3D ( 'NONE', #3363, #1714, #1214 ) ;
#4556 = UNCERTAINTY_MEASURE_WITH_UNIT (LENGTH_MEASURE( 1.000000000000000082E-05 ), #797, 'distance_accuracy_value', 'NONE');
#4557 = DIRECTION ( 'NONE',  ( 0.000000000000000000, 1.000000000000000000, 0.000000000000000000 ) ) ;
#4558 = DIRECTION ( 'NONE',  ( -1.047444401652940007E-14, 0.000000000000000000, -1.000000000000000000 ) ) ;
#4559 = AXIS2_PLACEMENT_3D ( 'NONE', #472, #1594, #4856 ) ;
#4560 = VECTOR ( 'NONE', #2901, 1000.000000000000000 ) ;
#4561 = CARTESIAN_POINT ( 'NONE',  ( 2.450000000000013500, 0.1797533162558246356, 1.139999999999974811 ) ) ;
#4562 = ORIENTED_EDGE ( 'NONE', *, *, #648, .F. ) ;
#4563 = EDGE_LOOP ( 'NONE', ( #321, #5795, #1471, #681 ) ) ;
#4564 = ADVANCED_FACE ( 'NONE', ( #5269 ), #284, .T. ) ;
#4565 = ORIENTED_EDGE ( 'NONE', *, *, #1909, .F. ) ;
#4566 = ORIENTED_EDGE ( 'NONE', *, *, #3860, .F. ) ;
#4567 = ORIENTED_EDGE ( 'NONE', *, *, #2243, .T. ) ;
#4568 = ADVANCED_FACE ( 'NONE', ( #3105 ), #4763, .F. ) ;
#4569 = EDGE_CURVE ( 'NONE', #6851, #1796, #3140, .T. ) ;
#4570 = DIRECTION ( 'NONE',  ( -0.9986295347545742773, 0.05233595624293647247, 1.046008915503959065E-14 ) ) ;
#4571 = ORIENTED_EDGE ( 'NONE', *, *, #5871, .T. ) ;
#4572 = VECTOR ( 'NONE', #1803, 1000.000000000000000 ) ;
#4573 = CARTESIAN_POINT ( 'NONE',  ( -0.7054999999999816973, 0.3399999999999998024, 1.772500000000007958 ) ) ;
#4574 = ORIENTED_EDGE ( 'NONE', *, *, #30, .T. ) ;
#4575 = CARTESIAN_POINT ( 'NONE',  ( -1.910579527876260508, 0.2540000000000005587, 1.140000000000020330 ) ) ;
#4576 = ORIENTED_EDGE ( 'NONE', *, *, #2069, .T. ) ;
#4577 = FACE_OUTER_BOUND ( 'NONE', #1106, .T. ) ;
#4578 = VECTOR ( 'NONE', #1184, 1000.000000000000000 ) ;
#4579 = DIRECTION ( 'NONE',  ( -1.047444401652940007E-14, 0.000000000000000000, -1.000000000000000000 ) ) ;
#4580 = DIRECTION ( 'NONE',  ( -1.000000000000000000, 0.000000000000000000, 8.642576025897891774E-15 ) ) ;
#4581 = ORIENTED_EDGE ( 'NONE', *, *, #6190, .F. ) ;
#4582 = LINE ( 'NONE', #2788, #1788 ) ;
#4583 = AXIS2_PLACEMENT_3D ( 'NONE', #1494, #4346, #4823 ) ;
#4584 =( NAMED_UNIT ( * ) SI_UNIT ( $, .STERADIAN. ) SOLID_ANGLE_UNIT ( ) );
#4585 = CIRCLE ( 'NONE', #6428, 0.1907949898354945883 ) ;
#4586 = PRESENTATION_STYLE_ASSIGNMENT (( #1262 ) ) ;
#4587 = LINE ( 'NONE', #615, #1079 ) ;
#4588 = AXIS2_PLACEMENT_3D ( 'NONE', #6227, #5162, #4277 ) ;
#4589 = DIRECTION ( 'NONE',  ( 1.000000000000000000, 0.000000000000000000, -1.047444401652940007E-14 ) ) ;
#4590 = CIRCLE ( 'NONE', #58, 0.1907949898354945883 ) ;
#4591 = EDGE_LOOP ( 'NONE', ( #1461, #4698, #5427, #5397 ) ) ;
#4592 = LINE ( 'NONE', #5066, #6264 ) ;
#4593 = VECTOR ( 'NONE', #1692, 1000.000000000000000 ) ;
#4594 = CARTESIAN_POINT ( 'NONE',  ( -1.500000000000011990, 0.5800000000000004041, -1.139999999999984581 ) ) ;
#4595 = CARTESIAN_POINT ( 'NONE',  ( -0.9455000000000002292, 0.2400000000000004075, 9.903586817628550255E-15 ) ) ;
#4596 = EDGE_CURVE ( 'NONE', #6225, #6932, #3070, .T. ) ;
#4597 = CARTESIAN_POINT ( 'NONE',  ( -2.449999999999989075, 0.1797533162558246356, 1.140000000000025437 ) ) ;
#4598 = LINE ( 'NONE', #6767, #2010 ) ;
#4599 = ORIENTED_EDGE ( 'NONE', *, *, #6459, .F. ) ;
#4600 = EDGE_LOOP ( 'NONE', ( #2407, #4830, #7000, #1791 ) ) ;
#4601 = AXIS2_PLACEMENT_3D ( 'NONE', #1252, #1800, #2392 ) ;
#4602 = EDGE_CURVE ( 'NONE', #5259, #7178, #159, .T. ) ;
#4603 = ORIENTED_EDGE ( 'NONE', *, *, #3942, .T. ) ;
#4604 = ORIENTED_EDGE ( 'NONE', *, *, #4053, .F. ) ;
#4605 = VECTOR ( 'NONE', #4108, 1000.000000000000000 ) ;
#4606 = ORIENTED_EDGE ( 'NONE', *, *, #74, .T. ) ;
#4607 = ADVANCED_FACE ( 'NONE', ( #784 ), #4793, .F. ) ;
#4608 = FACE_OUTER_BOUND ( 'NONE', #625, .T. ) ;
#4609 = CARTESIAN_POINT ( 'NONE',  ( -1.856595201929836809E-14, 0.2400000000000004075, -1.772500000000000631 ) ) ;
#4610 = EDGE_LOOP ( 'NONE', ( #7128, #5729, #2705, #2185 ) ) ;
#4611 = EDGE_LOOP ( 'NONE', ( #5302, #5152, #60, #5112 ) ) ;
#4612 = EDGE_CURVE ( 'NONE', #2299, #1104, #3638, .T. ) ;
#4613 = ADVANCED_FACE ( 'NONE', ( #380 ), #2050, .F. ) ;
#4614 = ORIENTED_EDGE ( 'NONE', *, *, #3317, .T. ) ;
#4615 = LINE ( 'NONE', #6194, #5865 ) ;
#4616 = LINE ( 'NONE', #781, #964 ) ;
#4617 = DIRECTION ( 'NONE',  ( -1.000000000000000000, 0.000000000000000000, 1.022859097168414451E-14 ) ) ;
#4618 = EDGE_CURVE ( 'NONE', #2658, #339, #5798, .T. ) ;
#4619 = DIRECTION ( 'NONE',  ( -0.3420201433256698786, -0.9396926207859079838, 3.582470843790090758E-15 ) ) ;
#4620 = CARTESIAN_POINT ( 'NONE',  ( -2.259012843649081059, 0.3808193555679768583, -0.8099999999999765166 ) ) ;
#4621 = ORIENTED_EDGE ( 'NONE', *, *, #1618, .F. ) ;
#4622 = CARTESIAN_POINT ( 'NONE',  ( -1.815873739763125716, 0.5142020143325679582, -1.459999999999981313 ) ) ;
#4623 = PLANE ( 'NONE',  #1336 ) ;
#4624 = EDGE_CURVE ( 'NONE', #6888, #352, #3265, .T. ) ;
#4625 = DIRECTION ( 'NONE',  ( -1.047444401652940007E-14, 0.000000000000000000, -1.000000000000000000 ) ) ;
#4626 =( NAMED_UNIT ( * ) SI_UNIT ( $, .STERADIAN. ) SOLID_ANGLE_UNIT ( ) );
#4627 = VERTEX_POINT ( 'NONE', #6413 ) ;
#4628 = ADVANCED_FACE ( 'NONE', ( #6927 ), #885, .F. ) ;
#4629 = CARTESIAN_POINT ( 'NONE',  ( -1.499999999999994893, 0.7600000000000000089, 0.4900000000000158118 ) ) ;
#4630 = CARTESIAN_POINT ( 'NONE',  ( -1.815873739763119055, 0.5142020143325679582, -0.8099999999999812905 ) ) ;
#4631 = EDGE_CURVE ( 'NONE', #6585, #5027, #6372, .T. ) ;
#4632 = ORIENTED_EDGE ( 'NONE', *, *, #4384, .F. ) ;
#4633 = DIRECTION ( 'NONE',  ( 0.05233595624293647941, 0.9986295347545742773, -5.481900437181704796E-16 ) ) ;
#4634 = LINE ( 'NONE', #2510, #4509 ) ;
#4635 = UNCERTAINTY_MEASURE_WITH_UNIT (LENGTH_MEASURE( 1.000000000000000082E-05 ), #3933, 'distance_accuracy_value', 'NONE');
#4636 = DIRECTION ( 'NONE',  ( -1.047444401652940007E-14, -0.000000000000000000, -1.000000000000000000 ) ) ;
#4637 = DIRECTION ( 'NONE',  ( 1.047444401652940007E-14, 0.000000000000000000, 1.000000000000000000 ) ) ;
#4638 = DIRECTION ( 'NONE',  ( -1.000000000000000000, 0.000000000000000000, 1.084202172485503961E-14 ) ) ;
#4639 = CYLINDRICAL_SURFACE ( 'NONE', #739, 0.1000000000000000472 ) ;
#4640 = CIRCLE ( 'NONE', #4176, 0.1000000000000000472 ) ;
#4641 = EDGE_LOOP ( 'NONE', ( #3836, #2318, #5113, #4956 ) ) ;
#4642 = CARTESIAN_POINT ( 'NONE',  ( -0.8254999999999869109, 0.2400000000000004075, 1.272500000000009068 ) ) ;
#4643 = VERTEX_POINT ( 'NONE', #4256 ) ;
#4644 = EDGE_LOOP ( 'NONE', ( #5257, #5411, #5230, #4945, #1861, #7171, #1047, #421, #6433, #5758, #5510, #847 ) ) ;
#4645 = EDGE_LOOP ( 'NONE', ( #6419, #98, #6476, #5189 ) ) ;
#4646 = ORIENTED_EDGE ( 'NONE', *, *, #4222, .T. ) ;
#4647 = DIRECTION ( 'NONE',  ( -0.9986295347545742773, -0.05233595624293645165, 1.046008915503959065E-14 ) ) ;
#4648 = VERTEX_POINT ( 'NONE', #3624 ) ;
#4649 = ADVANCED_FACE ( 'NONE', ( #2531 ), #6449, .T. ) ;
#4650 = ORIENTED_EDGE ( 'NONE', *, *, #4228, .F. ) ;
#4651 = EDGE_LOOP ( 'NONE', ( #2527, #5391, #6830, #1597 ) ) ;
#4652 = LINE ( 'NONE', #6340, #5959 ) ;
#4653 = CARTESIAN_POINT ( 'NONE',  ( -1.985018411504564595, 0.5757656401311880279, 0.8100000000000211475 ) ) ;
#4654 = CARTESIAN_POINT ( 'NONE',  ( -1.332873001103366332E-14, 0.2400000000000004075, -1.272500000000000187 ) ) ;
#4655 = LINE ( 'NONE', #6232, #448 ) ;
#4656 = LINE ( 'NONE', #490, #4392 ) ;
#4657 = DIRECTION ( 'NONE',  ( -0.000000000000000000, -1.000000000000000000, -0.000000000000000000 ) ) ;
#4658 = EDGE_CURVE ( 'NONE', #3505, #2264, #5475, .T. ) ;
#4659 = DIRECTION ( 'NONE',  ( 1.047444401652940007E-14, 0.000000000000000000, 1.000000000000000000 ) ) ;
#4660 = LINE ( 'NONE', #6829, #2333 ) ;
#4661 = ORIENTED_EDGE ( 'NONE', *, *, #6635, .F. ) ;
#4662 = DIRECTION ( 'NONE',  ( -1.000000000000000000, 0.000000000000000000, 1.022859097168414451E-14 ) ) ;
#4663 = EDGE_CURVE ( 'NONE', #90, #6453, #2463, .T. ) ;
#4664 = EDGE_CURVE ( 'NONE', #4531, #3503, #6887, .T. ) ;
#4665 = CARTESIAN_POINT ( 'NONE',  ( -2.239606933285953616, 0.01053252737922920866, -1.139999999999977032 ) ) ;
#4666 = CIRCLE ( 'NONE', #921, 0.2800000000000003042 ) ;
#4667 = DIRECTION ( 'NONE',  ( -1.000000000000000000, -0.000000000000000000, 1.047444401652940007E-14 ) ) ;
#4668 = DIRECTION ( 'NONE',  ( -1.000000000000000000, 0.000000000000000000, 1.084202172485504118E-14 ) ) ;
#4669 = EDGE_CURVE ( 'NONE', #2659, #3359, #3881, .T. ) ;
#4670 = VECTOR ( 'NONE', #4405, 1000.000000000000000 ) ;
#4671 =( LENGTH_UNIT ( ) NAMED_UNIT ( * ) SI_UNIT ( .MILLI., .METRE. ) );
#4672 = LINE ( 'NONE', #5284, #5928 ) ;
#4673 = DIRECTION ( 'NONE',  ( 0.000000000000000000, 1.000000000000000000, 0.000000000000000000 ) ) ;
#4674 = AXIS2_PLACEMENT_3D ( 'NONE', #4871, #25, #6488 ) ;
#4675 = DIRECTION ( 'NONE',  ( -1.000000000000000000, 0.000000000000000000, 1.084202172485503961E-14 ) ) ;
#4676 = ORIENTED_EDGE ( 'NONE', *, *, #3581, .T. ) ;
#4677 = VECTOR ( 'NONE', #1596, 1000.000000000000000 ) ;
#4678 = LINE ( 'NONE', #6395, #4488 ) ;
#4679 = ORIENTED_EDGE ( 'NONE', *, *, #1797, .F. ) ;
#4680 = VECTOR ( 'NONE', #5365, 1000.000000000000000 ) ;
#4681 = ORIENTED_EDGE ( 'NONE', *, *, #259, .F. ) ;
#4682 = VECTOR ( 'NONE', #5326, 1000.000000000000000 ) ;
#4683 = ORIENTED_EDGE ( 'NONE', *, *, #1179, .F. ) ;
#4684 = VECTOR ( 'NONE', #4719, 1000.000000000000000 ) ;
#4685 = CARTESIAN_POINT ( 'NONE',  ( -1.440048826559142681, 0.2400000000000004075, -1.959548826559108337 ) ) ;
#4686 = VERTEX_POINT ( 'NONE', #3332 ) ;
#4687 = VERTEX_POINT ( 'NONE', #3799 ) ;
#4688 = ORIENTED_EDGE ( 'NONE', *, *, #5633, .F. ) ;
#4689 = CARTESIAN_POINT ( 'NONE',  ( 1.815873739763095074, 0.5142020143325679582, -1.460000000000019726 ) ) ;
#4690 = ADVANCED_FACE ( 'NONE', ( #4941 ), #2774, .F. ) ;
#4691 = DIRECTION ( 'NONE',  ( 1.000000000000000000, 0.000000000000000000, -1.047444401652940007E-14 ) ) ;
#4692 = VECTOR ( 'NONE', #6119, 1000.000000000000000 ) ;
#4693 = CARTESIAN_POINT ( 'NONE',  ( -2.249027405409686153, 0.1902858436350523264, -1.459999999999976650 ) ) ;
#4694 = LINE ( 'NONE', #6795, #2608 ) ;
#4695 = CARTESIAN_POINT ( 'NONE',  ( 1.440048826559101824, 1.100000000000000089, -1.959548826559138091 ) ) ;
#4696 = DIRECTION ( 'NONE',  ( 1.031531367597048598E-14, 0.1736481776669307753, 0.9848077530122080203 ) ) ;
#4697 = DIRECTION ( 'NONE',  ( 0.3420201433256684354, 0.9396926207859085389, -3.582470843790075770E-15 ) ) ;
#4698 = ORIENTED_EDGE ( 'NONE', *, *, #599, .F. ) ;
#4699 = VECTOR ( 'NONE', #1155, 1000.000000000000000 ) ;
#4700 = CARTESIAN_POINT ( 'NONE',  ( 1.721904477684507384, 0.5800000000000004041, -1.140000000000018110 ) ) ;
#4701 = EDGE_CURVE ( 'NONE', #5027, #6151, #4320, .T. ) ;
#4702 = DIRECTION ( 'NONE',  ( 1.047444401652940007E-14, 0.000000000000000000, 1.000000000000000000 ) ) ;
#4703 = LINE ( 'NONE', #295, #4317 ) ;
#4704 = DIRECTION ( 'NONE',  ( -1.047444401652940007E-14, 0.000000000000000000, -1.000000000000000000 ) ) ;
#4705 = CIRCLE ( 'NONE', #6897, 0.1000000000000000472 ) ;
#4706 = EDGE_CURVE ( 'NONE', #1970, #5969, #991, .T. ) ;
#4707 = EDGE_CURVE ( 'NONE', #6731, #6977, #2191, .T. ) ;
#4708 = CARTESIAN_POINT ( 'NONE',  ( 2.079724199617751346, 0.3155636257986206283, 1.459999999999978648 ) ) ;
#4709 = DIRECTION ( 'NONE',  ( -0.9986295347545742773, 0.05233595624293646553, 1.040457800380833282E-14 ) ) ;
#4710 = VECTOR ( 'NONE', #5479, 1000.000000000000000 ) ;
#4711 = CARTESIAN_POINT ( 'NONE',  ( 1.985018411504561264, 0.5757656401311880279, -1.140000000000020774 ) ) ;
#4712 = VECTOR ( 'NONE', #2513, 1000.000000000000000 ) ;
#4713 = EDGE_LOOP ( 'NONE', ( #6588, #4784, #1425, #1317 ) ) ;
#4714 = DIRECTION ( 'NONE',  ( -0.9986295347545742773, 0.05233595624293646553, 1.040457800380833282E-14 ) ) ;
#4715 = EDGE_LOOP ( 'NONE', ( #1176, #5445, #2192, #2955 ) ) ;
#4716 = EDGE_CURVE ( 'NONE', #4367, #5861, #2664, .T. ) ;
#4717 = FACE_OUTER_BOUND ( 'NONE', #1600, .T. ) ;
#4718 = ORIENTED_EDGE ( 'NONE', *, *, #4669, .T. ) ;
#4719 = DIRECTION ( 'NONE',  ( -1.000000000000000000, -0.000000000000000000, 1.047444401652940007E-14 ) ) ;
#4720 = DIRECTION ( 'NONE',  ( 0.3420201433256684354, -0.9396926207859085389, -3.582470843790075770E-15 ) ) ;
#4721 = EDGE_LOOP ( 'NONE', ( #2209, #7090, #1241, #2404 ) ) ;
#4722 = EDGE_CURVE ( 'NONE', #2220, #2842, #953, .T. ) ;
#4723 =( GEOMETRIC_REPRESENTATION_CONTEXT ( 3 ) GLOBAL_UNCERTAINTY_ASSIGNED_CONTEXT ( ( #5218 ) ) GLOBAL_UNIT_ASSIGNED_CONTEXT ( ( #3731, #6993, #1979 ) ) REPRESENTATION_CONTEXT ( 'NONE', 'WORKASPACE' ) );
#4724 = ORIENTED_EDGE ( 'NONE', *, *, #4848, .T. ) ;
#4725 = EDGE_LOOP ( 'NONE', ( #569, #400, #6955, #734 ) ) ;
#4726 = DIRECTION ( 'NONE',  ( -1.047444401652940007E-14, 0.000000000000000000, -1.000000000000000000 ) ) ;
#4727 = DIRECTION ( 'NONE',  ( -0.9986295347545742773, -0.05233595624293646553, 1.040457800380833282E-14 ) ) ;
#4728 = DIRECTION ( 'NONE',  ( 1.047444401652940007E-14, 0.000000000000000000, 1.000000000000000000 ) ) ;
#4729 = MECHANICAL_DESIGN_GEOMETRIC_PRESENTATION_REPRESENTATION (  '', ( #2848 ), #4962 ) ;
#4730 = PLANE ( 'NONE',  #5396 ) ;
#4731 = EDGE_CURVE ( 'NONE', #4905, #4970, #6522, .T. ) ;
#4732 = DIRECTION ( 'NONE',  ( -1.047444401652940007E-14, 0.000000000000000000, -1.000000000000000000 ) ) ;
#4733 = CARTESIAN_POINT ( 'NONE',  ( 0.000000000000000000, 0.2400000000000004075, 0.000000000000000000 ) ) ;
#4734 = DIRECTION ( 'NONE',  ( -1.047444401652940007E-14, 0.000000000000000000, -1.000000000000000000 ) ) ;
#4735 = ORIENTED_EDGE ( 'NONE', *, *, #2552, .F. ) ;
#4736 = PLANE ( 'NONE',  #4458 ) ;
#4737 = CARTESIAN_POINT ( 'NONE',  ( 0.7055000000000156701, 0.3399999999999998024, 1.422499999999993214 ) ) ;
#4738 = CARTESIAN_POINT ( 'NONE',  ( 2.239606933285933188, 0.01053252737922920866, -0.8100000000000239231 ) ) ;
#4739 = CARTESIAN_POINT ( 'NONE',  ( -1.500000000000018874, 0.5800000000000004041, -1.789999999999985159 ) ) ;
#4740 = ADVANCED_FACE ( 'NONE', ( #488 ), #1501, .F. ) ;
#4741 = DIRECTION ( 'NONE',  ( 1.047444401652940007E-14, 0.000000000000000000, 1.000000000000000000 ) ) ;
#4742 = DIRECTION ( 'NONE',  ( -1.047444401652940007E-14, 0.000000000000000000, -1.000000000000000000 ) ) ;
#4743 = DIRECTION ( 'NONE',  ( -0.000000000000000000, -1.000000000000000000, -0.000000000000000000 ) ) ;
#4744 = ADVANCED_FACE ( 'NONE', ( #6483 ), #2160, .T. ) ;
#4745 = VECTOR ( 'NONE', #4465, 1000.000000000000114 ) ;
#4746 = EDGE_LOOP ( 'NONE', ( #5466, #2186, #6518, #5507 ) ) ;
#4747 = LINE ( 'NONE', #2516, #3081 ) ;
#4748 = ORIENTED_EDGE ( 'NONE', *, *, #466, .T. ) ;
#4749 = CARTESIAN_POINT ( 'NONE',  ( -1.721904477684521151, 0.5800000000000004041, -0.1599999999999819622 ) ) ;
#4750 = VERTEX_POINT ( 'NONE', #3835 ) ;
#4751 = FACE_OUTER_BOUND ( 'NONE', #4591, .T. ) ;
#4752 = EDGE_CURVE ( 'NONE', #3125, #3288, #1024, .T. ) ;
#4753 = EDGE_CURVE ( 'NONE', #3166, #1123, #2696, .T. ) ;
#4754 = FACE_OUTER_BOUND ( 'NONE', #3378, .T. ) ;
#4755 = ORIENTED_EDGE ( 'NONE', *, *, #6113, .T. ) ;
#4756 = EDGE_CURVE ( 'NONE', #4798, #4101, #5515, .T. ) ;
#4757 = AXIS2_PLACEMENT_3D ( 'NONE', #3153, #392, #4330 ) ;
#4758 = ORIENTED_EDGE ( 'NONE', *, *, #3347, .T. ) ;
#4759 = ORIENTED_EDGE ( 'NONE', *, *, #503, .F. ) ;
#4760 = PRESENTATION_STYLE_ASSIGNMENT (( #6409 ) ) ;
#4761 = CARTESIAN_POINT ( 'NONE',  ( 2.249027405409662173, 0.1902858436350523264, -0.8100000000000235900 ) ) ;
#4762 = CARTESIAN_POINT ( 'NONE',  ( 1.500000000000001998, 0.5800000000000004041, 0.1599999999999843769 ) ) ;
#4763 = PLANE ( 'NONE',  #2342 ) ;
#4764 = DIRECTION ( 'NONE',  ( -1.047444401652940007E-14, 0.000000000000000000, -1.000000000000000000 ) ) ;
#4765 = CARTESIAN_POINT ( 'NONE',  ( -1.332873001103366332E-14, 0.3399999999999998024, -1.272500000000000187 ) ) ;
#4766 = CARTESIAN_POINT ( 'NONE',  ( -1.815873739763095074, 0.5142020143325679582, 1.460000000000019726 ) ) ;
#4767 = EDGE_LOOP ( 'NONE', ( #1569, #3415, #2656, #958 ) ) ;
#4768 = DIRECTION ( 'NONE',  ( -1.000000000000000000, 0.000000000000000000, 1.084202172485503961E-14 ) ) ;
#4769 = CARTESIAN_POINT ( 'NONE',  ( 2.259012843649071289, 0.3808193555679768583, -0.1600000000000234290 ) ) ;
#4770 = DIRECTION ( 'NONE',  ( 1.047444401652940007E-14, 0.000000000000000000, 1.000000000000000000 ) ) ;
#4771 = CARTESIAN_POINT ( 'NONE',  ( 2.239606933285929635, 0.01053252737922920866, -1.140000000000024105 ) ) ;
#4772 = DIRECTION ( 'NONE',  ( 1.047444401652940007E-14, 0.000000000000000000, 1.000000000000000000 ) ) ;
#4773 = LINE ( 'NONE', #6431, #6390 ) ;
#4774 = CARTESIAN_POINT ( 'NONE',  ( 0.8254999999999871330, 0.3399999999999998024, -1.272500000000008846 ) ) ;
#4775 = VERTEX_POINT ( 'NONE', #1574 ) ;
#4776 = CARTESIAN_POINT ( 'NONE',  ( 1.500000000000015321, 0.4800000000000010369, 1.459999999999984643 ) ) ;
#4777 =( GEOMETRIC_REPRESENTATION_CONTEXT ( 3 ) GLOBAL_UNCERTAINTY_ASSIGNED_CONTEXT ( ( #3460 ) ) GLOBAL_UNIT_ASSIGNED_CONTEXT ( ( #7145, #3227, #542 ) ) REPRESENTATION_CONTEXT ( 'NONE', 'WORKASPACE' ) );
#4778 = FACE_OUTER_BOUND ( 'NONE', #4931, .T. ) ;
#4779 = ORIENTED_EDGE ( 'NONE', *, *, #6090, .T. ) ;
#4780 = VECTOR ( 'NONE', #5058, 1000.000000000000114 ) ;
#4781 = AXIS2_PLACEMENT_3D ( 'NONE', #583, #2799, #44 ) ;
#4782 = LINE ( 'NONE', #5262, #2802 ) ;
#4783 = ORIENTED_EDGE ( 'NONE', *, *, #3317, .F. ) ;
#4784 = ORIENTED_EDGE ( 'NONE', *, *, #4171, .F. ) ;
#4785 = AXIS2_PLACEMENT_3D ( 'NONE', #2925, #1142, #3985 ) ;
#4786 = AXIS2_PLACEMENT_3D ( 'NONE', #4733, #6861, #4109 ) ;
#4787 = EDGE_CURVE ( 'NONE', #3465, #1582, #1644, .T. ) ;
#4788 = VECTOR ( 'NONE', #5436, 1000.000000000000000 ) ;
#4789 = EDGE_CURVE ( 'NONE', #4499, #6568, #529, .T. ) ;
#4790 = APPLICATION_PROTOCOL_DEFINITION ( 'draft international standard', 'automotive_design', 1998, #5536 ) ;
#4791 = CARTESIAN_POINT ( 'NONE',  ( -0.7054999999999816973, 0.3399999999999998024, 1.772500000000007958 ) ) ;
#4792 = CARTESIAN_POINT ( 'NONE',  ( -0.9454999999999817994, 0.3399999999999998024, 1.772500000000010623 ) ) ;
#4793 = PLANE ( 'NONE',  #6393 ) ;
#4794 = AXIS2_PLACEMENT_3D ( 'NONE', #6103, #2286, #653 ) ;
#4795 = CARTESIAN_POINT ( 'NONE',  ( -1.042328651854239396, 1.100000000000000089, -1.490642050501197247 ) ) ;
#4796 = ADVANCED_FACE ( 'NONE', ( #5473 ), #3727, .T. ) ;
#4797 = FILL_AREA_STYLE_COLOUR ( '', #3670 ) ;
#4798 = VERTEX_POINT ( 'NONE', #7057 ) ;
#4799 = PLANE ( 'NONE',  #4005 ) ;
#4800 = LINE ( 'NONE', #2606, #3847 ) ;
#4801 = ORIENTED_EDGE ( 'NONE', *, *, #1809, .F. ) ;
#4802 = DIRECTION ( 'NONE',  ( -1.804990327736802742E-15, -0.9848077530122080203, -0.1736481776669307753 ) ) ;
#4803 = DIRECTION ( 'NONE',  ( 1.000000000000000000, 0.000000000000000000, -1.236182315839216618E-14 ) ) ;
#4804 = ORIENTED_EDGE ( 'NONE', *, *, #4387, .F. ) ;
#4805 = PLANE ( 'NONE',  #6551 ) ;
#4806 = AXIS2_PLACEMENT_3D ( 'NONE', #6342, #4183, #6991 ) ;
#4807 = CARTESIAN_POINT ( 'NONE',  ( 1.721904477684531365, 0.4800000000000010369, 1.139999999999982361 ) ) ;
#4808 = AXIS2_PLACEMENT_3D ( 'NONE', #1646, #1112, #5006 ) ;
#4809 = AXIS2_PLACEMENT_3D ( 'NONE', #6133, #5023, #5637 ) ;
#4810 = CARTESIAN_POINT ( 'NONE',  ( 0.7055000000000190008, 0.2400000000000004075, 1.772499999999993525 ) ) ;
#4811 = DIRECTION ( 'NONE',  ( -1.000000000000000000, 0.000000000000000000, 1.047444401652940007E-14 ) ) ;
#4812 = ORIENTED_EDGE ( 'NONE', *, *, #6368, .T. ) ;
#4813 = FACE_OUTER_BOUND ( 'NONE', #1139, .T. ) ;
#4814 = AXIS2_PLACEMENT_3D ( 'NONE', #1760, #6709, #6197 ) ;
#4815 = ORIENTED_EDGE ( 'NONE', *, *, #1179, .T. ) ;
#4816 = PLANE ( 'NONE',  #2941 ) ;
#4817 = CARTESIAN_POINT ( 'NONE',  ( -2.239606933285929635, 0.01053252737922920866, 1.140000000000024105 ) ) ;
#4818 = CIRCLE ( 'NONE', #1089, 0.1907949898354945883 ) ;
#4819 = ADVANCED_FACE ( 'NONE', ( #3918 ), #5080, .F. ) ;
#4820 = DIRECTION ( 'NONE',  ( -0.000000000000000000, -1.000000000000000000, -0.000000000000000000 ) ) ;
#4821 = ORIENTED_EDGE ( 'NONE', *, *, #2553, .T. ) ;
#4822 = AXIS2_PLACEMENT_3D ( 'NONE', #2583, #7082, #6072 ) ;
#4823 = DIRECTION ( 'NONE',  ( 1.000000000000000000, 0.000000000000000000, -1.047444401652940007E-14 ) ) ;
#4824 = ORIENTED_EDGE ( 'NONE', *, *, #2060, .F. ) ;
#4825 = VECTOR ( 'NONE', #1464, 1000.000000000000000 ) ;
#4826 = ORIENTED_EDGE ( 'NONE', *, *, #1749, .F. ) ;
#4827 = VECTOR ( 'NONE', #5090, 1000.000000000000000 ) ;
#4828 = EDGE_CURVE ( 'NONE', #6706, #279, #4533, .T. ) ;
#4829 = EDGE_LOOP ( 'NONE', ( #4948, #1967, #5212, #2556 ) ) ;
#4830 = ORIENTED_EDGE ( 'NONE', *, *, #5653, .T. ) ;
#4831 = EDGE_CURVE ( 'NONE', #5301, #4531, #6224, .T. ) ;
#4832 = DIRECTION ( 'NONE',  ( -1.047444401652940007E-14, -0.000000000000000000, -1.000000000000000000 ) ) ;
#4833 = PLANE ( 'NONE',  #3031 ) ;
#4834 = CARTESIAN_POINT ( 'NONE',  ( -1.721904477684504053, 0.4800000000000010369, 1.460000000000018394 ) ) ;
#4835 = EDGE_CURVE ( 'NONE', #3471, #5433, #6703, .T. ) ;
#4836 = CARTESIAN_POINT ( 'NONE',  ( -1.985018411504564595, 0.5757656401311880279, 0.8100000000000211475 ) ) ;
#4837 = ORIENTED_EDGE ( 'NONE', *, *, #5154, .T. ) ;
#4838 = CARTESIAN_POINT ( 'NONE',  ( 0.9455000000000188809, 0.3399999999999998024, 1.772499999999990861 ) ) ;
#4839 = EDGE_CURVE ( 'NONE', #1068, #5065, #2810, .T. ) ;
#4840 = PLANE ( 'NONE',  #2563 ) ;
#4841 = ORIENTED_EDGE ( 'NONE', *, *, #6424, .F. ) ;
#4842 = CARTESIAN_POINT ( 'NONE',  ( 1.721904477684537804, 0.4800000000000010369, 1.789999999999982716 ) ) ;
#4843 = VECTOR ( 'NONE', #6842, 1000.000000000000000 ) ;
#4844 = CARTESIAN_POINT ( 'NONE',  ( -1.042328651854239396, 1.100000000000000089, -1.490642050501197247 ) ) ;
#4845 = ADVANCED_FACE ( 'NONE', ( #3949 ), #5654, .T. ) ;
#4846 = LINE ( 'NONE', #3155, #2330 ) ;
#4847 = DIRECTION ( 'NONE',  ( 0.9986295347545742773, -0.05233595624293795739, -1.046008915503958907E-14 ) ) ;
#4848 = EDGE_CURVE ( 'NONE', #1037, #801, #6778, .T. ) ;
#4849 = FACE_OUTER_BOUND ( 'NONE', #3218, .T. ) ;
#4850 = FACE_OUTER_BOUND ( 'NONE', #2488, .T. ) ;
#4851 = VERTEX_POINT ( 'NONE', #5619 ) ;
#4852 = CARTESIAN_POINT ( 'NONE',  ( 1.500000000000015321, 0.5800000000000004041, 1.459999999999985087 ) ) ;
#4853 = EDGE_CURVE ( 'NONE', #3710, #5371, #631, .T. ) ;
#4854 = ORIENTED_EDGE ( 'NONE', *, *, #2905, .F. ) ;
#4855 = DIRECTION ( 'NONE',  ( 1.047444401652940007E-14, 0.000000000000000000, 1.000000000000000000 ) ) ;
#4856 = DIRECTION ( 'NONE',  ( -0.3420201433256684354, 0.9396926207859085389, 3.582470843790075770E-15 ) ) ;
#4857 = CARTESIAN_POINT ( 'NONE',  ( 2.440579527876256982, -2.168404344971008868E-16, -1.460000000000025944 ) ) ;
#4858 = VERTEX_POINT ( 'NONE', #1174 ) ;
#4859 = VECTOR ( 'NONE', #4357, 1000.000000000000114 ) ;
#4860 = DIRECTION ( 'NONE',  ( -1.000000000000000000, 0.000000000000000000, 1.084202172485503961E-14 ) ) ;
#4861 = ORIENTED_EDGE ( 'NONE', *, *, #1748, .F. ) ;
#4862 = VECTOR ( 'NONE', #2542, 1000.000000000000000 ) ;
#4863 = ORIENTED_EDGE ( 'NONE', *, *, #6775, .F. ) ;
#4864 = VERTEX_POINT ( 'NONE', #2886 ) ;
#4865 = DIRECTION ( 'NONE',  ( 1.000000000000000000, 0.000000000000000000, -1.047444401652940007E-14 ) ) ;
#4866 = DIRECTION ( 'NONE',  ( 1.000000000000000000, 0.000000000000000000, -1.047444401652940007E-14 ) ) ;
#4867 = VECTOR ( 'NONE', #5912, 1000.000000000000000 ) ;
#4868 = DIRECTION ( 'NONE',  ( -1.000000000000000000, -0.000000000000000000, 1.047444401652940007E-14 ) ) ;
#4869 = ORIENTED_EDGE ( 'NONE', *, *, #96, .T. ) ;
#4870 = DIRECTION ( 'NONE',  ( -0.000000000000000000, -1.000000000000000000, -0.000000000000000000 ) ) ;
#4871 = CARTESIAN_POINT ( 'NONE',  ( 0.9454999999999869065, 0.3399999999999998024, -1.272500000000010623 ) ) ;
#4872 = ORIENTED_EDGE ( 'NONE', *, *, #5146, .T. ) ;
#4873 = LINE ( 'NONE', #7037, #846 ) ;
#4874 = VECTOR ( 'NONE', #6118, 1000.000000000000000 ) ;
#4875 = DIRECTION ( 'NONE',  ( 1.000000000000000000, -3.664421907340616418E-16, -1.047444401652940007E-14 ) ) ;
#4876 = CARTESIAN_POINT ( 'NONE',  ( 1.499999999999984679, 0.5800000000000004041, -1.460000000000016396 ) ) ;
#4877 = CARTESIAN_POINT ( 'NONE',  ( -0.7055000000000156701, 0.3399999999999998024, -1.422499999999993214 ) ) ;
#4878 = CARTESIAN_POINT ( 'NONE',  ( 1.721904477684517598, 0.4800000000000010369, -0.1600000000000180167 ) ) ;
#4879 = ORIENTED_EDGE ( 'NONE', *, *, #6237, .T. ) ;
#4880 = EDGE_CURVE ( 'NONE', #3399, #6937, #1282, .T. ) ;
#4881 = LINE ( 'NONE', #2068, #3419 ) ;
#4882 = ADVANCED_FACE ( 'NONE', ( #5582 ), #5042, .F. ) ;
#4883 = LINE ( 'NONE', #5827, #1416 ) ;
#4884 = ADVANCED_FACE ( 'NONE', ( #2303 ), #666, .F. ) ;
#4885 = EDGE_LOOP ( 'NONE', ( #6347, #3235, #1154, #3843 ) ) ;
#4886 = FACE_OUTER_BOUND ( 'NONE', #3857, .T. ) ;
#4887 = DIRECTION ( 'NONE',  ( -1.047444401652940007E-14, 0.000000000000000000, -1.000000000000000000 ) ) ;
#4888 = DIRECTION ( 'NONE',  ( 1.000000000000000000, 0.000000000000000000, -9.908630082471227708E-15 ) ) ;
#4889 = ORIENTED_EDGE ( 'NONE', *, *, #1730, .T. ) ;
#4890 = CARTESIAN_POINT ( 'NONE',  ( -0.8254999999999871330, 0.3399999999999998024, 1.272500000000008846 ) ) ;
#4891 = EDGE_LOOP ( 'NONE', ( #3677, #2388, #5406, #2165 ) ) ;
#4892 = CIRCLE ( 'NONE', #1278, 0.1750719788243587649 ) ;
#4893 = ORIENTED_EDGE ( 'NONE', *, *, #993, .T. ) ;
#4894 = ORIENTED_EDGE ( 'NONE', *, *, #1185, .T. ) ;
#4895 = AXIS2_PLACEMENT_3D ( 'NONE', #2139, #576, #463 ) ;
#4896 = EDGE_LOOP ( 'NONE', ( #1169, #4206, #4050, #7146 ) ) ;
#4897 = VECTOR ( 'NONE', #2329, 1000.000000000000000 ) ;
#4898 = CARTESIAN_POINT ( 'NONE',  ( -2.259012843649081059, 0.3808193555679768583, -0.8099999999999765166 ) ) ;
#4899 = DIRECTION ( 'NONE',  ( -1.000000000000000000, 0.000000000000000000, 1.022859097168414451E-14 ) ) ;
#4900 = CARTESIAN_POINT ( 'NONE',  ( -1.721904477684500723, 0.4800000000000010369, 1.790000000000018465 ) ) ;
#4901 = DIRECTION ( 'NONE',  ( 1.047444401652940007E-14, -0.000000000000000000, 1.000000000000000000 ) ) ;
#4902 = VECTOR ( 'NONE', #5998, 1000.000000000000000 ) ;
#4903 = ORIENTED_EDGE ( 'NONE', *, *, #6026, .T. ) ;
#4904 = VECTOR ( 'NONE', #884, 1000.000000000000000 ) ;
#4905 = VERTEX_POINT ( 'NONE', #4462 ) ;
#4906 = EDGE_CURVE ( 'NONE', #901, #4020, #6670, .T. ) ;
#4907 = DIRECTION ( 'NONE',  ( -0.3420201433256698786, 0.9396926207859079838, 3.582470843790090758E-15 ) ) ;
#4908 = FACE_OUTER_BOUND ( 'NONE', #4641, .T. ) ;
#4909 = ORIENTED_EDGE ( 'NONE', *, *, #468, .F. ) ;
#4910 = DIRECTION ( 'NONE',  ( 1.000000000000000000, 0.000000000000000000, -1.047444401652940007E-14 ) ) ;
#4911 = AXIS2_PLACEMENT_3D ( 'NONE', #1850, #5851, #6908 ) ;
#4912 = EDGE_LOOP ( 'NONE', ( #4755, #6757, #4318, #4460 ) ) ;
#4913 = STYLED_ITEM ( 'NONE', ( #2366 ), #1824 ) ;
#4914 = LINE ( 'NONE', #7003, #1951 ) ;
#4915 = LINE ( 'NONE', #2717, #2261 ) ;
#4916 = DIRECTION ( 'NONE',  ( 1.047444401652940007E-14, 0.000000000000000000, 1.000000000000000000 ) ) ;
#4917 = DIRECTION ( 'NONE',  ( 1.047444401652940007E-14, 0.000000000000000000, 1.000000000000000000 ) ) ;
#4918 = ORIENTED_EDGE ( 'NONE', *, *, #4528, .T. ) ;
#4919 = FACE_OUTER_BOUND ( 'NONE', #1704, .T. ) ;
#4920 = EDGE_CURVE ( 'NONE', #2154, #54, #6282, .T. ) ;
#4921 = DIRECTION ( 'NONE',  ( -0.9396926207859085389, 0.3420201433256684354, 9.842757749167790628E-15 ) ) ;
#4922 = FACE_OUTER_BOUND ( 'NONE', #3753, .T. ) ;
#4923 = EDGE_CURVE ( 'NONE', #1741, #6717, #5710, .T. ) ;
#4924 = DIRECTION ( 'NONE',  ( -1.000000000000000000, 0.000000000000000000, 1.045327707463171542E-14 ) ) ;
#4925 = ADVANCED_FACE ( 'NONE', ( #1751 ), #6258, .F. ) ;
#4926 = DIRECTION ( 'NONE',  ( -1.000000000000000000, -0.000000000000000000, 1.047444401652940007E-14 ) ) ;
#4927 = ORIENTED_EDGE ( 'NONE', *, *, #5826, .F. ) ;
#4928 = DIRECTION ( 'NONE',  ( 3.664421907340615925E-16, 1.000000000000000000, -3.862930115426472391E-30 ) ) ;
#4929 = ORIENTED_EDGE ( 'NONE', *, *, #76, .F. ) ;
#4930 = ORIENTED_EDGE ( 'NONE', *, *, #1831, .T. ) ;
#4931 = EDGE_LOOP ( 'NONE', ( #777, #2302, #4364, #1717 ) ) ;
#4932 = EDGE_CURVE ( 'NONE', #2902, #5684, #2387, .T. ) ;
#4933 = AXIS2_PLACEMENT_3D ( 'NONE', #2499, #4726, #6925 ) ;
#4934 = ORIENTED_EDGE ( 'NONE', *, *, #1997, .T. ) ;
#4935 = VERTEX_POINT ( 'NONE', #1829 ) ;
#4936 = CIRCLE ( 'NONE', #4124, 0.3707949898354948592 ) ;
#4937 = FACE_OUTER_BOUND ( 'NONE', #1145, .T. ) ;
#4938 = CARTESIAN_POINT ( 'NONE',  ( 1.500000000000018874, 0.7600000000000000089, 1.789999999999985159 ) ) ;
#4939 = VECTOR ( 'NONE', #1453, 1000.000000000000000 ) ;
#4940 = EDGE_CURVE ( 'NONE', #5337, #242, #596, .T. ) ;
#4941 = FACE_OUTER_BOUND ( 'NONE', #1706, .T. ) ;
#4942 = ORIENTED_EDGE ( 'NONE', *, *, #4716, .T. ) ;
#4943 = AXIS2_PLACEMENT_3D ( 'NONE', #7006, #4268, #2824 ) ;
#4944 = CARTESIAN_POINT ( 'NONE',  ( 2.259012843649064184, 0.3808193555679768583, -0.8100000000000237010 ) ) ;
#4945 = ORIENTED_EDGE ( 'NONE', *, *, #1349, .T. ) ;
#4946 = FACE_OUTER_BOUND ( 'NONE', #7142, .T. ) ;
#4947 = DIRECTION ( 'NONE',  ( -1.000000000000000000, 0.000000000000000000, 1.236182315839216618E-14 ) ) ;
#4948 = ORIENTED_EDGE ( 'NONE', *, *, #2021, .F. ) ;
#4949 = EDGE_LOOP ( 'NONE', ( #6510, #4293, #1132, #4511, #4047, #773, #525, #3795, #5482, #5588, #2378, #6206 ) ) ;
#4950 = DIRECTION ( 'NONE',  ( 1.047444401652940007E-14, 0.000000000000000000, 1.000000000000000000 ) ) ;
#4951 = DIRECTION ( 'NONE',  ( 0.3420201433256684354, 0.9396926207859085389, -3.582470843790075770E-15 ) ) ;
#4952 = EDGE_CURVE ( 'NONE', #1745, #53, #807, .T. ) ;
#4953 = DIRECTION ( 'NONE',  ( 1.000000000000000000, 0.000000000000000000, -1.047444401652940007E-14 ) ) ;
#4954 = PLANE ( 'NONE',  #1990 ) ;
#4955 = CIRCLE ( 'NONE', #414, 0.2800000000000000822 ) ;
#4956 = ORIENTED_EDGE ( 'NONE', *, *, #6022, .F. ) ;
#4957 = DIRECTION ( 'NONE',  ( -1.000000000000000000, -0.000000000000000000, 1.047444401652940007E-14 ) ) ;
#4958 = CARTESIAN_POINT ( 'NONE',  ( -1.721904477684504053, 0.5800000000000004041, 1.460000000000018394 ) ) ;
#4959 = EDGE_CURVE ( 'NONE', #3451, #4775, #2522, .T. ) ;
#4960 = ORIENTED_EDGE ( 'NONE', *, *, #6592, .T. ) ;
#4961 = LINE ( 'NONE', #7151, #6068 ) ;
#4962 =( GEOMETRIC_REPRESENTATION_CONTEXT ( 3 ) GLOBAL_UNCERTAINTY_ASSIGNED_CONTEXT ( ( #763 ) ) GLOBAL_UNIT_ASSIGNED_CONTEXT ( ( #4439, #6203, #3411 ) ) REPRESENTATION_CONTEXT ( 'NONE', 'WORKASPACE' ) );
#4963 = LINE ( 'NONE', #977, #1639 ) ;
#4964 = PLANE ( 'NONE',  #824 ) ;
#4965 = LINE ( 'NONE', #2558, #3184 ) ;
#4966 = EDGE_LOOP ( 'NONE', ( #4681, #4419, #6254, #7101 ) ) ;
#4967 = DIRECTION ( 'NONE',  ( 1.000000000000000000, 0.000000000000000000, -1.047444401652940007E-14 ) ) ;
#4968 = ORIENTED_EDGE ( 'NONE', *, *, #4920, .T. ) ;
#4969 = ORIENTED_EDGE ( 'NONE', *, *, #4032, .F. ) ;
#4970 = VERTEX_POINT ( 'NONE', #2419 ) ;
#4971 = EDGE_CURVE ( 'NONE', #3644, #2118, #6849, .T. ) ;
#4972 = CARTESIAN_POINT ( 'NONE',  ( 1.910579527876288042, 0.2540000000000005587, 1.459999999999980647 ) ) ;
#4973 = ADVANCED_FACE ( 'NONE', ( #1900 ), #1935, .T. ) ;
#4974 = FACE_OUTER_BOUND ( 'NONE', #6074, .T. ) ;
#4975 = CARTESIAN_POINT ( 'NONE',  ( 0.9455000000000188809, 0.3399999999999998024, 1.772499999999990861 ) ) ;
#4976 = ORIENTED_EDGE ( 'NONE', *, *, #1846, .T. ) ;
#4977 = EDGE_CURVE ( 'NONE', #277, #386, #843, .T. ) ;
#4978 = CARTESIAN_POINT ( 'NONE',  ( 2.259012843649060631, 0.3808193555679768583, -1.140000000000024105 ) ) ;
#4979 = CARTESIAN_POINT ( 'NONE',  ( 2.239606933285933188, 0.01053252737922920866, -0.8100000000000239231 ) ) ;
#4980 = ORIENTED_EDGE ( 'NONE', *, *, #3320, .T. ) ;
#4981 = CARTESIAN_POINT ( 'NONE',  ( 1.500000000000022427, 0.7600000000000000089, 2.019499999999983864 ) ) ;
#4982 = FACE_OUTER_BOUND ( 'NONE', #3373, .T. ) ;
#4983 = ORIENTED_EDGE ( 'NONE', *, *, #3293, .F. ) ;
#4984 = DIRECTION ( 'NONE',  ( 1.047444401652940007E-14, 0.000000000000000000, 1.000000000000000000 ) ) ;
#4985 = CARTESIAN_POINT ( 'NONE',  ( 2.249027405409683045, 0.1902858436350523264, 1.139999999999976810 ) ) ;
#4986 = CARTESIAN_POINT ( 'NONE',  ( 0.8255000000000134452, 0.2400000000000004075, 1.272499999999991527 ) ) ;
#4987 = FILL_AREA_STYLE_COLOUR ( '', #5985 ) ;
#4988 = ORIENTED_EDGE ( 'NONE', *, *, #76, .T. ) ;
#4989 = DIRECTION ( 'NONE',  ( -1.000000000000000000, 0.000000000000000000, 1.022859097168414451E-14 ) ) ;
#4990 = LINE ( 'NONE', #1664, #4560 ) ;
#4991 = PLANE ( 'NONE',  #812 ) ;
#4992 = DIRECTION ( 'NONE',  ( 1.000000000000000000, 0.000000000000000000, -1.047444401652940007E-14 ) ) ;
#4993 = CARTESIAN_POINT ( 'NONE',  ( -1.721904477684514045, 0.7600000000000000089, 0.4900000000000183098 ) ) ;
#4994 = DIRECTION ( 'NONE',  ( -1.047444401652940007E-14, 0.000000000000000000, -1.000000000000000000 ) ) ;
#4995 = VERTEX_POINT ( 'NONE', #2554 ) ;
#4996 = DIRECTION ( 'NONE',  ( -1.047444401652940007E-14, 0.000000000000000000, -1.000000000000000000 ) ) ;
#4997 = ORIENTED_EDGE ( 'NONE', *, *, #5634, .F. ) ;
#4998 = ORIENTED_EDGE ( 'NONE', *, *, #2963, .T. ) ;
#4999 = EDGE_LOOP ( 'NONE', ( #3255, #1439, #2486, #23 ) ) ;
#5000 = ORIENTED_EDGE ( 'NONE', *, *, #2389, .T. ) ;
#5001 = ADVANCED_FACE ( 'NONE', ( #208 ), #1965, .F. ) ;
#5002 = CARTESIAN_POINT ( 'NONE',  ( 1.985018411504568148, 0.5757656401311880279, -0.4900000000000210298 ) ) ;
#5003 = VECTOR ( 'NONE', #1772, 1000.000000000000000 ) ;
#5004 = DIRECTION ( 'NONE',  ( -1.000000000000000000, 0.000000000000000000, 1.084202172485503330E-14 ) ) ;
#5005 = ORIENTED_EDGE ( 'NONE', *, *, #2027, .F. ) ;
#5006 = DIRECTION ( 'NONE',  ( -1.000000000000000000, 0.000000000000000000, 1.022859097168414451E-14 ) ) ;
#5007 = EDGE_CURVE ( 'NONE', #2414, #2416, #365, .T. ) ;
#5008 = MECHANICAL_DESIGN_GEOMETRIC_PRESENTATION_REPRESENTATION (  '', ( #3379 ), #2906 ) ;
#5009 = EDGE_CURVE ( 'NONE', #5969, #1564, #6404, .T. ) ;
#5010 = DIRECTION ( 'NONE',  ( 1.047444401652940007E-14, -0.000000000000000000, 1.000000000000000000 ) ) ;
#5011 = VERTEX_POINT ( 'NONE', #309 ) ;
#5012 = DIRECTION ( 'NONE',  ( -1.000000000000000000, -1.742467777208845933E-15, 1.084202172485504118E-14 ) ) ;
#5013 = EDGE_LOOP ( 'NONE', ( #4298, #5163, #3040, #4385, #456, #425, #3576, #1205, #3233, #558, #7033, #3511 ) ) ;
#5014 = DIRECTION ( 'NONE',  ( 0.9986295347545742773, 0.05233595624293795739, -1.046008915503958907E-14 ) ) ;
#5015 = VECTOR ( 'NONE', #2129, 1000.000000000000114 ) ;
#5016 = FACE_OUTER_BOUND ( 'NONE', #2469, .T. ) ;
#5017 = VECTOR ( 'NONE', #5813, 1000.000000000000114 ) ;
#5018 = AXIS2_PLACEMENT_3D ( 'NONE', #1828, #3509, #5764 ) ;
#5019 = FACE_OUTER_BOUND ( 'NONE', #1243, .T. ) ;
#5020 = LINE ( 'NONE', #2173, #7079 ) ;
#5021 = AXIS2_PLACEMENT_3D ( 'NONE', #5297, #3580, #6297 ) ;
#5022 = ORIENTED_EDGE ( 'NONE', *, *, #4483, .F. ) ;
#5023 = DIRECTION ( 'NONE',  ( -0.9396926207859079838, -0.3420201433256698786, 9.842757749167782739E-15 ) ) ;
#5024 = CIRCLE ( 'NONE', #2108, 0.2800000000000000822 ) ;
#5025 = LINE ( 'NONE', #7184, #5487 ) ;
#5026 = ADVANCED_FACE ( 'NONE', ( #6891 ), #5863, .T. ) ;
#5027 = VERTEX_POINT ( 'NONE', #4685 ) ;
#5028 = FACE_OUTER_BOUND ( 'NONE', #375, .T. ) ;
#5029 = DIRECTION ( 'NONE',  ( 1.047444401652940007E-14, 0.000000000000000000, 1.000000000000000000 ) ) ;
#5030 = DIRECTION ( 'NONE',  ( -1.000000000000000000, -0.000000000000000000, 1.047444401652940007E-14 ) ) ;
#5031 = DIRECTION ( 'NONE',  ( 1.000000000000000000, 0.000000000000000000, -1.236182315839216618E-14 ) ) ;
#5032 = ORIENTED_EDGE ( 'NONE', *, *, #3584, .T. ) ;
#5033 = AXIS2_PLACEMENT_3D ( 'NONE', #3557, #5770, #3006 ) ;
#5034 = LINE ( 'NONE', #2839, #4466 ) ;
#5035 = ORIENTED_EDGE ( 'NONE', *, *, #3001, .T. ) ;
#5036 = ADVANCED_FACE ( 'NONE', ( #4754 ), #240, .T. ) ;
#5037 = ORIENTED_EDGE ( 'NONE', *, *, #2327, .F. ) ;
#5038 = VECTOR ( 'NONE', #1950, 1000.000000000000000 ) ;
#5039 = EDGE_LOOP ( 'NONE', ( #2607, #975, #3466, #4274 ) ) ;
#5040 = ORIENTED_EDGE ( 'NONE', *, *, #5247, .T. ) ;
#5041 = DIRECTION ( 'NONE',  ( -1.047444401652940007E-14, 0.000000000000000000, -1.000000000000000000 ) ) ;
#5042 = PLANE ( 'NONE',  #4093 ) ;
#5043 = EDGE_LOOP ( 'NONE', ( #7097, #7138, #5299, #206 ) ) ;
#5044 = VECTOR ( 'NONE', #2460, 1000.000000000000000 ) ;
#5045 = EDGE_CURVE ( 'NONE', #1062, #1037, #6986, .T. ) ;
#5046 = VECTOR ( 'NONE', #1636, 1000.000000000000000 ) ;
#5047 = CARTESIAN_POINT ( 'NONE',  ( 1.721904477684521151, 0.4800000000000010369, 0.1599999999999819622 ) ) ;
#5048 = ORIENTED_EDGE ( 'NONE', *, *, #1662, .F. ) ;
#5049 = DIRECTION ( 'NONE',  ( -1.047444401652940007E-14, 0.000000000000000000, -1.000000000000000000 ) ) ;
#5050 = ORIENTED_EDGE ( 'NONE', *, *, #3446, .T. ) ;
#5051 = LINE ( 'NONE', #606, #7108 ) ;
#5052 = EDGE_CURVE ( 'NONE', #4280, #4970, #6922, .T. ) ;
#5053 = LINE ( 'NONE', #5206, #1192 ) ;
#5054 = CARTESIAN_POINT ( 'NONE',  ( 1.721904477684514045, 0.7600000000000000089, -0.4900000000000183098 ) ) ;
#5055 = AXIS2_PLACEMENT_3D ( 'NONE', #1114, #5010, #533 ) ;
#5056 = VERTEX_POINT ( 'NONE', #1460 ) ;
#5057 = CARTESIAN_POINT ( 'NONE',  ( 2.239606933285960277, 0.01053252737922920866, 1.789999999999976943 ) ) ;
#5058 = DIRECTION ( 'NONE',  ( -0.3420201433256698786, 0.9396926207859079838, 3.582470843790090758E-15 ) ) ;
#5059 = ORIENTED_EDGE ( 'NONE', *, *, #5484, .T. ) ;
#5060 = PLANE ( 'NONE',  #5732 ) ;
#5061 = EDGE_CURVE ( 'NONE', #6622, #1936, #5765, .T. ) ;
#5062 = EDGE_CURVE ( 'NONE', #3503, #1123, #4782, .T. ) ;
#5063 = DIRECTION ( 'NONE',  ( -1.000000000000000000, 0.000000000000000000, 1.084202172485503961E-14 ) ) ;
#5064 = AXIS2_PLACEMENT_3D ( 'NONE', #99, #2309, #1718 ) ;
#5065 = VERTEX_POINT ( 'NONE', #3685 ) ;
#5066 = CARTESIAN_POINT ( 'NONE',  ( 0.7055000000000190008, 0.2400000000000004075, 1.772499999999993525 ) ) ;
#5067 = LINE ( 'NONE', #5134, #6003 ) ;
#5068 = EDGE_CURVE ( 'NONE', #13, #3095, #2998, .T. ) ;
#5069 = VECTOR ( 'NONE', #1380, 1000.000000000000000 ) ;
#5070 = CARTESIAN_POINT ( 'NONE',  ( 0.7054999999999862492, 0.2400000000000004075, -1.422500000000008091 ) ) ;
#5071 = CARTESIAN_POINT ( 'NONE',  ( -2.079724199617751346, 0.3155636257986206283, -1.459999999999978648 ) ) ;
#5072 = ORIENTED_EDGE ( 'NONE', *, *, #1274, .F. ) ;
#5073 = AXIS2_PLACEMENT_3D ( 'NONE', #3961, #4547, #1152 ) ;
#5074 = DIRECTION ( 'NONE',  ( -0.3420201433256698231, -0.9396926207859079838, 3.582470843790089969E-15 ) ) ;
#5075 = VERTEX_POINT ( 'NONE', #4174 ) ;
#5076 = ORIENTED_EDGE ( 'NONE', *, *, #4396, .F. ) ;
#5077 = ORIENTED_EDGE ( 'NONE', *, *, #3904, .F. ) ;
#5078 = ORIENTED_EDGE ( 'NONE', *, *, #2518, .F. ) ;
#5079 = DIRECTION ( 'NONE',  ( -1.000000000000000000, 0.000000000000000000, 1.057097118173366350E-14 ) ) ;
#5080 = PLANE ( 'NONE',  #4555 ) ;
#5081 = ORIENTED_EDGE ( 'NONE', *, *, #1926, .T. ) ;
#5082 = ORIENTED_EDGE ( 'NONE', *, *, #3518, .F. ) ;
#5083 = CARTESIAN_POINT ( 'NONE',  ( -0.8255000000000134452, 0.3399999999999998024, -1.272499999999991527 ) ) ;
#5084 = CARTESIAN_POINT ( 'NONE',  ( 1.721904477684510937, 0.5800000000000004041, -0.8100000000000183720 ) ) ;
#5085 = FACE_OUTER_BOUND ( 'NONE', #4829, .T. ) ;
#5086 = CARTESIAN_POINT ( 'NONE',  ( 2.239606933285960277, 0.01053252737922920866, 1.789999999999976943 ) ) ;
#5087 = AXIS2_PLACEMENT_3D ( 'NONE', #886, #4257, #916 ) ;
#5088 = CARTESIAN_POINT ( 'NONE',  ( 1.721904477684527812, 0.4800000000000010369, 0.8099999999999822897 ) ) ;
#5089 = CARTESIAN_POINT ( 'NONE',  ( -1.721904477684534696, 0.7600000000000000089, -1.459999999999982645 ) ) ;
#5090 = DIRECTION ( 'NONE',  ( -0.000000000000000000, -1.000000000000000000, -0.000000000000000000 ) ) ;
#5091 = CARTESIAN_POINT ( 'NONE',  ( 2.249027405409689706, 0.1902858436350523264, 1.789999999999977165 ) ) ;
#5092 = VECTOR ( 'NONE', #5281, 1000.000000000000000 ) ;
#5093 = CARTESIAN_POINT ( 'NONE',  ( -0.8672566730298806315, 1.100000000000000089, -1.490642050501199023 ) ) ;
#5094 = VERTEX_POINT ( 'NONE', #5229 ) ;
#5095 = CARTESIAN_POINT ( 'NONE',  ( -2.249027405409689706, 0.1902858436350523264, -1.789999999999977165 ) ) ;
#5096 = ADVANCED_FACE ( 'NONE', ( #5899 ), #6587, .F. ) ;
#5097 = CARTESIAN_POINT ( 'NONE',  ( 1.440048826559122475, 1.100000000000000089, -1.508371081486238377E-14 ) ) ;
#5098 = EDGE_LOOP ( 'NONE', ( #4304, #2523, #3325, #2343 ) ) ;
#5099 = CARTESIAN_POINT ( 'NONE',  ( 0.7054999999999816973, 0.2400000000000004075, -1.772500000000007958 ) ) ;
#5100 = CARTESIAN_POINT ( 'NONE',  ( -2.449999999999996181, 0.1797533162558246356, 0.4900000000000258038 ) ) ;
#5101 = AXIS2_PLACEMENT_3D ( 'NONE', #1847, #3083, #6350 ) ;
#5102 = ADVANCED_FACE ( 'NONE', ( #3717 ), #6513, .T. ) ;
#5103 = EDGE_CURVE ( 'NONE', #2879, #4750, #5967, .T. ) ;
#5104 = SURFACE_STYLE_FILL_AREA ( #2871 ) ;
#5105 = CARTESIAN_POINT ( 'NONE',  ( 1.500000000000021982, 0.5800000000000004041, 2.019499999999983864 ) ) ;
#5106 = LINE ( 'NONE', #726, #1672 ) ;
#5107 = AXIS2_PLACEMENT_3D ( 'NONE', #1762, #539, #3999 ) ;
#5108 = LINE ( 'NONE', #3464, #3175 ) ;
#5109 = ORIENTED_EDGE ( 'NONE', *, *, #5839, .F. ) ;
#5110 = ORIENTED_EDGE ( 'NONE', *, *, #2768, .T. ) ;
#5111 = VERTEX_POINT ( 'NONE', #5932 ) ;
#5112 = ORIENTED_EDGE ( 'NONE', *, *, #936, .T. ) ;
#5113 = ORIENTED_EDGE ( 'NONE', *, *, #565, .T. ) ;
#5114 = ORIENTED_EDGE ( 'NONE', *, *, #3975, .T. ) ;
#5115 = CARTESIAN_POINT ( 'NONE',  ( -1.721904477684517598, 0.4800000000000010369, 0.1600000000000180167 ) ) ;
#5116 = DIRECTION ( 'NONE',  ( 0.3420201433256684354, -0.9396926207859085389, -3.582470843790075770E-15 ) ) ;
#5117 = ORIENTED_EDGE ( 'NONE', *, *, #4835, .F. ) ;
#5118 = DIRECTION ( 'NONE',  ( -0.9986295347545742773, -0.05233595624293646553, 1.040457800380833282E-14 ) ) ;
#5119 = VERTEX_POINT ( 'NONE', #7021 ) ;
#5120 = FACE_OUTER_BOUND ( 'NONE', #1351, .T. ) ;
#5121 = ORIENTED_EDGE ( 'NONE', *, *, #3755, .F. ) ;
#5122 = CARTESIAN_POINT ( 'NONE',  ( -2.239606933285923418, 0.01053252737922920866, 1.790000000000024460 ) ) ;
#5123 = PLANE ( 'NONE',  #4492 ) ;
#5124 = PLANE ( 'NONE',  #566 ) ;
#5125 = DIRECTION ( 'NONE',  ( -0.3420201433256698231, -0.9396926207859079838, 3.582470843790089969E-15 ) ) ;
#5126 = EDGE_CURVE ( 'NONE', #1026, #5433, #6035, .T. ) ;
#5127 = PRESENTATION_STYLE_ASSIGNMENT (( #4001 ) ) ;
#5128 = LINE ( 'NONE', #1810, #6970 ) ;
#5129 = DIRECTION ( 'NONE',  ( -1.000000000000000000, 0.000000000000000000, 1.084202172485503961E-14 ) ) ;
#5130 = VECTOR ( 'NONE', #2908, 1000.000000000000000 ) ;
#5131 = FACE_OUTER_BOUND ( 'NONE', #1864, .T. ) ;
#5132 = ORIENTED_EDGE ( 'NONE', *, *, #4381, .T. ) ;
#5133 = CARTESIAN_POINT ( 'NONE',  ( -1.499999999999994893, 0.5800000000000004041, 0.4900000000000158118 ) ) ;
#5134 = CARTESIAN_POINT ( 'NONE',  ( 1.500000000000022427, 0.7600000000000000089, 2.019499999999983864 ) ) ;
#5135 = EDGE_CURVE ( 'NONE', #4015, #3208, #598, .T. ) ;
#5136 = AXIS2_PLACEMENT_3D ( 'NONE', #1385, #1319, #3654 ) ;
#5137 = PRODUCT_DEFINITION_CONTEXT ( 'detailed design', #5536, 'design' ) ;
#5138 = PRESENTATION_LAYER_ASSIGNMENT (  '', '', ( #1056 ) ) ;
#5139 = ADVANCED_FACE ( 'NONE', ( #6076 ), #982, .F. ) ;
#5140 = SURFACE_SIDE_STYLE ('',( #5183 ) ) ;
#5141 = CARTESIAN_POINT ( 'NONE',  ( 2.239606933285946511, 0.01053252737922920866, 0.4899999999999765654 ) ) ;
#5142 = LINE ( 'NONE', #6175, #5628 ) ;
#5143 = VECTOR ( 'NONE', #2107, 1000.000000000000000 ) ;
#5144 = VECTOR ( 'NONE', #3569, 1000.000000000000000 ) ;
#5145 = EDGE_CURVE ( 'NONE', #78, #5567, #446, .T. ) ;
#5146 = EDGE_CURVE ( 'NONE', #2153, #6731, #3168, .T. ) ;
#5147 = CYLINDRICAL_SURFACE ( 'NONE', #2706, 0.1907949898354945883 ) ;
#5148 = EDGE_LOOP ( 'NONE', ( #2085, #2131, #6442, #6401 ) ) ;
#5149 = ORIENTED_EDGE ( 'NONE', *, *, #3620, .F. ) ;
#5150 = EDGE_LOOP ( 'NONE', ( #4136, #2912, #3909, #3154 ) ) ;
#5151 = ORIENTED_EDGE ( 'NONE', *, *, #2688, .F. ) ;
#5152 = ORIENTED_EDGE ( 'NONE', *, *, #3867, .F. ) ;
#5153 =( NAMED_UNIT ( * ) SI_UNIT ( $, .STERADIAN. ) SOLID_ANGLE_UNIT ( ) );
#5154 = EDGE_CURVE ( 'NONE', #4643, #123, #1563, .T. ) ;
#5155 = CARTESIAN_POINT ( 'NONE',  ( 2.440579527876277410, -2.168404344971008868E-16, 0.4899999999999745115 ) ) ;
#5156 = ORIENTED_EDGE ( 'NONE', *, *, #5679, .F. ) ;
#5157 = VECTOR ( 'NONE', #4422, 1000.000000000000000 ) ;
#5158 = ORIENTED_EDGE ( 'NONE', *, *, #3376, .F. ) ;
#5159 = VECTOR ( 'NONE', #4275, 1000.000000000000000 ) ;
#5160 = VECTOR ( 'NONE', #2900, 1000.000000000000000 ) ;
#5161 = EDGE_CURVE ( 'NONE', #1582, #1422, #2042, .T. ) ;
#5162 = DIRECTION ( 'NONE',  ( 0.9986295347545742773, 0.05233595624293647247, -1.046008915503959065E-14 ) ) ;
#5163 = ORIENTED_EDGE ( 'NONE', *, *, #6516, .T. ) ;
#5164 = DIRECTION ( 'NONE',  ( -1.047444401652940007E-14, 0.000000000000000000, -1.000000000000000000 ) ) ;
#5165 = DIRECTION ( 'NONE',  ( 0.9986295347545742773, -0.05233595624293741616, -1.046008915503959065E-14 ) ) ;
#5166 = CARTESIAN_POINT ( 'NONE',  ( 0.9454999999999817994, 0.2400000000000004075, -1.772500000000010623 ) ) ;
#5167 = AXIS2_PLACEMENT_3D ( 'NONE', #2025, #3565, #3015 ) ;
#5168 = LINE ( 'NONE', #184, #1767 ) ;
#5169 = DIRECTION ( 'NONE',  ( 8.642576025897891774E-15, 0.000000000000000000, 1.000000000000000000 ) ) ;
#5170 = PLANE ( 'NONE',  #403 ) ;
#5171 = AXIS2_PLACEMENT_3D ( 'NONE', #6661, #1705, #5680 ) ;
#5172 = LINE ( 'NONE', #6270, #1916 ) ;
#5173 = PLANE ( 'NONE',  #2679 ) ;
#5174 = CIRCLE ( 'NONE', #283, 0.2800000000000000822 ) ;
#5175 = LINE ( 'NONE', #2280, #6274 ) ;
#5176 = ORIENTED_EDGE ( 'NONE', *, *, #6408, .F. ) ;
#5177 = DIRECTION ( 'NONE',  ( 1.047444401652940007E-14, 0.000000000000000000, 1.000000000000000000 ) ) ;
#5178 = VECTOR ( 'NONE', #6918, 1000.000000000000114 ) ;
#5179 = CARTESIAN_POINT ( 'NONE',  ( 0.9455000000000188809, 0.2400000000000004075, 1.772499999999990861 ) ) ;
#5180 = AXIS2_PLACEMENT_3D ( 'NONE', #5610, #6138, #2292 ) ;
#5181 = CARTESIAN_POINT ( 'NONE',  ( -2.259012843649085056, 0.3808193555679768583, -1.139999999999976588 ) ) ;
#5182 = LINE ( 'NONE', #2409, #1415 ) ;
#5183 = SURFACE_STYLE_FILL_AREA ( #6724 ) ;
#5184 = DIRECTION ( 'NONE',  ( 0.000000000000000000, 1.000000000000000000, 0.000000000000000000 ) ) ;
#5185 = CYLINDRICAL_SURFACE ( 'NONE', #3063, 0.1000000000000000472 ) ;
#5186 = EDGE_CURVE ( 'NONE', #758, #5620, #5393, .T. ) ;
#5187 = DIRECTION ( 'NONE',  ( -1.000000000000000000, 1.221473969113538888E-16, 1.047444401652940007E-14 ) ) ;
#5188 = ORIENTED_EDGE ( 'NONE', *, *, #4341, .T. ) ;
#5189 = ORIENTED_EDGE ( 'NONE', *, *, #1102, .T. ) ;
#5190 = ORIENTED_EDGE ( 'NONE', *, *, #4374, .T. ) ;
#5191 = ORIENTED_EDGE ( 'NONE', *, *, #5145, .F. ) ;
#5192 = AXIS2_PLACEMENT_3D ( 'NONE', #5786, #6945, #903 ) ;
#5193 = ORIENTED_EDGE ( 'NONE', *, *, #2484, .F. ) ;
#5194 = CARTESIAN_POINT ( 'NONE',  ( 2.450000000000016609, 0.1797533162558246356, 1.459999999999975095 ) ) ;
#5196 = EDGE_CURVE ( 'NONE', #659, #690, #1103, .T. ) ;
#5195 = DIRECTION ( 'NONE',  ( -0.05233595624293647247, -0.9986295347545742773, 5.481900437181704796E-16 ) ) ;
#5197 = ORIENTED_EDGE ( 'NONE', *, *, #3347, .F. ) ;
#5198 = ADVANCED_FACE ( 'NONE', ( #3204 ), #411, .T. ) ;
#5199 = ORIENTED_EDGE ( 'NONE', *, *, #1034, .T. ) ;
#5200 = ORIENTED_EDGE ( 'NONE', *, *, #4436, .F. ) ;
#5201 = ADVANCED_FACE ( 'NONE', ( #519 ), #2152, .F. ) ;
#5202 =( NAMED_UNIT ( * ) PLANE_ANGLE_UNIT ( ) SI_UNIT ( $, .RADIAN. ) );
#5203 = DIRECTION ( 'NONE',  ( -1.047444401652940007E-14, 0.000000000000000000, -1.000000000000000000 ) ) ;
#5204 = LINE ( 'NONE', #4179, #2101 ) ;
#5205 = ADVANCED_FACE ( 'NONE', ( #4315 ), #5428, .F. ) ;
#5206 = CARTESIAN_POINT ( 'NONE',  ( -2.249027405409669278, 0.1902858436350523264, 0.1600000000000235401 ) ) ;
#5207 = DIRECTION ( 'NONE',  ( 1.047444401652940007E-14, 0.000000000000000000, 1.000000000000000000 ) ) ;
#5208 = PLANE ( 'NONE',  #1209 ) ;
#5209 = DIRECTION ( 'NONE',  ( -0.9986295347545741663, 0.05233595624293794352, 1.046008915503958592E-14 ) ) ;
#5210 = LINE ( 'NONE', #1332, #6633 ) ;
#5211 = SURFACE_STYLE_FILL_AREA ( #3414 ) ;
#5212 = ORIENTED_EDGE ( 'NONE', *, *, #6641, .T. ) ;
#5213 = DIRECTION ( 'NONE',  ( 1.000000000000000000, 0.000000000000000000, -1.047444401652940007E-14 ) ) ;
#5214 = CARTESIAN_POINT ( 'NONE',  ( -1.500000000000005551, 0.4800000000000010369, -0.4899999999999845035 ) ) ;
#5215 = ORIENTED_EDGE ( 'NONE', *, *, #1531, .F. ) ;
#5216 = CARTESIAN_POINT ( 'NONE',  ( 0.9455000000000188809, 0.3399999999999998024, 1.772499999999990861 ) ) ;
#5217 = DIRECTION ( 'NONE',  ( -1.000000000000000000, 0.000000000000000000, 1.084202172485503961E-14 ) ) ;
#5218 = UNCERTAINTY_MEASURE_WITH_UNIT (LENGTH_MEASURE( 1.000000000000000082E-05 ), #3731, 'distance_accuracy_value', 'NONE');
#5219 = DIRECTION ( 'NONE',  ( -1.047444401652940007E-14, 0.000000000000000000, -1.000000000000000000 ) ) ;
#5220 = DIRECTION ( 'NONE',  ( -1.000000000000000000, 0.000000000000000000, 1.022859097168414451E-14 ) ) ;
#5221 = CARTESIAN_POINT ( 'NONE',  ( 2.259012843649071289, 0.3808193555679768583, -0.1600000000000234290 ) ) ;
#5222 = VECTOR ( 'NONE', #3044, 1000.000000000000000 ) ;
#5223 = ORIENTED_EDGE ( 'NONE', *, *, #384, .F. ) ;
#5224 = CARTESIAN_POINT ( 'NONE',  ( 1.721904477684521151, 0.5800000000000004041, 0.1599999999999819622 ) ) ;
#5225 = ORIENTED_EDGE ( 'NONE', *, *, #741, .F. ) ;
#5226 = VERTEX_POINT ( 'NONE', #5462 ) ;
#5227 = ORIENTED_EDGE ( 'NONE', *, *, #4701, .F. ) ;
#5228 =( LENGTH_UNIT ( ) NAMED_UNIT ( * ) SI_UNIT ( .MILLI., .METRE. ) );
#5229 = CARTESIAN_POINT ( 'NONE',  ( 0.9454999999999869065, 0.2400000000000004075, -1.272500000000010623 ) ) ;
#5230 = ORIENTED_EDGE ( 'NONE', *, *, #4172, .T. ) ;
#5231 = ORIENTED_EDGE ( 'NONE', *, *, #6690, .T. ) ;
#5232 = ADVANCED_FACE ( 'NONE', ( #2734 ), #479, .F. ) ;
#5233 = DIRECTION ( 'NONE',  ( 0.000000000000000000, 0.000000000000000000, 1.000000000000000000 ) ) ;
#5234 = CARTESIAN_POINT ( 'NONE',  ( -0.8254999999999869109, 0.3399999999999998024, 1.272500000000009068 ) ) ;
#5235 = CARTESIAN_POINT ( 'NONE',  ( -1.499999999999981570, 0.5800000000000004041, 1.790000000000016467 ) ) ;
#5236 = DIRECTION ( 'NONE',  ( 0.9986295347545742773, -0.05233595624293645165, -1.046008915503958750E-14 ) ) ;
#5237 = ADVANCED_FACE ( 'NONE', ( #8 ), #1135, .F. ) ;
#5238 = EDGE_CURVE ( 'NONE', #2416, #5639, #5034, .T. ) ;
#5239 = DIRECTION ( 'NONE',  ( 1.047444401652940007E-14, 0.000000000000000000, 1.000000000000000000 ) ) ;
#5240 = DIRECTION ( 'NONE',  ( -0.9986295347545741663, -0.05233595624293794352, 1.046008915503958592E-14 ) ) ;
#5241 = CARTESIAN_POINT ( 'NONE',  ( -1.500000000000008660, 0.7600000000000000089, -0.8099999999999843991 ) ) ;
#5242 = CARTESIAN_POINT ( 'NONE',  ( -2.259012843649064184, 0.3808193555679768583, 0.8100000000000237010 ) ) ;
#5243 = ORIENTED_EDGE ( 'NONE', *, *, #4038, .T. ) ;
#5244 = PLANE ( 'NONE',  #6070 ) ;
#5245 = CARTESIAN_POINT ( 'NONE',  ( -1.910579527876284045, 0.2540000000000005587, -1.139999999999980362 ) ) ;
#5246 = AXIS2_PLACEMENT_3D ( 'NONE', #262, #829, #6426 ) ;
#5247 = EDGE_CURVE ( 'NONE', #1607, #3215, #122, .T. ) ;
#5248 = ORIENTED_EDGE ( 'NONE', *, *, #128, .F. ) ;
#5249 = CARTESIAN_POINT ( 'NONE',  ( -0.9455000000000188809, 0.3399999999999998024, -1.772499999999990861 ) ) ;
#5250 = LINE ( 'NONE', #4193, #151 ) ;
#5251 = CARTESIAN_POINT ( 'NONE',  ( -1.440048826559101380, 0.2400000000000004075, 1.959548826559136758 ) ) ;
#5252 = FACE_OUTER_BOUND ( 'NONE', #2451, .T. ) ;
#5253 = DIRECTION ( 'NONE',  ( -1.000000000000000000, 0.000000000000000000, 1.022859097168414451E-14 ) ) ;
#5254 = EDGE_LOOP ( 'NONE', ( #6753, #2417, #1577, #3757 ) ) ;
#5255 = VECTOR ( 'NONE', #1007, 1000.000000000000341 ) ;
#5256 =( NAMED_UNIT ( * ) SI_UNIT ( $, .STERADIAN. ) SOLID_ANGLE_UNIT ( ) );
#5257 = ORIENTED_EDGE ( 'NONE', *, *, #327, .T. ) ;
#5258 = VECTOR ( 'NONE', #5834, 1000.000000000000114 ) ;
#5259 = VERTEX_POINT ( 'NONE', #553 ) ;
#5260 = AXIS2_PLACEMENT_3D ( 'NONE', #6581, #2142, #6403 ) ;
#5261 = EDGE_CURVE ( 'NONE', #2187, #5337, #4818, .T. ) ;
#5262 = CARTESIAN_POINT ( 'NONE',  ( -1.721904477684534696, 0.5800000000000004041, -1.459999999999982645 ) ) ;
#5263 = ORIENTED_EDGE ( 'NONE', *, *, #4166, .T. ) ;
#5264 = ORIENTED_EDGE ( 'NONE', *, *, #2662, .F. ) ;
#5265 = DIRECTION ( 'NONE',  ( -0.9986295347545742773, 0.05233595624293645165, 1.046008915503959065E-14 ) ) ;
#5266 = LINE ( 'NONE', #1835, #390 ) ;
#5267 = VECTOR ( 'NONE', #674, 1000.000000000000000 ) ;
#5268 = EDGE_CURVE ( 'NONE', #2293, #4648, #4046, .T. ) ;
#5269 = FACE_OUTER_BOUND ( 'NONE', #5298, .T. ) ;
#5270 = CARTESIAN_POINT ( 'NONE',  ( 1.985018411504588576, 0.5757656401311880279, 1.459999999999979536 ) ) ;
#5271 = DIRECTION ( 'NONE',  ( -1.000000000000000000, 0.000000000000000000, 1.084202172485503961E-14 ) ) ;
#5272 = ORIENTED_EDGE ( 'NONE', *, *, #6065, .F. ) ;
#5273 = CARTESIAN_POINT ( 'NONE',  ( 2.249027405409655511, 0.1902858436350523264, -1.460000000000023945 ) ) ;
#5274 = DIRECTION ( 'NONE',  ( 0.000000000000000000, 1.000000000000000000, 0.000000000000000000 ) ) ;
#5275 = ORIENTED_EDGE ( 'NONE', *, *, #6560, .F. ) ;
#5276 = CARTESIAN_POINT ( 'NONE',  ( -2.450000000000016609, 0.1797533162558246356, -1.459999999999974873 ) ) ;
#5277 = EDGE_CURVE ( 'NONE', #273, #5970, #2135, .T. ) ;
#5278 = DIRECTION ( 'NONE',  ( -1.000000000000000000, 0.000000000000000000, 1.051271849867537044E-14 ) ) ;
#5279 = EDGE_CURVE ( 'NONE', #415, #6883, #4598, .T. ) ;
#5280 = CARTESIAN_POINT ( 'NONE',  ( 1.332873001103366332E-14, 0.2400000000000004075, 1.272500000000000187 ) ) ;
#5281 = DIRECTION ( 'NONE',  ( 0.05233595624293647941, 0.9986295347545742773, -5.481900437181704796E-16 ) ) ;
#5282 = CLOSED_SHELL ( 'NONE', ( #1246, #632, #6333, #3449, #1019, #1609, #6691, #5096, #7158, #3764, #6950, #2391, #5198, #5806, #4271, #4973, #6337, #4082, #2289, #69, #2865, #7069, #1446, #5583, #4568, #3099, #2325, #1064, #220, #4613, #1530, #1259, #2248, #4417, #5440, #6146, #3014, #2288 ) ) ;
#5283 = DIRECTION ( 'NONE',  ( -0.9396926207859085389, 0.3420201433256684354, 9.842757749167790628E-15 ) ) ;
#5284 = CARTESIAN_POINT ( 'NONE',  ( -2.239606933285936741, 0.01053252737922920866, 0.4900000000000238609 ) ) ;
#5285 = VECTOR ( 'NONE', #5980, 1000.000000000000000 ) ;
#5286 = ADVANCED_FACE ( 'NONE', ( #2804 ), #5147, .F. ) ;
#5287 = DIRECTION ( 'NONE',  ( 0.9986295347545742773, 0.05233595624293741616, -1.046008915503959065E-14 ) ) ;
#5288 = ADVANCED_FACE ( 'NONE', ( #6729 ), #4493, .F. ) ;
#5289 = VECTOR ( 'NONE', #4336, 1000.000000000000000 ) ;
#5290 = VECTOR ( 'NONE', #5239, 1000.000000000000000 ) ;
#5291 = EDGE_CURVE ( 'NONE', #6313, #6706, #6547, .T. ) ;
#5292 = VERTEX_POINT ( 'NONE', #6140 ) ;
#5293 = ORIENTED_EDGE ( 'NONE', *, *, #2015, .F. ) ;
#5294 = CARTESIAN_POINT ( 'NONE',  ( 2.079724199617717595, 0.3155636257986206283, -1.790000000000022462 ) ) ;
#5295 = ORIENTED_EDGE ( 'NONE', *, *, #6715, .F. ) ;
#5296 = DIRECTION ( 'NONE',  ( 1.047444401652940007E-14, 0.000000000000000000, 1.000000000000000000 ) ) ;
#5297 = CARTESIAN_POINT ( 'NONE',  ( -1.721904477684534696, 0.4800000000000010369, -1.459999999999982645 ) ) ;
#5298 = EDGE_LOOP ( 'NONE', ( #62, #4603, #1914, #2182, #5673, #845, #5999, #6781, #6904, #6425, #5035, #1346 ) ) ;
#5299 = ORIENTED_EDGE ( 'NONE', *, *, #3402, .F. ) ;
#5300 = CIRCLE ( 'NONE', #4141, 0.1000000000000000472 ) ;
#5301 = VERTEX_POINT ( 'NONE', #6216 ) ;
#5302 = ORIENTED_EDGE ( 'NONE', *, *, #7156, .T. ) ;
#5303 = CARTESIAN_POINT ( 'NONE',  ( -2.249027405409686153, 0.1902858436350523264, -1.459999999999976650 ) ) ;
#5304 = DIRECTION ( 'NONE',  ( -3.664421907340615925E-16, 1.000000000000000000, 3.862930115426472391E-30 ) ) ;
#5305 = CARTESIAN_POINT ( 'NONE',  ( 0.8255000000000002336, 0.2400000000000004075, -8.646653535645023509E-15 ) ) ;
#5306 = AXIS2_PLACEMENT_3D ( 'NONE', #3375, #2755, #6164 ) ;
#5307 = DIRECTION ( 'NONE',  ( -1.000000000000000000, 0.000000000000000000, 1.045327707463172173E-14 ) ) ;
#5308 = PLANE ( 'NONE',  #4265 ) ;
#5309 = DIRECTION ( 'NONE',  ( -1.804990327736802742E-15, 0.9848077530122080203, -0.1736481776669307753 ) ) ;
#5310 = CARTESIAN_POINT ( 'NONE',  ( 0.9455000000000136628, 0.2400000000000004075, 1.272499999999990417 ) ) ;
#5311 = EDGE_LOOP ( 'NONE', ( #1785, #51, #4391, #2520 ) ) ;
#5312 = LINE ( 'NONE', #2470, #2483 ) ;
#5313 = LINE ( 'NONE', #3489, #1481 ) ;
#5314 = LINE ( 'NONE', #5810, #6736 ) ;
#5315 = DIRECTION ( 'NONE',  ( 1.047444401652940007E-14, -0.000000000000000000, 1.000000000000000000 ) ) ;
#5316 =( NAMED_UNIT ( * ) SI_UNIT ( $, .STERADIAN. ) SOLID_ANGLE_UNIT ( ) );
#5317 = DIRECTION ( 'NONE',  ( -1.047444401652940007E-14, 0.000000000000000000, -1.000000000000000000 ) ) ;
#5318 = CARTESIAN_POINT ( 'NONE',  ( -1.500000000000011990, 0.7600000000000000089, -1.139999999999984581 ) ) ;
#5319 = ADVANCED_FACE ( 'NONE', ( #4525 ), #1165, .F. ) ;
#5320 = VERTEX_POINT ( 'NONE', #6807 ) ;
#5321 = ADVANCED_FACE ( 'NONE', ( #5613 ), #1740, .F. ) ;
#5322 = DIRECTION ( 'NONE',  ( -0.9986295347545741663, 0.05233595624293794352, 1.046008915503958592E-14 ) ) ;
#5323 = ADVANCED_FACE ( 'NONE', ( #6177 ), #3323, .F. ) ;
#5324 = PLANE ( 'NONE',  #4588 ) ;
#5325 = EDGE_LOOP ( 'NONE', ( #1283, #4017, #698, #6030 ) ) ;
#5326 = DIRECTION ( 'NONE',  ( -1.047444401652940007E-14, -0.000000000000000000, -1.000000000000000000 ) ) ;
#5327 = ORIENTED_EDGE ( 'NONE', *, *, #6113, .F. ) ;
#5328 = ORIENTED_EDGE ( 'NONE', *, *, #6599, .T. ) ;
#5329 = ORIENTED_EDGE ( 'NONE', *, *, #4716, .F. ) ;
#5330 = FACE_OUTER_BOUND ( 'NONE', #6609, .T. ) ;
#5331 = LINE ( 'NONE', #951, #6162 ) ;
#5332 = CARTESIAN_POINT ( 'NONE',  ( -1.815873739763129047, 0.5142020143325679582, -1.789999999999981384 ) ) ;
#5333 = FACE_OUTER_BOUND ( 'NONE', #1710, .T. ) ;
#5334 = SURFACE_STYLE_USAGE ( .BOTH. , #5943 ) ;
#5335 = DIRECTION ( 'NONE',  ( 1.047444401652940007E-14, 0.000000000000000000, 1.000000000000000000 ) ) ;
#5336 = DIRECTION ( 'NONE',  ( 0.9986295347545742773, -0.05233595624293645165, -1.046008915503958750E-14 ) ) ;
#5337 = VERTEX_POINT ( 'NONE', #1240 ) ;
#5338 = CARTESIAN_POINT ( 'NONE',  ( 1.499999999999979128, 0.7600000000000000089, -2.019500000000017170 ) ) ;
#5339 = LINE ( 'NONE', #5376, #6596 ) ;
#5340 = EDGE_CURVE ( 'NONE', #348, #5465, #5108, .T. ) ;
#5341 = CARTESIAN_POINT ( 'NONE',  ( -2.249027405409662173, 0.1902858436350523264, 0.8100000000000235900 ) ) ;
#5342 = CARTESIAN_POINT ( 'NONE',  ( 1.499999999999984901, 0.7600000000000000089, -1.460000000000016174 ) ) ;
#5343 = LINE ( 'NONE', #2986, #1866 ) ;
#5344 = ORIENTED_EDGE ( 'NONE', *, *, #1531, .T. ) ;
#5345 = LINE ( 'NONE', #3571, #5514 ) ;
#5346 = CIRCLE ( 'NONE', #584, 0.1750719788243587649 ) ;
#5347 = EDGE_CURVE ( 'NONE', #3736, #1786, #6251, .T. ) ;
#5348 = ORIENTED_EDGE ( 'NONE', *, *, #5573, .T. ) ;
#5349 = CARTESIAN_POINT ( 'NONE',  ( 1.721904477684517598, 0.4800000000000010369, -0.1600000000000180167 ) ) ;
#5350 = EDGE_CURVE ( 'NONE', #6528, #4750, #5506, .T. ) ;
#5351 = DIRECTION ( 'NONE',  ( -0.9848077530122080203, -0.1736481776669307753, 1.042633597843300321E-14 ) ) ;
#5352 = ORIENTED_EDGE ( 'NONE', *, *, #2189, .F. ) ;
#5353 = AXIS2_PLACEMENT_3D ( 'NONE', #5410, #5521, #3254 ) ;
#5354 = ADVANCED_FACE ( 'NONE', ( #3021 ), #2954, .T. ) ;
#5355 = AXIS2_PLACEMENT_3D ( 'NONE', #1451, #5889, #329 ) ;
#5356 = DIRECTION ( 'NONE',  ( -0.9986295347545742773, 0.05233595624293645165, 1.046008915503959065E-14 ) ) ;
#5357 = VERTEX_POINT ( 'NONE', #2485 ) ;
#5358 = ORIENTED_EDGE ( 'NONE', *, *, #1399, .T. ) ;
#5359 = EDGE_CURVE ( 'NONE', #1136, #1166, #1275, .T. ) ;
#5360 = AXIS2_PLACEMENT_3D ( 'NONE', #3612, #4210, #880 ) ;
#5361 = VERTEX_POINT ( 'NONE', #4085 ) ;
#5362 = ORIENTED_EDGE ( 'NONE', *, *, #6878, .T. ) ;
#5363 = VECTOR ( 'NONE', #6304, 1000.000000000000341 ) ;
#5364 = CARTESIAN_POINT ( 'NONE',  ( -1.721904477684504053, 0.5800000000000004041, 1.460000000000018394 ) ) ;
#5365 = DIRECTION ( 'NONE',  ( 1.047444401652940007E-14, 0.000000000000000000, 1.000000000000000000 ) ) ;
#5366 = EDGE_CURVE ( 'NONE', #1742, #1015, #3500, .T. ) ;
#5367 = DIRECTION ( 'NONE',  ( -0.000000000000000000, -1.000000000000000000, -0.000000000000000000 ) ) ;
#5368 = ADVANCED_FACE ( 'NONE', ( #6289 ), #1308, .F. ) ;
#5369 = DIRECTION ( 'NONE',  ( -1.000000000000000000, 0.000000000000000000, 1.047444401652940007E-14 ) ) ;
#5370 = LINE ( 'NONE', #347, #1456 ) ;
#5371 = VERTEX_POINT ( 'NONE', #732 ) ;
#5372 = CARTESIAN_POINT ( 'NONE',  ( 1.489989661351307806E-14, 0.2400000000000004075, 1.422500000000000542 ) ) ;
#5373 = CARTESIAN_POINT ( 'NONE',  ( -1.910579527876284045, 0.2540000000000005587, -1.139999999999980362 ) ) ;
#5374 = ORIENTED_EDGE ( 'NONE', *, *, #6715, .T. ) ;
#5375 = CARTESIAN_POINT ( 'NONE',  ( 2.440579527876281407, -2.168404344971008868E-16, 0.8099999999999748512 ) ) ;
#5376 = CARTESIAN_POINT ( 'NONE',  ( -2.239606933285929635, 0.01053252737922920866, 1.140000000000024105 ) ) ;
#5377 = DIRECTION ( 'NONE',  ( -0.9986295347545742773, -0.05233595624293646553, 1.040457800380833282E-14 ) ) ;
#5378 = DIRECTION ( 'NONE',  ( 0.05233595624293647941, 0.9986295347545742773, -5.481900437181704796E-16 ) ) ;
#5379 = VECTOR ( 'NONE', #976, 1000.000000000000000 ) ;
#5380 = AXIS2_PLACEMENT_3D ( 'NONE', #7175, #3955, #2200 ) ;
#5381 = CARTESIAN_POINT ( 'NONE',  ( 0.7054999999999816973, 0.2400000000000004075, -1.772500000000007958 ) ) ;
#5382 = ORIENTED_EDGE ( 'NONE', *, *, #942, .F. ) ;
#5383 = DIRECTION ( 'NONE',  ( 3.664421907340615925E-16, 1.000000000000000000, -3.862930115426472391E-30 ) ) ;
#5384 = VERTEX_POINT ( 'NONE', #1345 ) ;
#5385 = CARTESIAN_POINT ( 'NONE',  ( 2.239606933285933188, 0.01053252737922920866, -0.8100000000000239231 ) ) ;
#5386 = LINE ( 'NONE', #1093, #6400 ) ;
#5387 = VECTOR ( 'NONE', #4907, 1000.000000000000114 ) ;
#5388 = DIRECTION ( 'NONE',  ( -1.000000000000000000, 0.000000000000000000, 1.084202172485504118E-14 ) ) ;
#5389 = CLOSED_SHELL ( 'NONE', ( #5205, #7080, #1225, #3538, #6648, #2143, #2195, #5237, #1353, #4649, #3905, #5368, #779, #4564 ) ) ;
#5390 = ADVANCED_FACE ( 'NONE', ( #2413 ), #4639, .F. ) ;
#5391 = ORIENTED_EDGE ( 'NONE', *, *, #5469, .F. ) ;
#5392 = AXIS2_PLACEMENT_3D ( 'NONE', #633, #1756, #2307 ) ;
#5393 = LINE ( 'NONE', #6553, #3885 ) ;
#5394 = VERTEX_POINT ( 'NONE', #2989 ) ;
#5395 = AXIS2_PLACEMENT_3D ( 'NONE', #4125, #2545, #3641 ) ;
#5396 = AXIS2_PLACEMENT_3D ( 'NONE', #6928, #3483, #3517 ) ;
#5397 = ORIENTED_EDGE ( 'NONE', *, *, #4906, .T. ) ;
#5398 = ORIENTED_EDGE ( 'NONE', *, *, #1000, .F. ) ;
#5399 = PLANE ( 'NONE',  #6868 ) ;
#5400 = EDGE_CURVE ( 'NONE', #3288, #2569, #4936, .T. ) ;
#5401 = VECTOR ( 'NONE', #670, 1000.000000000000000 ) ;
#5402 = DIRECTION ( 'NONE',  ( -0.000000000000000000, -1.000000000000000000, -0.000000000000000000 ) ) ;
#5403 = CARTESIAN_POINT ( 'NONE',  ( -1.499999999999988010, 0.5800000000000004041, 1.140000000000015890 ) ) ;
#5404 = AXIS2_PLACEMENT_3D ( 'NONE', #219, #5772, #1946 ) ;
#5405 = ADVANCED_FACE ( 'NONE', ( #1891 ), #4127, .F. ) ;
#5406 = ORIENTED_EDGE ( 'NONE', *, *, #5541, .F. ) ;
#5407 = EDGE_CURVE ( 'NONE', #4191, #5056, #423, .T. ) ;
#5408 = ORIENTED_EDGE ( 'NONE', *, *, #168, .F. ) ;
#5409 = CARTESIAN_POINT ( 'NONE',  ( -2.450000000000009948, 0.1797533162558246356, -0.8099999999999745182 ) ) ;
#5410 = CARTESIAN_POINT ( 'NONE',  ( -2.259012843649067737, 0.3808193555679768583, 0.4900000000000238609 ) ) ;
#5411 = ORIENTED_EDGE ( 'NONE', *, *, #3910, .T. ) ;
#5412 = EDGE_CURVE ( 'NONE', #6313, #6733, #5877, .T. ) ;
#5413 = DIRECTION ( 'NONE',  ( 1.047444401652940007E-14, 0.000000000000000000, 1.000000000000000000 ) ) ;
#5414 = PRODUCT_DEFINITION_SHAPE ( 'NONE', 'NONE',  #3331 ) ;
#5415 = MECHANICAL_DESIGN_GEOMETRIC_PRESENTATION_REPRESENTATION (  '', ( #3086 ), #6215 ) ;
#5416 = DIRECTION ( 'NONE',  ( 1.047444401652940007E-14, -0.000000000000000000, 1.000000000000000000 ) ) ;
#5417 = CARTESIAN_POINT ( 'NONE',  ( -1.042328651854239396, 1.100000000000000089, -1.490642050501197247 ) ) ;
#5418 = CARTESIAN_POINT ( 'NONE',  ( -1.721904477684537804, 0.5800000000000004041, -1.789999999999982716 ) ) ;
#5419 = FILL_AREA_STYLE_COLOUR ( '', #6618 ) ;
#5420 = DIRECTION ( 'NONE',  ( 1.047444401652940007E-14, 0.000000000000000000, 1.000000000000000000 ) ) ;
#5421 = ORIENTED_EDGE ( 'NONE', *, *, #4722, .F. ) ;
#5422 = DIRECTION ( 'NONE',  ( -1.000000000000000000, 3.664421907340615925E-16, 1.047444401652940007E-14 ) ) ;
#5423 = VERTEX_POINT ( 'NONE', #4291 ) ;
#5424 = CARTESIAN_POINT ( 'NONE',  ( -1.499999999999994893, 0.7600000000000000089, 0.4900000000000158118 ) ) ;
#5425 = LINE ( 'NONE', #7115, #2685 ) ;
#5426 = CARTESIAN_POINT ( 'NONE',  ( -0.7055000000000007931, 0.2400000000000004075, 7.389720253661501497E-15 ) ) ;
#5427 = ORIENTED_EDGE ( 'NONE', *, *, #6321, .F. ) ;
#5428 = PLANE ( 'NONE',  #4583 ) ;
#5429 = ORIENTED_EDGE ( 'NONE', *, *, #371, .T. ) ;
#5430 = ADVANCED_FACE ( 'NONE', ( #455 ), #6487, .F. ) ;
#5431 = EDGE_LOOP ( 'NONE', ( #6559, #6885, #994, #3100 ) ) ;
#5432 = AXIS2_PLACEMENT_3D ( 'NONE', #6136, #5641, #3935 ) ;
#5433 = VERTEX_POINT ( 'NONE', #1028 ) ;
#5434 = ORIENTED_EDGE ( 'NONE', *, *, #377, .T. ) ;
#5435 = EDGE_LOOP ( 'NONE', ( #436, #6379, #3574, #6985 ) ) ;
#5436 = DIRECTION ( 'NONE',  ( -1.000000000000000000, 1.221473969113538888E-16, 1.047444401652940007E-14 ) ) ;
#5437 = CARTESIAN_POINT ( 'NONE',  ( 2.440579527876256982, -2.168404344971008868E-16, -1.460000000000025944 ) ) ;
#5438 = VECTOR ( 'NONE', #1036, 999.9999999999998863 ) ;
#5439 = CARTESIAN_POINT ( 'NONE',  ( 1.721904477684524482, 0.4800000000000010369, 0.4899999999999822275 ) ) ;
#5440 = ADVANCED_FACE ( 'NONE', ( #920 ), #3697, .F. ) ;
#5441 = ORIENTED_EDGE ( 'NONE', *, *, #5801, .T. ) ;
#5442 = CARTESIAN_POINT ( 'NONE',  ( -1.042328651854239396, 1.000000000000000666, -1.490642050501197247 ) ) ;
#5443 = ORIENTED_EDGE ( 'NONE', *, *, #2987, .F. ) ;
#5444 = CARTESIAN_POINT ( 'NONE',  ( 1.910579527876266948, 0.2540000000000005587, -0.4900000000000202527 ) ) ;
#5445 = ORIENTED_EDGE ( 'NONE', *, *, #5847, .F. ) ;
#5446 = FACE_OUTER_BOUND ( 'NONE', #2077, .T. ) ;
#5447 = EDGE_CURVE ( 'NONE', #3758, #3650, #3109, .T. ) ;
#5448 = EDGE_CURVE ( 'NONE', #6863, #1462, #3216, .T. ) ;
#5449 = CARTESIAN_POINT ( 'NONE',  ( -2.449999999999982414, 0.1797533162558246356, 1.790000000000026015 ) ) ;
#5450 = FACE_OUTER_BOUND ( 'NONE', #6946, .T. ) ;
#5451 = CARTESIAN_POINT ( 'NONE',  ( 2.450000000000016609, 0.1797533162558246356, 1.459999999999974873 ) ) ;
#5452 = CARTESIAN_POINT ( 'NONE',  ( -1.500000000000001998, 0.5800000000000004041, -0.1599999999999843769 ) ) ;
#5453 = LINE ( 'NONE', #398, #1171 ) ;
#5454 = EDGE_LOOP ( 'NONE', ( #3915, #1075, #6377, #7161 ) ) ;
#5455 = PLANE ( 'NONE',  #289 ) ;
#5456 = EDGE_CURVE ( 'NONE', #5320, #3526, #2492, .T. ) ;
#5457 =( NAMED_UNIT ( * ) PLANE_ANGLE_UNIT ( ) SI_UNIT ( $, .RADIAN. ) );
#5458 = DIRECTION ( 'NONE',  ( 1.000000000000000000, 0.000000000000000000, -1.047444401652940007E-14 ) ) ;
#5459 = DIRECTION ( 'NONE',  ( 0.000000000000000000, 1.000000000000000000, 0.000000000000000000 ) ) ;
#5460 = DIRECTION ( 'NONE',  ( 1.000000000000000000, -0.000000000000000000, -1.047444401652940007E-14 ) ) ;
#5461 = ORIENTED_EDGE ( 'NONE', *, *, #5068, .F. ) ;
#5462 = CARTESIAN_POINT ( 'NONE',  ( -2.440579527876256982, -2.168404344971008868E-16, 1.460000000000025944 ) ) ;
#5463 = ORIENTED_EDGE ( 'NONE', *, *, #5882, .T. ) ;
#5464 = VECTOR ( 'NONE', #1478, 1000.000000000000000 ) ;
#5465 = VERTEX_POINT ( 'NONE', #3147 ) ;
#5466 = ORIENTED_EDGE ( 'NONE', *, *, #5971, .F. ) ;
#5467 = AXIS2_PLACEMENT_3D ( 'NONE', #6430, #3705, #359 ) ;
#5468 = ORIENTED_EDGE ( 'NONE', *, *, #6685, .F. ) ;
#5469 = EDGE_CURVE ( 'NONE', #54, #2028, #2019, .T. ) ;
#5470 = AXIS2_PLACEMENT_3D ( 'NONE', #897, #4811, #7010 ) ;
#5471 = CARTESIAN_POINT ( 'NONE',  ( -2.259012843649071289, 0.3808193555679768583, 0.1600000000000234290 ) ) ;
#5472 = DIRECTION ( 'NONE',  ( -1.047444401652940007E-14, 0.000000000000000000, -1.000000000000000000 ) ) ;
#5473 = FACE_OUTER_BOUND ( 'NONE', #4644, .T. ) ;
#5474 = CARTESIAN_POINT ( 'NONE',  ( 1.721904477684524482, 0.5800000000000004041, 0.4899999999999822275 ) ) ;
#5475 = CIRCLE ( 'NONE', #5033, 0.3707949898354948592 ) ;
#5476 = CIRCLE ( 'NONE', #1635, 0.1907949898354945883 ) ;
#5477 = VERTEX_POINT ( 'NONE', #3734 ) ;
#5478 =( GEOMETRIC_REPRESENTATION_CONTEXT ( 3 ) GLOBAL_UNCERTAINTY_ASSIGNED_CONTEXT ( ( #1201 ) ) GLOBAL_UNIT_ASSIGNED_CONTEXT ( ( #207, #3548, #5153 ) ) REPRESENTATION_CONTEXT ( 'NONE', 'WORKASPACE' ) );
#5479 = DIRECTION ( 'NONE',  ( 0.000000000000000000, -1.000000000000000000, 0.000000000000000000 ) ) ;
#5480 = EDGE_LOOP ( 'NONE', ( #3129, #3214, #2929, #5117 ) ) ;
#5481 = PLANE ( 'NONE',  #5594 ) ;
#5482 = ORIENTED_EDGE ( 'NONE', *, *, #3741, .T. ) ;
#5483 = ORIENTED_EDGE ( 'NONE', *, *, #5196, .T. ) ;
#5484 = EDGE_CURVE ( 'NONE', #1087, #7088, #7135, .T. ) ;
#5485 = CARTESIAN_POINT ( 'NONE',  ( -1.500000000000005551, 0.5800000000000004041, -0.4899999999999845035 ) ) ;
#5486 = VECTOR ( 'NONE', #7042, 1000.000000000000000 ) ;
#5487 = VECTOR ( 'NONE', #1731, 1000.000000000000000 ) ;
#5488 = LINE ( 'NONE', #4230, #3936 ) ;
#5489 = FACE_OUTER_BOUND ( 'NONE', #369, .T. ) ;
#5490 = LINE ( 'NONE', #5418, #5647 ) ;
#5491 = DIRECTION ( 'NONE',  ( -0.000000000000000000, -1.000000000000000000, -0.000000000000000000 ) ) ;
#5492 = CARTESIAN_POINT ( 'NONE',  ( 1.499999999999991784, 0.5800000000000004041, -0.8100000000000159295 ) ) ;
#5493 = DIRECTION ( 'NONE',  ( -1.000000000000000000, 0.000000000000000000, 1.045480666325306653E-14 ) ) ;
#5494 = AXIS2_PLACEMENT_3D ( 'NONE', #452, #6628, #7166 ) ;
#5495 = EDGE_LOOP ( 'NONE', ( #1825, #1473, #3749, #276 ) ) ;
#5496 = PLANE ( 'NONE',  #3521 ) ;
#5497 = DIRECTION ( 'NONE',  ( -1.047444401652940007E-14, 0.000000000000000000, -1.000000000000000000 ) ) ;
#5498 = EDGE_CURVE ( 'NONE', #3618, #5970, #4224, .T. ) ;
#5499 = EDGE_CURVE ( 'NONE', #4530, #4491, #4351, .T. ) ;
#5500 = DIRECTION ( 'NONE',  ( 1.000000000000000000, -0.000000000000000000, -1.402715769532989942E-14 ) ) ;
#5501 = LINE ( 'NONE', #2181, #743 ) ;
#5502 = ORIENTED_EDGE ( 'NONE', *, *, #3387, .F. ) ;
#5503 = EDGE_CURVE ( 'NONE', #6132, #242, #1544, .T. ) ;
#5504 = CARTESIAN_POINT ( 'NONE',  ( 2.249027405409655511, 0.1902858436350523264, -1.460000000000023945 ) ) ;
#5505 = ORIENTED_EDGE ( 'NONE', *, *, #5052, .T. ) ;
#5506 = CIRCLE ( 'NONE', #50, 0.1907949898354945883 ) ;
#5507 = ORIENTED_EDGE ( 'NONE', *, *, #5448, .T. ) ;
#5508 = CLOSED_SHELL ( 'NONE', ( #35, #5846, #2632, #1045, #904, #335, #224, #6823, #1921, #1096, #2875, #5036, #827, #5354 ) ) ;
#5509 = ORIENTED_EDGE ( 'NONE', *, *, #1129, .F. ) ;
#5510 = ORIENTED_EDGE ( 'NONE', *, *, #1493, .F. ) ;
#5511 = VECTOR ( 'NONE', #1687, 1000.000000000000000 ) ;
#5512 = LINE ( 'NONE', #3285, #1172 ) ;
#5513 = DIRECTION ( 'NONE',  ( 1.047444401652940007E-14, -0.000000000000000000, 1.000000000000000000 ) ) ;
#5514 = VECTOR ( 'NONE', #6467, 1000.000000000000000 ) ;
#5515 = LINE ( 'NONE', #2122, #1999 ) ;
#5516 = ORIENTED_EDGE ( 'NONE', *, *, #1383, .T. ) ;
#5517 = VECTOR ( 'NONE', #1908, 1000.000000000000000 ) ;
#5518 = DIRECTION ( 'NONE',  ( -1.000000000000000000, 0.000000000000000000, 1.022859097168414451E-14 ) ) ;
#5519 = CARTESIAN_POINT ( 'NONE',  ( -2.440579527876290733, -2.168404344971008868E-16, -1.789999999999974944 ) ) ;
#5520 = ORIENTED_EDGE ( 'NONE', *, *, #2546, .T. ) ;
#5521 = DIRECTION ( 'NONE',  ( -1.047444401652940007E-14, 0.000000000000000000, -1.000000000000000000 ) ) ;
#5522 = LINE ( 'NONE', #5591, #2375 ) ;
#5523 = ORIENTED_EDGE ( 'NONE', *, *, #4517, .F. ) ;
#5524 = CARTESIAN_POINT ( 'NONE',  ( 0.7055000000000156701, 0.3399999999999998024, 1.422499999999993214 ) ) ;
#5525 = FACE_OUTER_BOUND ( 'NONE', #1381, .T. ) ;
#5526 = CARTESIAN_POINT ( 'NONE',  ( 1.499999999999988010, 0.4800000000000010369, -1.140000000000015890 ) ) ;
#5527 = PRESENTATION_LAYER_ASSIGNMENT (  '', '', ( #3907 ) ) ;
#5528 = SURFACE_SIDE_STYLE ('',( #2678 ) ) ;
#5529 = AXIS2_PLACEMENT_3D ( 'NONE', #3092, #1893, #5322 ) ;
#5530 = VERTEX_POINT ( 'NONE', #4838 ) ;
#5531 = DIRECTION ( 'NONE',  ( -0.000000000000000000, -1.000000000000000000, -0.000000000000000000 ) ) ;
#5532 = LINE ( 'NONE', #4484, #3035 ) ;
#5533 = ORIENTED_EDGE ( 'NONE', *, *, #1660, .F. ) ;
#5534 = DIRECTION ( 'NONE',  ( -0.1736481776669307753, -0.9848077530122080203, 1.804990327736802742E-15 ) ) ;
#5535 = DIRECTION ( 'NONE',  ( 0.9986295347545742773, 0.05233595624293795739, -1.046008915503958907E-14 ) ) ;
#5536 = APPLICATION_CONTEXT ( 'automotive_design' ) ;
#5537 = ADVANCED_FACE ( 'NONE', ( #4946 ), #960, .F. ) ;
#5538 = CARTESIAN_POINT ( 'NONE',  ( -1.500000000000008660, 0.5800000000000004041, -0.8099999999999843991 ) ) ;
#5539 = DIRECTION ( 'NONE',  ( -1.047444401652940007E-14, 0.000000000000000000, -1.000000000000000000 ) ) ;
#5540 = ORIENTED_EDGE ( 'NONE', *, *, #317, .F. ) ;
#5541 = EDGE_CURVE ( 'NONE', #1640, #4798, #2055, .T. ) ;
#5542 = ADVANCED_FACE ( 'NONE', ( #6417 ), #4360, .F. ) ;
#5543 = CARTESIAN_POINT ( 'NONE',  ( 1.499999999999998446, 0.5800000000000004041, -0.1600000000000157130 ) ) ;
#5544 = ORIENTED_EDGE ( 'NONE', *, *, #4940, .F. ) ;
#5545 = ORIENTED_EDGE ( 'NONE', *, *, #4932, .T. ) ;
#5546 = ORIENTED_EDGE ( 'NONE', *, *, #1934, .T. ) ;
#5547 = ADVANCED_FACE ( 'NONE', ( #3665 ), #4799, .F. ) ;
#5548 = CARTESIAN_POINT ( 'NONE',  ( 2.079724199617721148, 0.3155636257986206283, -1.460000000000022391 ) ) ;
#5549 = DIRECTION ( 'NONE',  ( 1.047444401652940007E-14, 0.000000000000000000, 1.000000000000000000 ) ) ;
#5550 = ORIENTED_EDGE ( 'NONE', *, *, #5794, .F. ) ;
#5551 = LINE ( 'NONE', #6672, #5662 ) ;
#5552 = LINE ( 'NONE', #5083, #5849 ) ;
#5553 = ORIENTED_EDGE ( 'NONE', *, *, #117, .T. ) ;
#5554 = DIRECTION ( 'NONE',  ( -0.000000000000000000, -1.000000000000000000, -0.000000000000000000 ) ) ;
#5555 = VERTEX_POINT ( 'NONE', #6154 ) ;
#5556 = LINE ( 'NONE', #4431, #2819 ) ;
#5557 = AXIS2_PLACEMENT_3D ( 'NONE', #3702, #4803, #5986 ) ;
#5558 = LINE ( 'NONE', #609, #6943 ) ;
#5559 = DIRECTION ( 'NONE',  ( 0.05233595624293647941, -0.9986295347545742773, -5.481900437181704796E-16 ) ) ;
#5560 = SURFACE_STYLE_FILL_AREA ( #33 ) ;
#5561 = VECTOR ( 'NONE', #1109, 1000.000000000000000 ) ;
#5562 = CYLINDRICAL_SURFACE ( 'NONE', #5698, 0.3707949898354948592 ) ;
#5563 = ORIENTED_EDGE ( 'NONE', *, *, #2201, .F. ) ;
#5564 = PLANE ( 'NONE',  #2943 ) ;
#5565 = EDGE_CURVE ( 'NONE', #7020, #3125, #855, .T. ) ;
#5566 = DIRECTION ( 'NONE',  ( -0.000000000000000000, -1.000000000000000000, -0.000000000000000000 ) ) ;
#5567 = VERTEX_POINT ( 'NONE', #2271 ) ;
#5568 = DIRECTION ( 'NONE',  ( -1.000000000000000000, 0.000000000000000000, 1.045480666325306653E-14 ) ) ;
#5569 = LINE ( 'NONE', #5675, #1591 ) ;
#5570 = LINE ( 'NONE', #4595, #3384 ) ;
#5571 = PLANE ( 'NONE',  #1091 ) ;
#5572 = EDGE_LOOP ( 'NONE', ( #5151, #1728, #3344, #5864, #555, #5509, #2260, #310, #311, #1826, #906, #3699 ) ) ;
#5573 = EDGE_CURVE ( 'NONE', #4995, #6366, #6091, .T. ) ;
#5575 = ADVANCED_FACE ( 'NONE', ( #3440 ), #3335, .F. ) ;
#5574 = CARTESIAN_POINT ( 'NONE',  ( -2.259012843649074398, 0.3808193555679768583, -0.1599999999999764388 ) ) ;
#5576 = ORIENTED_EDGE ( 'NONE', *, *, #6759, .T. ) ;
#5577 = ORIENTED_EDGE ( 'NONE', *, *, #3828, .T. ) ;
#5578 = ORIENTED_EDGE ( 'NONE', *, *, #2194, .F. ) ;
#5579 = EDGE_CURVE ( 'NONE', #465, #3471, #5552, .T. ) ;
#5580 = LINE ( 'NONE', #4421, #6020 ) ;
#5581 = AXIS2_PLACEMENT_3D ( 'NONE', #5133, #5607, #2834 ) ;
#5583 = ADVANCED_FACE ( 'NONE', ( #568 ), #3989, .F. ) ;
#5582 = FACE_OUTER_BOUND ( 'NONE', #996, .T. ) ;
#5584 = ORIENTED_EDGE ( 'NONE', *, *, #3420, .F. ) ;
#5585 = VECTOR ( 'NONE', #4917, 1000.000000000000000 ) ;
#5586 = DIRECTION ( 'NONE',  ( 1.047444401652940007E-14, -0.000000000000000000, 1.000000000000000000 ) ) ;
#5587 = EDGE_CURVE ( 'NONE', #416, #6485, #1178, .T. ) ;
#5588 = ORIENTED_EDGE ( 'NONE', *, *, #7084, .T. ) ;
#5589 = EDGE_CURVE ( 'NONE', #736, #6708, #3886, .T. ) ;
#5590 = LINE ( 'NONE', #5084, #2394 ) ;
#5591 = CARTESIAN_POINT ( 'NONE',  ( -1.500000000000015321, 0.5800000000000004041, -1.459999999999984643 ) ) ;
#5592 = PLANE ( 'NONE',  #2238 ) ;
#5593 = EDGE_CURVE ( 'NONE', #2272, #5301, #1094, .T. ) ;
#5594 = AXIS2_PLACEMENT_3D ( 'NONE', #6051, #6016, #1030 ) ;
#5595 = DIRECTION ( 'NONE',  ( 1.000000000000000000, 0.000000000000000000, -1.047444401652940007E-14 ) ) ;
#5596 = DIRECTION ( 'NONE',  ( 0.3420201433256684354, 0.9396926207859085389, -3.582470843790075770E-15 ) ) ;
#5597 = AXIS2_PLACEMENT_3D ( 'NONE', #3089, #5317, #1343 ) ;
#5598 = CIRCLE ( 'NONE', #3732, 0.3707949898354946372 ) ;
#5599 = DIRECTION ( 'NONE',  ( 1.047444401652940007E-14, 0.000000000000000000, 1.000000000000000000 ) ) ;
#5600 = CARTESIAN_POINT ( 'NONE',  ( 0.8254999999999871330, 0.3399999999999998024, -1.272500000000008846 ) ) ;
#5601 = DIRECTION ( 'NONE',  ( -1.000000000000000000, 0.000000000000000000, 1.052637691431445486E-14 ) ) ;
#5602 = AXIS2_PLACEMENT_3D ( 'NONE', #2227, #4570, #5688 ) ;
#5603 = ORIENTED_EDGE ( 'NONE', *, *, #5007, .F. ) ;
#5604 = DIRECTION ( 'NONE',  ( 1.000000000000000000, 0.000000000000000000, -1.047444401652940007E-14 ) ) ;
#5605 = AXIS2_PLACEMENT_3D ( 'NONE', #2683, #6541, #5493 ) ;
#5606 = CARTESIAN_POINT ( 'NONE',  ( 1.721904477684504053, 0.4800000000000010369, -1.460000000000018394 ) ) ;
#5607 = DIRECTION ( 'NONE',  ( -3.664421907340615925E-16, 1.000000000000000000, 3.862930115426472391E-30 ) ) ;
#5608 = CYLINDRICAL_SURFACE ( 'NONE', #5432, 0.2800000000000003042 ) ;
#5609 = FACE_OUTER_BOUND ( 'NONE', #1878, .T. ) ;
#5610 = CARTESIAN_POINT ( 'NONE',  ( -1.985018411504554603, 0.5757656401311880279, 1.790000000000021574 ) ) ;
#5611 = VERTEX_POINT ( 'NONE', #3366 ) ;
#5612 = CIRCLE ( 'NONE', #948, 0.3707949898354948592 ) ;
#5613 = FACE_OUTER_BOUND ( 'NONE', #4885, .T. ) ;
#5614 = VERTEX_POINT ( 'NONE', #5519 ) ;
#5615 = VECTOR ( 'NONE', #572, 1000.000000000000000 ) ;
#5616 = ORIENTED_EDGE ( 'NONE', *, *, #599, .T. ) ;
#5617 = ORIENTED_EDGE ( 'NONE', *, *, #815, .T. ) ;
#5618 = CARTESIAN_POINT ( 'NONE',  ( -2.239606933285940293, 0.01053252737922920866, 0.1600000000000234290 ) ) ;
#5619 = CARTESIAN_POINT ( 'NONE',  ( -1.721904477684527812, 0.5800000000000004041, -0.8099999999999822897 ) ) ;
#5620 = VERTEX_POINT ( 'NONE', #6049 ) ;
#5621 = CLOSED_SHELL ( 'NONE', ( #4819, #6242, #6285, #5390, #1701, #4061, #4205, #5763, #7122, #5286, #6785, #6184, #3126, #1886 ) ) ;
#5622 = EDGE_LOOP ( 'NONE', ( #6470, #988, #6924, #2968 ) ) ;
#5623 = AXIS2_PLACEMENT_3D ( 'NONE', #370, #7052, #1017 ) ;
#5624 = CARTESIAN_POINT ( 'NONE',  ( 2.079724199617723812, 0.3155636257986206283, -1.140000000000021885 ) ) ;
#5625 = EDGE_CURVE ( 'NONE', #3505, #5119, #22, .T. ) ;
#5626 = PLANE ( 'NONE',  #3666 ) ;
#5627 = CARTESIAN_POINT ( 'NONE',  ( 1.815873739763129047, 0.5142020143325679582, 1.789999999999981384 ) ) ;
#5628 = VECTOR ( 'NONE', #120, 1000.000000000000000 ) ;
#5629 = FACE_OUTER_BOUND ( 'NONE', #3658, .T. ) ;
#5630 = AXIS2_PLACEMENT_3D ( 'NONE', #6373, #2976, #5740 ) ;
#5631 = CARTESIAN_POINT ( 'NONE',  ( 2.440579527876270305, -2.168404344971008868E-16, -0.1600000000000255385 ) ) ;
#5632 = LINE ( 'NONE', #573, #2301 ) ;
#5633 = EDGE_CURVE ( 'NONE', #4272, #1245, #6432, .T. ) ;
#5634 = EDGE_CURVE ( 'NONE', #458, #557, #97, .T. ) ;
#5635 = DIRECTION ( 'NONE',  ( -1.000000000000000000, 0.000000000000000000, 1.022859097168414451E-14 ) ) ;
#5636 = ORIENTED_EDGE ( 'NONE', *, *, #1181, .F. ) ;
#5637 = DIRECTION ( 'NONE',  ( 0.3420201433256698786, -0.9396926207859079838, -3.582470843790090758E-15 ) ) ;
#5638 = SURFACE_STYLE_USAGE ( .BOTH. , #2320 ) ;
#5639 = VERTEX_POINT ( 'NONE', #2232 ) ;
#5640 = LINE ( 'NONE', #4041, #3606 ) ;
#5641 = DIRECTION ( 'NONE',  ( -1.047444401652940007E-14, 0.000000000000000000, -1.000000000000000000 ) ) ;
#5642 = STYLED_ITEM ( 'NONE', ( #3695 ), #4225 ) ;
#5643 = UNCERTAINTY_MEASURE_WITH_UNIT (LENGTH_MEASURE( 1.000000000000000082E-05 ), #5916, 'distance_accuracy_value', 'NONE');
#5644 = CARTESIAN_POINT ( 'NONE',  ( -2.249027405409679048, 0.1902858436350523264, -0.8099999999999766276 ) ) ;
#5645 = DIRECTION ( 'NONE',  ( -1.047444401652940007E-14, 0.000000000000000000, -1.000000000000000000 ) ) ;
#5646 = PLANE ( 'NONE',  #5180 ) ;
#5647 = VECTOR ( 'NONE', #432, 1000.000000000000000 ) ;
#5648 = DIRECTION ( 'NONE',  ( 1.000000000000000000, 0.000000000000000000, -1.047444401652940007E-14 ) ) ;
#5649 = ORIENTED_EDGE ( 'NONE', *, *, #6516, .F. ) ;
#5650 = ORIENTED_EDGE ( 'NONE', *, *, #5625, .T. ) ;
#5651 = ORIENTED_EDGE ( 'NONE', *, *, #6324, .F. ) ;
#5652 = ORIENTED_EDGE ( 'NONE', *, *, #5801, .F. ) ;
#5653 = EDGE_CURVE ( 'NONE', #2264, #3095, #5656, .T. ) ;
#5654 = CYLINDRICAL_SURFACE ( 'NONE', #3400, 0.3707949898354948592 ) ;
#5655 = ORIENTED_EDGE ( 'NONE', *, *, #4064, .F. ) ;
#5656 = LINE ( 'NONE', #4467, #5511 ) ;
#5657 = EDGE_LOOP ( 'NONE', ( #5651, #4007, #2590, #3053 ) ) ;
#5658 = DIRECTION ( 'NONE',  ( -1.000000000000000000, -0.000000000000000000, 1.047444401652940007E-14 ) ) ;
#5659 = ORIENTED_EDGE ( 'NONE', *, *, #6218, .F. ) ;
#5660 = DIRECTION ( 'NONE',  ( -1.402715769532989942E-14, 0.000000000000000000, -1.000000000000000000 ) ) ;
#5661 = EDGE_CURVE ( 'NONE', #5320, #2299, #2849, .T. ) ;
#5662 = VECTOR ( 'NONE', #6089, 1000.000000000000114 ) ;
#5663 = DIRECTION ( 'NONE',  ( -1.221473969113538888E-16, -1.000000000000000000, 1.279426070712772449E-30 ) ) ;
#5664 = CARTESIAN_POINT ( 'NONE',  ( -2.079724199617744240, 0.3155636257986206283, -0.8099999999999781819 ) ) ;
#5665 = ADVANCED_FACE ( 'NONE', ( #3921 ), #3951, .F. ) ;
#5666 = ORIENTED_EDGE ( 'NONE', *, *, #2967, .T. ) ;
#5667 = LINE ( 'NONE', #6060, #6319 ) ;
#5668 = FILL_AREA_STYLE_COLOUR ( '', #1811 ) ;
#5669 = EDGE_CURVE ( 'NONE', #389, #7051, #2891, .T. ) ;
#5670 = DIRECTION ( 'NONE',  ( 3.664421907340615925E-16, 1.000000000000000000, -3.862930115426472391E-30 ) ) ;
#5671 = EDGE_CURVE ( 'NONE', #4627, #5384, #972, .T. ) ;
#5672 = CARTESIAN_POINT ( 'NONE',  ( 1.910579527876277606, 0.2540000000000005587, 0.4899999999999800071 ) ) ;
#5673 = ORIENTED_EDGE ( 'NONE', *, *, #4064, .T. ) ;
#5674 = DIRECTION ( 'NONE',  ( -3.664421907340615925E-16, 1.000000000000000000, 3.862930115426472391E-30 ) ) ;
#5675 = CARTESIAN_POINT ( 'NONE',  ( -1.985018411504561264, 0.5757656401311880279, 1.140000000000020774 ) ) ;
#5676 = CIRCLE ( 'NONE', #4518, 0.1750719788243587649 ) ;
#5677 = CYLINDRICAL_SURFACE ( 'NONE', #6511, 0.1907949898354945883 ) ;
#5678 = CARTESIAN_POINT ( 'NONE',  ( -1.815873739763112171, 0.5142020143325679582, -0.1599999999999808520 ) ) ;
#5679 = EDGE_CURVE ( 'NONE', #4469, #3281, #2196, .T. ) ;
#5680 = DIRECTION ( 'NONE',  ( -1.000000000000000000, 0.000000000000000000, 1.084202172485504118E-14 ) ) ;
#5681 = VERTEX_POINT ( 'NONE', #1070 ) ;
#5682 = VERTEX_POINT ( 'NONE', #3056 ) ;
#5683 = ORIENTED_EDGE ( 'NONE', *, *, #5593, .F. ) ;
#5684 = VERTEX_POINT ( 'NONE', #1491 ) ;
#5685 = ORIENTED_EDGE ( 'NONE', *, *, #1400, .T. ) ;
#5686 = ORIENTED_EDGE ( 'NONE', *, *, #4612, .F. ) ;
#5687 = SURFACE_SIDE_STYLE ('',( #171 ) ) ;
#5688 = DIRECTION ( 'NONE',  ( -0.05233595624293647247, -0.9986295347545742773, 5.481900437181704796E-16 ) ) ;
#5689 = ORIENTED_EDGE ( 'NONE', *, *, #2546, .F. ) ;
#5690 = EDGE_CURVE ( 'NONE', #3564, #668, #6361, .T. ) ;
#5691 = DIRECTION ( 'NONE',  ( 0.3420201433256684354, -0.9396926207859085389, -3.582470843790075770E-15 ) ) ;
#5692 = ORIENTED_EDGE ( 'NONE', *, *, #4959, .F. ) ;
#5693 = PLANE ( 'NONE',  #409 ) ;
#5694 = DIRECTION ( 'NONE',  ( 1.064097747022317355E-14, -1.836192039749910648E-17, 1.000000000000000000 ) ) ;
#5695 = FACE_OUTER_BOUND ( 'NONE', #2999, .T. ) ;
#5696 = CARTESIAN_POINT ( 'NONE',  ( -2.239606933285957169, 0.01053252737922920866, -1.459999999999976872 ) ) ;
#5697 = DIRECTION ( 'NONE',  ( -0.000000000000000000, -1.000000000000000000, -0.000000000000000000 ) ) ;
#5698 = AXIS2_PLACEMENT_3D ( 'NONE', #1658, #3930, #3781 ) ;
#5699 = FACE_OUTER_BOUND ( 'NONE', #6570, .T. ) ;
#5700 = DIRECTION ( 'NONE',  ( 1.000000000000000000, 0.000000000000000000, -1.047444401652940007E-14 ) ) ;
#5701 = ADVANCED_FACE ( 'NONE', ( #3715 ), #5324, .F. ) ;
#5702 =( LENGTH_UNIT ( ) NAMED_UNIT ( * ) SI_UNIT ( .MILLI., .METRE. ) );
#5703 = VECTOR ( 'NONE', #5274, 1000.000000000000000 ) ;
#5704 = FACE_OUTER_BOUND ( 'NONE', #4463, .T. ) ;
#5705 = VECTOR ( 'NONE', #6173, 1000.000000000000000 ) ;
#5706 = DIRECTION ( 'NONE',  ( -1.000000000000000000, -0.000000000000000000, 1.047444401652940007E-14 ) ) ;
#5707 = ORIENTED_EDGE ( 'NONE', *, *, #731, .F. ) ;
#5708 = DIRECTION ( 'NONE',  ( 1.047444401652940007E-14, -0.000000000000000000, 1.000000000000000000 ) ) ;
#5709 = DIRECTION ( 'NONE',  ( 1.000000000000000000, -3.664421907340616418E-16, -1.047444401652940007E-14 ) ) ;
#5710 = CIRCLE ( 'NONE', #6517, 0.2800000000000000822 ) ;
#5711 = VECTOR ( 'NONE', #4659, 1000.000000000000000 ) ;
#5712 =( GEOMETRIC_REPRESENTATION_CONTEXT ( 3 ) GLOBAL_UNCERTAINTY_ASSIGNED_CONTEXT ( ( #2440 ) ) GLOBAL_UNIT_ASSIGNED_CONTEXT ( ( #5228, #6848, #3434 ) ) REPRESENTATION_CONTEXT ( 'NONE', 'WORKASPACE' ) );
#5713 =( NAMED_UNIT ( * ) PLANE_ANGLE_UNIT ( ) SI_UNIT ( $, .RADIAN. ) );
#5714 = LINE ( 'NONE', #725, #4434 ) ;
#5715 = CARTESIAN_POINT ( 'NONE',  ( 1.499999999999979128, 0.5800000000000004041, -2.019500000000017170 ) ) ;
#5716 = ADVANCED_FACE ( 'NONE', ( #4204 ), #3476, .F. ) ;
#5717 = AXIS2_PLACEMENT_3D ( 'NONE', #4516, #3969, #155 ) ;
#5718 = CARTESIAN_POINT ( 'NONE',  ( 2.239606933285960277, 0.01053252737922920866, 1.789999999999976943 ) ) ;
#5719 = ORIENTED_EDGE ( 'NONE', *, *, #4474, .F. ) ;
#5720 = ADVANCED_FACE ( 'NONE', ( #2489 ), #4168, .F. ) ;
#5721 = EDGE_LOOP ( 'NONE', ( #6445, #6710, #3981, #1167 ) ) ;
#5722 = EDGE_CURVE ( 'NONE', #1564, #6851, #1382, .T. ) ;
#5723 = EDGE_CURVE ( 'NONE', #1245, #5357, #6439, .T. ) ;
#5724 = VERTEX_POINT ( 'NONE', #4573 ) ;
#5725 = ORIENTED_EDGE ( 'NONE', *, *, #2772, .T. ) ;
#5726 = ORIENTED_EDGE ( 'NONE', *, *, #3928, .F. ) ;
#5727 = SURFACE_STYLE_FILL_AREA ( #1354 ) ;
#5728 = CARTESIAN_POINT ( 'NONE',  ( 1.815873739763091743, 0.5142020143325679582, -1.790000000000019797 ) ) ;
#5729 = ORIENTED_EDGE ( 'NONE', *, *, #6414, .F. ) ;
#5730 = VECTOR ( 'NONE', #2013, 1000.000000000000000 ) ;
#5731 = AXIS2_PLACEMENT_3D ( 'NONE', #3750, #4376, #6582 ) ;
#5732 = AXIS2_PLACEMENT_3D ( 'NONE', #4629, #6167, #112 ) ;
#5733 = VERTEX_POINT ( 'NONE', #838 ) ;
#5734 = LINE ( 'NONE', #2273, #6799 ) ;
#5735 = CARTESIAN_POINT ( 'NONE',  ( 0.7054999999999862492, 0.3399999999999998024, -1.422500000000008091 ) ) ;
#5736 = CARTESIAN_POINT ( 'NONE',  ( -2.249027405409672831, 0.1902858436350523264, -0.1599999999999763278 ) ) ;
#5737 = AXIS2_PLACEMENT_3D ( 'NONE', #1360, #3069, #4060 ) ;
#5738 = CARTESIAN_POINT ( 'NONE',  ( -2.079724199617738023, 0.3155636257986206283, -0.1599999999999780764 ) ) ;
#5739 = LINE ( 'NONE', #2427, #2425 ) ;
#5740 = DIRECTION ( 'NONE',  ( -1.000000000000000000, 0.000000000000000000, 1.084202172485503961E-14 ) ) ;
#5741 = AXIS2_PLACEMENT_3D ( 'NONE', #2876, #4996, #1820 ) ;
#5742 = FACE_BOUND ( 'NONE', #2814, .T. ) ;
#5743 = CLOSED_SHELL ( 'NONE', ( #6309, #3627, #5929, #3726, #2396, #2347, #1035, #5701, #2452, #1568, #5319, #6886, #5321, #4796 ) ) ;
#5744 = EDGE_LOOP ( 'NONE', ( #5000, #5994, #6002, #2420 ) ) ;
#5745 = CARTESIAN_POINT ( 'NONE',  ( -0.9455000000000136628, 0.3399999999999998024, -1.272499999999990417 ) ) ;
#5746 = VECTOR ( 'NONE', #2110, 1000.000000000000000 ) ;
#5747 = CARTESIAN_POINT ( 'NONE',  ( -1.721904477684514045, 0.4800000000000010369, 0.4900000000000183098 ) ) ;
#5748 = VECTOR ( 'NONE', #4957, 1000.000000000000000 ) ;
#5749 = CARTESIAN_POINT ( 'NONE',  ( -1.042328651854239396, 1.000000000000000666, -1.490642050501197247 ) ) ;
#5750 = LINE ( 'NONE', #229, #5092 ) ;
#5751 = SURFACE_SIDE_STYLE ('',( #1302 ) ) ;
#5752 = DIRECTION ( 'NONE',  ( -1.047444401652940007E-14, 0.000000000000000000, -1.000000000000000000 ) ) ;
#5753 = DIRECTION ( 'NONE',  ( -1.000000000000000000, -1.221473969113538888E-16, 1.047444401652940007E-14 ) ) ;
#5754 = DIRECTION ( 'NONE',  ( 1.047444401652940007E-14, 0.000000000000000000, 1.000000000000000000 ) ) ;
#5755 = EDGE_LOOP ( 'NONE', ( #5692, #3241, #7026, #489 ) ) ;
#5756 = CARTESIAN_POINT ( 'NONE',  ( -2.249027405409672831, 0.1902858436350523264, -0.1599999999999763278 ) ) ;
#5757 = ORIENTED_EDGE ( 'NONE', *, *, #2283, .F. ) ;
#5758 = ORIENTED_EDGE ( 'NONE', *, *, #3550, .T. ) ;
#5759 = ORIENTED_EDGE ( 'NONE', *, *, #2655, .T. ) ;
#5760 = CIRCLE ( 'NONE', #5404, 0.3707949898354946372 ) ;
#5761 = ORIENTED_EDGE ( 'NONE', *, *, #2049, .F. ) ;
#5762 = ADVANCED_FACE ( 'NONE', ( #3648 ), #4024, .F. ) ;
#5763 = ADVANCED_FACE ( 'NONE', ( #4717 ), #943, .F. ) ;
#5764 = DIRECTION ( 'NONE',  ( -1.000000000000000000, 0.000000000000000000, 1.402715769532989942E-14 ) ) ;
#5765 = LINE ( 'NONE', #3028, #2217 ) ;
#5766 = VERTEX_POINT ( 'NONE', #905 ) ;
#5767 = SHAPE_DEFINITION_REPRESENTATION ( #5414, #6502 ) ;
#5768 = DIRECTION ( 'NONE',  ( -1.236182315839216618E-14, -0.000000000000000000, -1.000000000000000000 ) ) ;
#5769 = CARTESIAN_POINT ( 'NONE',  ( 2.249027405409665725, 0.1902858436350523264, -0.4900000000000236389 ) ) ;
#5770 = DIRECTION ( 'NONE',  ( -1.047444401652940007E-14, 0.000000000000000000, -1.000000000000000000 ) ) ;
#5771 = DIRECTION ( 'NONE',  ( -1.047444401652940007E-14, 0.000000000000000000, -1.000000000000000000 ) ) ;
#5772 = DIRECTION ( 'NONE',  ( -1.047444401652940007E-14, 0.000000000000000000, -1.000000000000000000 ) ) ;
#5773 = DIRECTION ( 'NONE',  ( -0.000000000000000000, -1.000000000000000000, -0.000000000000000000 ) ) ;
#5774 = DIRECTION ( 'NONE',  ( 0.000000000000000000, 1.000000000000000000, 0.000000000000000000 ) ) ;
#5775 = VERTEX_POINT ( 'NONE', #4749 ) ;
#5776 = DIRECTION ( 'NONE',  ( -1.000000000000000000, -0.000000000000000000, 1.047444401652940007E-14 ) ) ;
#5777 = DIRECTION ( 'NONE',  ( 1.000000000000000000, 0.000000000000000000, -1.047444401652940007E-14 ) ) ;
#5778 = ORIENTED_EDGE ( 'NONE', *, *, #4284, .F. ) ;
#5779 = DIRECTION ( 'NONE',  ( -0.000000000000000000, 1.000000000000000000, -0.000000000000000000 ) ) ;
#5780 = DIRECTION ( 'NONE',  ( -1.047444401652940007E-14, 0.000000000000000000, -1.000000000000000000 ) ) ;
#5781 = LINE ( 'NONE', #6389, #474 ) ;
#5782 = EDGE_CURVE ( 'NONE', #3436, #166, #5860, .T. ) ;
#5783 = CARTESIAN_POINT ( 'NONE',  ( -0.9454999999999869065, 0.2400000000000004075, 1.272500000000010623 ) ) ;
#5784 = DIRECTION ( 'NONE',  ( -1.047444401652940007E-14, 0.000000000000000000, -1.000000000000000000 ) ) ;
#5785 = EDGE_LOOP ( 'NONE', ( #3280, #6392, #4976, #2090 ) ) ;
#5786 = CARTESIAN_POINT ( 'NONE',  ( -2.450000000000016609, 0.1797533162558246356, -1.459999999999974873 ) ) ;
#5787 = ORIENTED_EDGE ( 'NONE', *, *, #1400, .F. ) ;
#5788 = EDGE_CURVE ( 'NONE', #3686, #651, #2353, .T. ) ;
#5789 = ORIENTED_EDGE ( 'NONE', *, *, #6847, .T. ) ;
#5790 = ORIENTED_EDGE ( 'NONE', *, *, #3360, .T. ) ;
#5791 = SURFACE_STYLE_USAGE ( .BOTH. , #3579 ) ;
#5792 = DIRECTION ( 'NONE',  ( 0.9986295347545742773, -0.05233595624293741616, -1.046008915503959065E-14 ) ) ;
#5793 = ORIENTED_EDGE ( 'NONE', *, *, #2863, .F. ) ;
#5794 = EDGE_CURVE ( 'NONE', #1698, #2414, #2040, .T. ) ;
#5795 = ORIENTED_EDGE ( 'NONE', *, *, #7038, .F. ) ;
#5796 = CARTESIAN_POINT ( 'NONE',  ( 1.815873739763119055, 0.5142020143325679582, 0.8099999999999812905 ) ) ;
#5797 = DIRECTION ( 'NONE',  ( -0.9986295347545741663, 0.05233595624293794352, 1.046008915503958592E-14 ) ) ;
#5798 = LINE ( 'NONE', #249, #727 ) ;
#5799 = DIRECTION ( 'NONE',  ( -1.000000000000000000, -0.000000000000000000, 1.047444401652940007E-14 ) ) ;
#5800 =( NAMED_UNIT ( * ) SI_UNIT ( $, .STERADIAN. ) SOLID_ANGLE_UNIT ( ) );
#5801 = EDGE_CURVE ( 'NONE', #4545, #3395, #3164, .T. ) ;
#5802 = ADVANCED_FACE ( 'NONE', ( #4778 ), #6982, .T. ) ;
#5803 = DIRECTION ( 'NONE',  ( 0.9986295347545742773, -0.05233595624293795739, -1.046008915503958907E-14 ) ) ;
#5804 = DIRECTION ( 'NONE',  ( -0.05233595624293647247, 0.9986295347545742773, 5.481900437181704796E-16 ) ) ;
#5805 = VERTEX_POINT ( 'NONE', #1998 ) ;
#5806 = ADVANCED_FACE ( 'NONE', ( #1423 ), #6783, .T. ) ;
#5807 = DIRECTION ( 'NONE',  ( -0.05233595624293795046, 0.9986295347545742773, 5.516594906701396738E-16 ) ) ;
#5808 = CARTESIAN_POINT ( 'NONE',  ( 1.815873739763095074, 0.5142020143325679582, -1.460000000000019726 ) ) ;
#5809 = VECTOR ( 'NONE', #2509, 1000.000000000000000 ) ;
#5810 = CARTESIAN_POINT ( 'NONE',  ( 2.239606933285953616, 0.01053252737922920866, 1.139999999999977032 ) ) ;
#5811 = CARTESIAN_POINT ( 'NONE',  ( 1.815873739763122163, 0.5142020143325679582, 1.139999999999981251 ) ) ;
#5812 = DIRECTION ( 'NONE',  ( -1.000000000000000000, 0.000000000000000000, 1.047444401652940007E-14 ) ) ;
#5813 = DIRECTION ( 'NONE',  ( -0.3420201433256698786, -0.9396926207859079838, 3.582470843790090758E-15 ) ) ;
#5814 = AXIS2_PLACEMENT_3D ( 'NONE', #5990, #6464, #971 ) ;
#5815 = CARTESIAN_POINT ( 'NONE',  ( -2.239606933285946511, 0.01053252737922920866, -0.4899999999999765654 ) ) ;
#5816 = EDGE_LOOP ( 'NONE', ( #1963, #3055, #4523, #4398 ) ) ;
#5817 = MECHANICAL_DESIGN_GEOMETRIC_PRESENTATION_REPRESENTATION (  '', ( #2344 ), #2321 ) ;
#5818 = PLANE ( 'NONE',  #6443 ) ;
#5819 = ORIENTED_EDGE ( 'NONE', *, *, #2967, .F. ) ;
#5820 = VECTOR ( 'NONE', #133, 1000.000000000000000 ) ;
#5821 = DIRECTION ( 'NONE',  ( -0.05233595624293647247, 0.9986295347545742773, 5.481900437181704796E-16 ) ) ;
#5822 = VECTOR ( 'NONE', #2621, 1000.000000000000000 ) ;
#5823 = AXIS2_PLACEMENT_3D ( 'NONE', #5811, #4078, #3018 ) ;
#5824 = ORIENTED_EDGE ( 'NONE', *, *, #2917, .T. ) ;
#5825 = VECTOR ( 'NONE', #5296, 1000.000000000000000 ) ;
#5826 = EDGE_CURVE ( 'NONE', #3215, #5075, #746, .T. ) ;
#5827 = CARTESIAN_POINT ( 'NONE',  ( 2.239606933285926527, 0.01053252737922920866, -1.460000000000023723 ) ) ;
#5828 = DIRECTION ( 'NONE',  ( -8.642576025897891774E-15, -0.000000000000000000, -1.000000000000000000 ) ) ;
#5829 = ORIENTED_EDGE ( 'NONE', *, *, #492, .F. ) ;
#5830 = ORIENTED_EDGE ( 'NONE', *, *, #297, .F. ) ;
#5831 = ORIENTED_EDGE ( 'NONE', *, *, #5186, .T. ) ;
#5832 = VERTEX_POINT ( 'NONE', #3906 ) ;
#5833 = FACE_OUTER_BOUND ( 'NONE', #4767, .T. ) ;
#5834 = DIRECTION ( 'NONE',  ( -0.9986295347545742773, -0.05233595624293645165, 1.046008915503959065E-14 ) ) ;
#5835 = AXIS2_PLACEMENT_3D ( 'NONE', #2599, #4728, #1975 ) ;
#5836 = CARTESIAN_POINT ( 'NONE',  ( -1.500000000000020872, 0.2400000000000004075, -1.959548826559107448 ) ) ;
#5837 = CARTESIAN_POINT ( 'NONE',  ( 1.815873739763122163, 0.5142020143325679582, 1.139999999999981251 ) ) ;
#5838 = DIRECTION ( 'NONE',  ( 0.05233595624293795046, 0.9986295347545742773, -5.516594906701396738E-16 ) ) ;
#5839 = EDGE_CURVE ( 'NONE', #6953, #3696, #1561, .T. ) ;
#5840 = VERTEX_POINT ( 'NONE', #4342 ) ;
#5841 = CARTESIAN_POINT ( 'NONE',  ( -1.499999999999998446, 0.4800000000000010369, 0.1600000000000157130 ) ) ;
#5842 = DIRECTION ( 'NONE',  ( -1.047444401652940007E-14, 0.000000000000000000, -1.000000000000000000 ) ) ;
#5843 = ORIENTED_EDGE ( 'NONE', *, *, #1709, .F. ) ;
#5844 = AXIS2_PLACEMENT_3D ( 'NONE', #5338, #1335, #4802 ) ;
#5845 = CYLINDRICAL_SURFACE ( 'NONE', #5167, 0.3707949898354948592 ) ;
#5846 = ADVANCED_FACE ( 'NONE', ( #6584 ), #2180, .F. ) ;
#5847 = EDGE_CURVE ( 'NONE', #3098, #6492, #978, .T. ) ;
#5848 = DIRECTION ( 'NONE',  ( -1.047444401652940007E-14, 0.000000000000000000, -1.000000000000000000 ) ) ;
#5849 = VECTOR ( 'NONE', #6121, 1000.000000000000000 ) ;
#5850 = LINE ( 'NONE', #1919, #6149 ) ;
#5851 = DIRECTION ( 'NONE',  ( -1.047444401652940007E-14, 0.000000000000000000, -1.000000000000000000 ) ) ;
#5852 = VECTOR ( 'NONE', #3869, 1000.000000000000000 ) ;
#5853 = CARTESIAN_POINT ( 'NONE',  ( -1.815873739763091521, 0.5142020143325679582, 1.790000000000019797 ) ) ;
#5854 = CARTESIAN_POINT ( 'NONE',  ( 1.721904477684521151, 0.7600000000000000089, 0.1599999999999819622 ) ) ;
#5855 = VECTOR ( 'NONE', #1647, 1000.000000000000000 ) ;
#5856 = FACE_BOUND ( 'NONE', #6963, .T. ) ;
#5857 = VECTOR ( 'NONE', #1419, 1000.000000000000000 ) ;
#5858 = AXIS2_PLACEMENT_3D ( 'NONE', #2675, #6493, #7041 ) ;
#5859 = ORIENTED_EDGE ( 'NONE', *, *, #6058, .T. ) ;
#5860 = LINE ( 'NONE', #5294, #5178 ) ;
#5861 = VERTEX_POINT ( 'NONE', #4857 ) ;
#5862 =( NAMED_UNIT ( * ) SI_UNIT ( $, .STERADIAN. ) SOLID_ANGLE_UNIT ( ) );
#5863 = PLANE ( 'NONE',  #5021 ) ;
#5864 = ORIENTED_EDGE ( 'NONE', *, *, #3207, .F. ) ;
#5865 = VECTOR ( 'NONE', #5658, 1000.000000000000000 ) ;
#5866 = ORIENTED_EDGE ( 'NONE', *, *, #1814, .F. ) ;
#5867 = MECHANICAL_DESIGN_GEOMETRIC_PRESENTATION_REPRESENTATION (  '', ( #5978 ), #6803 ) ;
#5868 = ORIENTED_EDGE ( 'NONE', *, *, #168, .T. ) ;
#5869 = FILL_AREA_STYLE_COLOUR ( '', #2971 ) ;
#5870 = LINE ( 'NONE', #913, #3890 ) ;
#5871 = EDGE_CURVE ( 'NONE', #4089, #78, #1631, .T. ) ;
#5872 = DIRECTION ( 'NONE',  ( 1.047444401652940007E-14, 0.000000000000000000, 1.000000000000000000 ) ) ;
#5873 = DIRECTION ( 'NONE',  ( -1.000000000000000000, 0.000000000000000000, 1.114720884278014557E-14 ) ) ;
#5874 = VECTOR ( 'NONE', #5378, 1000.000000000000000 ) ;
#5875 = CYLINDRICAL_SURFACE ( 'NONE', #5087, 0.2800000000000000822 ) ;
#5876 =( LENGTH_UNIT ( ) NAMED_UNIT ( * ) SI_UNIT ( .MILLI., .METRE. ) );
#5877 = LINE ( 'NONE', #3805, #4710 ) ;
#5878 = CARTESIAN_POINT ( 'NONE',  ( 2.249027405409669278, 0.1902858436350523264, -0.1600000000000235401 ) ) ;
#5879 = ORIENTED_EDGE ( 'NONE', *, *, #2294, .T. ) ;
#5880 = ADVANCED_FACE ( 'NONE', ( #6548 ), #3789, .T. ) ;
#5881 = CARTESIAN_POINT ( 'NONE',  ( 1.499999999999991784, 0.7600000000000000089, -0.8100000000000159295 ) ) ;
#5882 = EDGE_CURVE ( 'NONE', #2118, #5684, #1097, .T. ) ;
#5883 = CARTESIAN_POINT ( 'NONE',  ( 1.910579527876256734, 0.2540000000000005587, -1.460000000000020393 ) ) ;
#5884 = ORIENTED_EDGE ( 'NONE', *, *, #1535, .T. ) ;
#5885 = LINE ( 'NONE', #2575, #6198 ) ;
#5886 = CARTESIAN_POINT ( 'NONE',  ( -1.499999999999991784, 0.5800000000000004041, 0.8100000000000159295 ) ) ;
#5887 = EDGE_CURVE ( 'NONE', #6151, #2658, #443, .T. ) ;
#5888 = EDGE_CURVE ( 'NONE', #1348, #1026, #514, .T. ) ;
#5889 = DIRECTION ( 'NONE',  ( -1.047444401652940007E-14, 0.000000000000000000, -1.000000000000000000 ) ) ;
#5890 = ORIENTED_EDGE ( 'NONE', *, *, #3755, .T. ) ;
#5891 = CYLINDRICAL_SURFACE ( 'NONE', #3897, 0.1907949898354945883 ) ;
#5892 = EDGE_CURVE ( 'NONE', #5567, #6225, #6106, .T. ) ;
#5893 = VERTEX_POINT ( 'NONE', #7118 ) ;
#5894 = PLANE ( 'NONE',  #1113 ) ;
#5895 = ADVANCED_FACE ( 'NONE', ( #4450 ), #4412, .F. ) ;
#5896 = DIRECTION ( 'NONE',  ( -1.000000000000000000, 3.664421907340615925E-16, 1.047444401652940007E-14 ) ) ;
#5897 = ORIENTED_EDGE ( 'NONE', *, *, #5045, .F. ) ;
#5898 = EDGE_CURVE ( 'NONE', #6883, #2187, #3276, .T. ) ;
#5899 = FACE_OUTER_BOUND ( 'NONE', #5495, .T. ) ;
#5900 = ORIENTED_EDGE ( 'NONE', *, *, #3222, .T. ) ;
#5901 = VECTOR ( 'NONE', #760, 1000.000000000000000 ) ;
#5902 = ORIENTED_EDGE ( 'NONE', *, *, #2562, .F. ) ;
#5903 = CARTESIAN_POINT ( 'NONE',  ( -1.721904477684527812, 0.4800000000000010369, -0.8099999999999822897 ) ) ;
#5904 = CARTESIAN_POINT ( 'NONE',  ( 1.500000000000005551, 0.7600000000000000089, 0.4899999999999845035 ) ) ;
#5905 = CARTESIAN_POINT ( 'NONE',  ( 2.450000000000003286, 0.1797533162558246356, 0.1599999999999743294 ) ) ;
#5906 = DIRECTION ( 'NONE',  ( 0.05233595624293647941, 0.9986295347545742773, -5.481900437181704796E-16 ) ) ;
#5907 = EDGE_LOOP ( 'NONE', ( #4091, #6659, #911, #6293 ) ) ;
#5908 = DIRECTION ( 'NONE',  ( -1.000000000000000000, 0.000000000000000000, 1.047444401652940007E-14 ) ) ;
#5909 = CARTESIAN_POINT ( 'NONE',  ( 1.815873739763101735, 0.5142020143325679582, -0.8100000000000192601 ) ) ;
#5910 = ORIENTED_EDGE ( 'NONE', *, *, #4752, .T. ) ;
#5911 = DIRECTION ( 'NONE',  ( 0.9396926207859079838, -0.3420201433256698786, -9.842757749167782739E-15 ) ) ;
#5912 = DIRECTION ( 'NONE',  ( -1.000000000000000000, -0.000000000000000000, 1.047444401652940007E-14 ) ) ;
#5913 = LINE ( 'NONE', #1551, #1392 ) ;
#5914 = CARTESIAN_POINT ( 'NONE',  ( 2.239606933285926527, 0.01053252737922920866, -1.460000000000023723 ) ) ;
#5915 = ADVANCED_FACE ( 'NONE', ( #1051 ), #4964, .F. ) ;
#5916 =( LENGTH_UNIT ( ) NAMED_UNIT ( * ) SI_UNIT ( .MILLI., .METRE. ) );
#5917 = LINE ( 'NONE', #4303, #5255 ) ;
#5918 = ORIENTED_EDGE ( 'NONE', *, *, #5161, .T. ) ;
#5919 = PLANE ( 'NONE',  #1787 ) ;
#5920 = VECTOR ( 'NONE', #1668, 1000.000000000000000 ) ;
#5921 = ORIENTED_EDGE ( 'NONE', *, *, #783, .F. ) ;
#5922 = DIRECTION ( 'NONE',  ( -1.047444401652940007E-14, 0.000000000000000000, -1.000000000000000000 ) ) ;
#5923 = CARTESIAN_POINT ( 'NONE',  ( -1.815873739763105066, 0.5142020143325679582, 0.4900000000000193645 ) ) ;
#5924 = PRESENTATION_LAYER_ASSIGNMENT (  '', '', ( #4549 ) ) ;
#5925 = DIRECTION ( 'NONE',  ( -0.9986295347545741663, -0.05233595624293794352, 1.046008915503958592E-14 ) ) ;
#5926 = VERTEX_POINT ( 'NONE', #4993 ) ;
#5927 = AXIS2_PLACEMENT_3D ( 'NONE', #6527, #4947, #3842 ) ;
#5928 = VECTOR ( 'NONE', #1888, 1000.000000000000000 ) ;
#5929 = ADVANCED_FACE ( 'NONE', ( #6615 ), #3868, .F. ) ;
#5930 = COLOUR_RGB ( '',0.7921568627450980005, 0.8196078431372548767, 0.9333333333333333481 ) ;
#5931 = ADVANCED_FACE ( 'NONE', ( #2762 ), #3, .T. ) ;
#5932 = CARTESIAN_POINT ( 'NONE',  ( 2.079724199617734026, 0.3155636257986206283, -0.1600000000000218747 ) ) ;
#5933 = EDGE_LOOP ( 'NONE', ( #1207, #983, #3687, #2117 ) ) ;
#5934 = ORIENTED_EDGE ( 'NONE', *, *, #4880, .T. ) ;
#5935 = EDGE_CURVE ( 'NONE', #6883, #4428, #4087, .T. ) ;
#5936 = ORIENTED_EDGE ( 'NONE', *, *, #3992, .F. ) ;
#5937 = VERTEX_POINT ( 'NONE', #1159 ) ;
#5938 = COLOUR_RGB ( '',0.7921568627450980005, 0.8196078431372548767, 0.9333333333333333481 ) ;
#5939 = CARTESIAN_POINT ( 'NONE',  ( 2.079724199617741132, 0.3155636257986206283, 0.4899999999999781752 ) ) ;
#5940 = CARTESIAN_POINT ( 'NONE',  ( 0.9455000000000002292, 0.2400000000000004075, -9.903586817628550255E-15 ) ) ;
#5941 = DIRECTION ( 'NONE',  ( 1.000000000000000000, -0.000000000000000000, -1.047444401652940007E-14 ) ) ;
#5942 = LINE ( 'NONE', #6992, #1356 ) ;
#5943 = SURFACE_SIDE_STYLE ('',( #4289 ) ) ;
#5944 = ORIENTED_EDGE ( 'NONE', *, *, #6226, .F. ) ;
#5945 = CARTESIAN_POINT ( 'NONE',  ( -2.249027405409658620, 0.1902858436350523264, 1.140000000000024105 ) ) ;
#5946 = LINE ( 'NONE', #7100, #5015 ) ;
#5947 = VERTEX_POINT ( 'NONE', #1852 ) ;
#5948 = EDGE_CURVE ( 'NONE', #3208, #3686, #6725, .T. ) ;
#5949 = AXIS2_PLACEMENT_3D ( 'NONE', #4900, #6009, #5004 ) ;
#5950 = PLANE ( 'NONE',  #6771 ) ;
#5951 = FACE_OUTER_BOUND ( 'NONE', #6539, .T. ) ;
#5952 = EDGE_LOOP ( 'NONE', ( #5819, #1420, #3187, #2852 ) ) ;
#5953 = DIRECTION ( 'NONE',  ( -1.221473969113538888E-16, -1.000000000000000000, 1.279426070712772449E-30 ) ) ;
#5954 = CARTESIAN_POINT ( 'NONE',  ( 2.239606933285940293, 0.01053252737922920866, -0.1600000000000234290 ) ) ;
#5955 = VECTOR ( 'NONE', #1615, 1000.000000000000000 ) ;
#5956 = DIRECTION ( 'NONE',  ( -1.047444401652940007E-14, 0.000000000000000000, -1.000000000000000000 ) ) ;
#5957 = CYLINDRICAL_SURFACE ( 'NONE', #1327, 0.1907949898354945883 ) ;
#5958 = EDGE_CURVE ( 'NONE', #5371, #6456, #6692, .T. ) ;
#5959 = VECTOR ( 'NONE', #6819, 1000.000000000000000 ) ;
#5960 = EDGE_LOOP ( 'NONE', ( #837, #3542, #3251, #1031 ) ) ;
#5961 = LINE ( 'NONE', #3198, #1653 ) ;
#5962 = DIRECTION ( 'NONE',  ( -1.000000000000000000, 0.000000000000000000, 1.084202172485504118E-14 ) ) ;
#5963 = VECTOR ( 'NONE', #3791, 1000.000000000000000 ) ;
#5964 = CARTESIAN_POINT ( 'NONE',  ( -0.7055000000000190008, 0.2400000000000004075, -1.772499999999993525 ) ) ;
#5965 = VECTOR ( 'NONE', #3426, 1000.000000000000114 ) ;
#5966 = ORIENTED_EDGE ( 'NONE', *, *, #121, .T. ) ;
#5967 = LINE ( 'NONE', #1599, #1054 ) ;
#5968 = ORIENTED_EDGE ( 'NONE', *, *, #4171, .T. ) ;
#5969 = VERTEX_POINT ( 'NONE', #4520 ) ;
#5970 = VERTEX_POINT ( 'NONE', #3462 ) ;
#5971 = EDGE_CURVE ( 'NONE', #1607, #1462, #2256, .T. ) ;
#5972 = ORIENTED_EDGE ( 'NONE', *, *, #5009, .F. ) ;
#5973 = ORIENTED_EDGE ( 'NONE', *, *, #6723, .T. ) ;
#5974 = EDGE_CURVE ( 'NONE', #5111, #3916, #2950, .T. ) ;
#5975 = LINE ( 'NONE', #6561, #2798 ) ;
#5976 = CARTESIAN_POINT ( 'NONE',  ( -1.440048826559100714, 0.2400000000000004075, 2.019500000000015394 ) ) ;
#5977 = CARTESIAN_POINT ( 'NONE',  ( -1.721904477684531365, 0.5800000000000004041, -1.139999999999982361 ) ) ;
#5978 = STYLED_ITEM ( 'NONE', ( #5127 ), #4110 ) ;
#5979 = ORIENTED_EDGE ( 'NONE', *, *, #2640, .F. ) ;
#5980 = DIRECTION ( 'NONE',  ( 1.047444401652940007E-14, 0.000000000000000000, 1.000000000000000000 ) ) ;
#5981 = EDGE_CURVE ( 'NONE', #2751, #1068, #6804, .T. ) ;
#5982 = CARTESIAN_POINT ( 'NONE',  ( -2.239606933285926527, 0.01053252737922920866, 1.460000000000023723 ) ) ;
#5983 = ORIENTED_EDGE ( 'NONE', *, *, #3712, .T. ) ;
#5984 = DIRECTION ( 'NONE',  ( 1.047444401652940007E-14, -0.000000000000000000, 1.000000000000000000 ) ) ;
#5985 = COLOUR_RGB ( '',0.7921568627450980005, 0.8196078431372548767, 0.9333333333333333481 ) ;
#5986 = DIRECTION ( 'NONE',  ( -1.236182315839216618E-14, 0.000000000000000000, -1.000000000000000000 ) ) ;
#5987 = DIRECTION ( 'NONE',  ( 0.000000000000000000, 1.000000000000000000, 0.000000000000000000 ) ) ;
#5988 = CARTESIAN_POINT ( 'NONE',  ( 0.7054999999999862492, 0.2400000000000004075, -1.422500000000008091 ) ) ;
#5989 = LINE ( 'NONE', #2791, #2326 ) ;
#5990 = CARTESIAN_POINT ( 'NONE',  ( -1.721904477684531365, 0.4800000000000010369, -1.139999999999982361 ) ) ;
#5991 = ORIENTED_EDGE ( 'NONE', *, *, #3581, .F. ) ;
#5992 = FACE_OUTER_BOUND ( 'NONE', #6700, .T. ) ;
#5993 = CARTESIAN_POINT ( 'NONE',  ( 0.7054999999999816973, 0.3399999999999998024, -1.772500000000007958 ) ) ;
#5994 = ORIENTED_EDGE ( 'NONE', *, *, #1156, .F. ) ;
#5995 = DIRECTION ( 'NONE',  ( 1.047444401652940007E-14, 0.000000000000000000, 1.000000000000000000 ) ) ;
#5996 = LINE ( 'NONE', #3823, #5822 ) ;
#5997 = EDGE_CURVE ( 'NONE', #2197, #736, #1202, .T. ) ;
#5998 = DIRECTION ( 'NONE',  ( -0.000000000000000000, -1.000000000000000000, -0.000000000000000000 ) ) ;
#5999 = ORIENTED_EDGE ( 'NONE', *, *, #2567, .F. ) ;
#6000 = AXIS2_PLACEMENT_3D ( 'NONE', #3071, #6343, #5307 ) ;
#6001 = CARTESIAN_POINT ( 'NONE',  ( 0.000000000000000000, 0.2400000000000004075, 0.000000000000000000 ) ) ;
#6002 = ORIENTED_EDGE ( 'NONE', *, *, #12, .F. ) ;
#6003 = VECTOR ( 'NONE', #80, 1000.000000000000341 ) ;
#6004 = EDGE_CURVE ( 'NONE', #4023, #1786, #4489, .T. ) ;
#6005 = ORIENTED_EDGE ( 'NONE', *, *, #3043, .F. ) ;
#6006 = ORIENTED_EDGE ( 'NONE', *, *, #3671, .T. ) ;
#6007 = DIRECTION ( 'NONE',  ( -1.000000000000000000, 0.000000000000000000, 1.052637691431446117E-14 ) ) ;
#6008 = CARTESIAN_POINT ( 'NONE',  ( 1.500000000000018874, 0.7600000000000000089, 1.789999999999985159 ) ) ;
#6009 = DIRECTION ( 'NONE',  ( -1.047444401652940007E-14, 0.000000000000000000, -1.000000000000000000 ) ) ;
#6010 = ADVANCED_FACE ( 'NONE', ( #5609 ), #5677, .F. ) ;
#6011 = VECTOR ( 'NONE', #1616, 1000.000000000000114 ) ;
#6012 = CARTESIAN_POINT ( 'NONE',  ( 2.449999999999999289, 0.1797533162558246356, -0.1600000000000254274 ) ) ;
#6013 = EDGE_LOOP ( 'NONE', ( #4815, #5076, #6252, #4406 ) ) ;
#6014 = CARTESIAN_POINT ( 'NONE',  ( 1.500000000000001998, 0.4800000000000010369, 0.1599999999999843769 ) ) ;
#6015 = ORIENTED_EDGE ( 'NONE', *, *, #2732, .F. ) ;
#6016 = DIRECTION ( 'NONE',  ( 1.221473969113538888E-16, -1.000000000000000000, -1.279426070712772449E-30 ) ) ;
#6017 = ORIENTED_EDGE ( 'NONE', *, *, #5347, .F. ) ;
#6018 = ORIENTED_EDGE ( 'NONE', *, *, #6847, .F. ) ;
#6019 = CARTESIAN_POINT ( 'NONE',  ( 2.239606933285957169, 0.01053252737922920866, 1.459999999999976872 ) ) ;
#6020 = VECTOR ( 'NONE', #2809, 1000.000000000000114 ) ;
#6021 = CARTESIAN_POINT ( 'NONE',  ( -1.721904477684537804, 0.7600000000000000089, -1.789999999999982716 ) ) ;
#6022 = EDGE_CURVE ( 'NONE', #6115, #339, #6249, .T. ) ;
#6023 = EDGE_CURVE ( 'NONE', #26, #5733, #6838, .T. ) ;
#6024 = PLANE ( 'NONE',  #4478 ) ;
#6025 = FACE_OUTER_BOUND ( 'NONE', #1566, .T. ) ;
#6026 = EDGE_CURVE ( 'NONE', #1570, #1744, #687, .T. ) ;
#6027 = LINE ( 'NONE', #3817, #5585 ) ;
#6028 = LINE ( 'NONE', #1043, #4354 ) ;
#6029 = CARTESIAN_POINT ( 'NONE',  ( 2.079724199617754898, 0.3155636257986206283, 1.789999999999979163 ) ) ;
#6030 = ORIENTED_EDGE ( 'NONE', *, *, #88, .T. ) ;
#6031 = CARTESIAN_POINT ( 'NONE',  ( -1.815873739763104844, 0.5142020143325679582, 0.4900000000000193090 ) ) ;
#6032 = CARTESIAN_POINT ( 'NONE',  ( -1.721904477684524482, 0.7600000000000000089, -0.4899999999999822275 ) ) ;
#6033 = CARTESIAN_POINT ( 'NONE',  ( -0.9454999999999869065, 0.3399999999999998024, 1.272500000000010623 ) ) ;
#6034 = VERTEX_POINT ( 'NONE', #1272 ) ;
#6035 = LINE ( 'NONE', #4890, #3738 ) ;
#6036 = VERTEX_POINT ( 'NONE', #5141 ) ;
#6037 = VERTEX_POINT ( 'NONE', #3938 ) ;
#6038 = VERTEX_POINT ( 'NONE', #3498 ) ;
#6039 = VECTOR ( 'NONE', #3698, 1000.000000000000000 ) ;
#6040 = ORIENTED_EDGE ( 'NONE', *, *, #2365, .F. ) ;
#6041 = CYLINDRICAL_SURFACE ( 'NONE', #3145, 0.1907949898354945883 ) ;
#6042 = CARTESIAN_POINT ( 'NONE',  ( 1.721904477684504053, 0.4800000000000010369, -1.460000000000018394 ) ) ;
#6043 = CARTESIAN_POINT ( 'NONE',  ( -1.721904477684534696, 0.4800000000000010369, -1.459999999999982645 ) ) ;
#6044 = ORIENTED_EDGE ( 'NONE', *, *, #561, .T. ) ;
#6045 = LINE ( 'NONE', #3290, #2526 ) ;
#6046 = AXIS2_PLACEMENT_3D ( 'NONE', #3239, #1532, #1057 ) ;
#6047 = VECTOR ( 'NONE', #5803, 999.9999999999998863 ) ;
#6048 = VECTOR ( 'NONE', #2596, 1000.000000000000000 ) ;
#6049 = CARTESIAN_POINT ( 'NONE',  ( 1.721904477684534696, 0.5800000000000004041, 1.459999999999982645 ) ) ;
#6050 = VERTEX_POINT ( 'NONE', #2872 ) ;
#6051 = CARTESIAN_POINT ( 'NONE',  ( -1.499999999999981570, 0.7600000000000000089, 1.790000000000016467 ) ) ;
#6052 = LINE ( 'NONE', #2199, #6079 ) ;
#6053 = ORIENTED_EDGE ( 'NONE', *, *, #5898, .T. ) ;
#6054 = CARTESIAN_POINT ( 'NONE',  ( 2.079724199617721148, 0.3155636257986206283, -1.460000000000022391 ) ) ;
#6055 = AXIS2_PLACEMENT_3D ( 'NONE', #1489, #2727, #940 ) ;
#6056 = VECTOR ( 'NONE', #7107, 1000.000000000000000 ) ;
#6057 = DIRECTION ( 'NONE',  ( 1.000000000000000000, -3.664421907340616418E-16, -1.047444401652940007E-14 ) ) ;
#6058 = EDGE_CURVE ( 'NONE', #236, #1111, #4044, .T. ) ;
#6059 = ORIENTED_EDGE ( 'NONE', *, *, #4906, .F. ) ;
#6060 = CARTESIAN_POINT ( 'NONE',  ( -1.985018411504578584, 0.5757656401311880279, -0.4899999999999793965 ) ) ;
#6061 = FACE_OUTER_BOUND ( 'NONE', #5933, .T. ) ;
#6062 = VERTEX_POINT ( 'NONE', #119 ) ;
#6063 = EDGE_CURVE ( 'NONE', #2517, #3567, #3611, .T. ) ;
#6064 = LINE ( 'NONE', #1088, #2020 ) ;
#6065 = EDGE_CURVE ( 'NONE', #3359, #3098, #157, .T. ) ;
#6066 = PLANE ( 'NONE',  #1836 ) ;
#6067 = AXIS2_PLACEMENT_3D ( 'NONE', #2312, #4579, #1222 ) ;
#6068 = VECTOR ( 'NONE', #6613, 1000.000000000000000 ) ;
#6069 = DIRECTION ( 'NONE',  ( 1.047444401652940007E-14, -0.000000000000000000, 1.000000000000000000 ) ) ;
#6070 = AXIS2_PLACEMENT_3D ( 'NONE', #3595, #5807, #823 ) ;
#6071 = LINE ( 'NONE', #7018, #6983 ) ;
#6072 = DIRECTION ( 'NONE',  ( -1.000000000000000000, 0.000000000000000000, 1.084202172485503961E-14 ) ) ;
#6073 = CARTESIAN_POINT ( 'NONE',  ( -1.721904477684521151, 0.4800000000000010369, -0.1599999999999819622 ) ) ;
#6074 = EDGE_LOOP ( 'NONE', ( #334, #5544, #147, #5725 ) ) ;
#6075 = VECTOR ( 'NONE', #3776, 1000.000000000000000 ) ;
#6076 = FACE_OUTER_BOUND ( 'NONE', #4349, .T. ) ;
#6077 = ORIENTED_EDGE ( 'NONE', *, *, #5633, .T. ) ;
#6078 = AXIS2_PLACEMENT_3D ( 'NONE', #4013, #2377, #3392 ) ;
#6079 = VECTOR ( 'NONE', #1759, 1000.000000000000000 ) ;
#6080 = ORIENTED_EDGE ( 'NONE', *, *, #1474, .T. ) ;
#6081 = ORIENTED_EDGE ( 'NONE', *, *, #3549, .F. ) ;
#6082 = VECTOR ( 'NONE', #3294, 1000.000000000000000 ) ;
#6083 = PLANE ( 'NONE',  #6981 ) ;
#6084 = LINE ( 'NONE', #3330, #4296 ) ;
#6085 = AXIS2_PLACEMENT_3D ( 'NONE', #2757, #1520, #1009 ) ;
#6086 = CARTESIAN_POINT ( 'NONE',  ( -2.449999999999993072, 0.1797533162558246356, 0.8100000000000260325 ) ) ;
#6087 = VERTEX_POINT ( 'NONE', #5070 ) ;
#6088 = AXIS2_PLACEMENT_3D ( 'NONE', #3303, #6128, #70 ) ;
#6089 = DIRECTION ( 'NONE',  ( 0.9986295347545742773, 0.05233595624293741616, -1.046008915503959065E-14 ) ) ;
#6090 = EDGE_CURVE ( 'NONE', #364, #2902, #5570, .T. ) ;
#6091 = LINE ( 'NONE', #3403, #5855 ) ;
#6092 = CARTESIAN_POINT ( 'NONE',  ( 0.9455000000000002292, 0.2400000000000004075, -9.903586817628550255E-15 ) ) ;
#6093 = CARTESIAN_POINT ( 'NONE',  ( -0.7055000000000156701, 0.3399999999999998024, -1.422499999999993214 ) ) ;
#6094 = LINE ( 'NONE', #5122, #1657 ) ;
#6095 = ORIENTED_EDGE ( 'NONE', *, *, #5135, .T. ) ;
#6096 = DIRECTION ( 'NONE',  ( 1.047444401652940007E-14, 0.000000000000000000, 1.000000000000000000 ) ) ;
#6097 = LINE ( 'NONE', #3959, #292 ) ;
#6098 = EDGE_CURVE ( 'NONE', #5011, #6260, #5714, .T. ) ;
#6099 = AXIS2_PLACEMENT_3D ( 'NONE', #1996, #4131, #6438 ) ;
#6100 = ORIENTED_EDGE ( 'NONE', *, *, #5565, .T. ) ;
#6101 = DIRECTION ( 'NONE',  ( -1.047444401652940007E-14, 0.000000000000000000, -1.000000000000000000 ) ) ;
#6102 = LINE ( 'NONE', #4515, #4 ) ;
#6103 = CARTESIAN_POINT ( 'NONE',  ( -0.8254999999999869109, 0.2400000000000004075, 1.272500000000009068 ) ) ;
#6104 = EDGE_CURVE ( 'NONE', #1324, #5937, #702, .T. ) ;
#6105 = EDGE_CURVE ( 'NONE', #6062, #13, #4551, .T. ) ;
#6106 = LINE ( 'NONE', #475, #6625 ) ;
#6107 = CARTESIAN_POINT ( 'NONE',  ( 2.249027405409669278, 0.1902858436350523264, -0.1600000000000235401 ) ) ;
#6108 = EDGE_LOOP ( 'NONE', ( #848, #3978, #2846, #4423 ) ) ;
#6109 = DIRECTION ( 'NONE',  ( -1.047444401652940007E-14, 0.000000000000000000, -1.000000000000000000 ) ) ;
#6110 = EDGE_LOOP ( 'NONE', ( #3991, #5223, #4263, #622 ) ) ;
#6111 = ORIENTED_EDGE ( 'NONE', *, *, #1383, .F. ) ;
#6112 = VERTEX_POINT ( 'NONE', #4237 ) ;
#6113 = EDGE_CURVE ( 'NONE', #6234, #2446, #4773, .T. ) ;
#6114 = EDGE_CURVE ( 'NONE', #1918, #2187, #3119, .T. ) ;
#6115 = VERTEX_POINT ( 'NONE', #3019 ) ;
#6116 = EDGE_LOOP ( 'NONE', ( #2670, #1533, #3772, #1227 ) ) ;
#6117 = AXIS2_PLACEMENT_3D ( 'NONE', #4978, #20, #5518 ) ;
#6118 = DIRECTION ( 'NONE',  ( -1.000000000000000000, -0.000000000000000000, 6.866219186497642887E-15 ) ) ;
#6119 = DIRECTION ( 'NONE',  ( 0.000000000000000000, -1.000000000000000000, 0.000000000000000000 ) ) ;
#6120 = ORIENTED_EDGE ( 'NONE', *, *, #7039, .F. ) ;
#6121 = DIRECTION ( 'NONE',  ( -0.000000000000000000, -1.000000000000000000, -0.000000000000000000 ) ) ;
#6122 = ORIENTED_EDGE ( 'NONE', *, *, #907, .T. ) ;
#6123 = PLANE ( 'NONE',  #5064 ) ;
#6124 = PLANE ( 'NONE',  #509 ) ;
#6125 = CARTESIAN_POINT ( 'NONE',  ( -1.910579527876253847, 0.2540000000000005587, 1.790000000000020908 ) ) ;
#6126 = VECTOR ( 'NONE', #3740, 1000.000000000000000 ) ;
#6127 = DIRECTION ( 'NONE',  ( -1.000000000000000000, 0.000000000000000000, 1.052637691431445486E-14 ) ) ;
#6128 = DIRECTION ( 'NONE',  ( 1.047444401652940007E-14, 0.000000000000000000, 1.000000000000000000 ) ) ;
#6129 = CARTESIAN_POINT ( 'NONE',  ( -1.499999999999994893, 0.5800000000000004041, 0.4900000000000158118 ) ) ;
#6130 = VECTOR ( 'NONE', #6593, 1000.000000000000000 ) ;
#6131 = CARTESIAN_POINT ( 'NONE',  ( 1.721904477684527812, 0.7600000000000000089, 0.8099999999999822897 ) ) ;
#6132 = VERTEX_POINT ( 'NONE', #2577 ) ;
#6133 = CARTESIAN_POINT ( 'NONE',  ( 1.985018411504578584, 0.5757656401311880279, 0.4899999999999793965 ) ) ;
#6134 = CARTESIAN_POINT ( 'NONE',  ( -1.721904477684510937, 0.5800000000000004041, 0.8100000000000183720 ) ) ;
#6135 = DIRECTION ( 'NONE',  ( -1.047444401652940007E-14, 0.000000000000000000, -1.000000000000000000 ) ) ;
#6136 = CARTESIAN_POINT ( 'NONE',  ( 1.721904477684517598, 0.4800000000000010369, -0.1600000000000180167 ) ) ;
#6137 = CARTESIAN_POINT ( 'NONE',  ( 1.500000000000005551, 0.5800000000000004041, 0.4899999999999845035 ) ) ;
#6138 = DIRECTION ( 'NONE',  ( 0.9396926207859079838, -0.3420201433256698786, -9.842757749167782739E-15 ) ) ;
#6139 = ORIENTED_EDGE ( 'NONE', *, *, #4602, .T. ) ;
#6140 = CARTESIAN_POINT ( 'NONE',  ( -1.721904477684531365, 0.7600000000000000089, -1.139999999999982361 ) ) ;
#6141 = VERTEX_POINT ( 'NONE', #5854 ) ;
#6142 = ORIENTED_EDGE ( 'NONE', *, *, #1749, .T. ) ;
#6143 = EDGE_CURVE ( 'NONE', #890, #5614, #4270, .T. ) ;
#6144 = ORIENTED_EDGE ( 'NONE', *, *, #2898, .F. ) ;
#6145 = ORIENTED_EDGE ( 'NONE', *, *, #2692, .F. ) ;
#6146 = ADVANCED_FACE ( 'NONE', ( #798 ), #4123, .F. ) ;
#6147 = EDGE_CURVE ( 'NONE', #2415, #1137, #5343, .T. ) ;
#6148 = PLANE ( 'NONE',  #4524 ) ;
#6149 = VECTOR ( 'NONE', #1372, 1000.000000000000000 ) ;
#6150 = CARTESIAN_POINT ( 'NONE',  ( -0.8672566730298806315, 1.100000000000000089, -1.490642050501199023 ) ) ;
#6151 = VERTEX_POINT ( 'NONE', #5251 ) ;
#6152 = ADVANCED_FACE ( 'NONE', ( #231 ), #266, .T. ) ;
#6153 = AXIS2_PLACEMENT_3D ( 'NONE', #6496, #299, #1450 ) ;
#6154 = CARTESIAN_POINT ( 'NONE',  ( -1.500000000000008660, 0.7600000000000000089, -0.8099999999999843991 ) ) ;
#6155 = ORIENTED_EDGE ( 'NONE', *, *, #1175, .T. ) ;
#6156 = DIRECTION ( 'NONE',  ( 1.000000000000000000, 0.000000000000000000, -1.047444401652940007E-14 ) ) ;
#6157 = ORIENTED_EDGE ( 'NONE', *, *, #5068, .T. ) ;
#6158 = FACE_OUTER_BOUND ( 'NONE', #5325, .T. ) ;
#6159 = CARTESIAN_POINT ( 'NONE',  ( -0.9455000000000136628, 0.3399999999999998024, -1.272499999999990417 ) ) ;
#6160 = LINE ( 'NONE', #5054, #3350 ) ;
#6161 = VECTOR ( 'NONE', #2654, 1000.000000000000000 ) ;
#6162 = VECTOR ( 'NONE', #6989, 1000.000000000000000 ) ;
#6163 = LINE ( 'NONE', #3342, #2720 ) ;
#6164 = DIRECTION ( 'NONE',  ( -1.000000000000000000, 0.000000000000000000, 1.084202172485504118E-14 ) ) ;
#6165 = DIRECTION ( 'NONE',  ( 0.000000000000000000, 1.000000000000000000, 0.000000000000000000 ) ) ;
#6166 = ORIENTED_EDGE ( 'NONE', *, *, #1814, .T. ) ;
#6167 = DIRECTION ( 'NONE',  ( 1.221473969113538888E-16, -1.000000000000000000, -1.279426070712772449E-30 ) ) ;
#6168 = AXIS2_PLACEMENT_3D ( 'NONE', #4552, #113, #2793 ) ;
#6169 = FACE_OUTER_BOUND ( 'NONE', #835, .T. ) ;
#6170 = ORIENTED_EDGE ( 'NONE', *, *, #281, .T. ) ;
#6171 = DIRECTION ( 'NONE',  ( -0.000000000000000000, 1.000000000000000000, -0.000000000000000000 ) ) ;
#6172 = CARTESIAN_POINT ( 'NONE',  ( -0.7055000000000156701, 0.3399999999999998024, -1.422499999999993214 ) ) ;
#6173 = DIRECTION ( 'NONE',  ( -0.000000000000000000, -1.000000000000000000, -0.000000000000000000 ) ) ;
#6174 = EDGE_CURVE ( 'NONE', #5832, #2691, #3570, .T. ) ;
#6175 = CARTESIAN_POINT ( 'NONE',  ( -1.499999999999978906, 0.5800000000000004041, 2.019500000000015838 ) ) ;
#6176 = VECTOR ( 'NONE', #3998, 1000.000000000000000 ) ;
#6177 = FACE_OUTER_BOUND ( 'NONE', #6639, .T. ) ;
#6178 = ORIENTED_EDGE ( 'NONE', *, *, #804, .T. ) ;
#6179 = VERTEX_POINT ( 'NONE', #2544 ) ;
#6180 = CIRCLE ( 'NONE', #2587, 0.2800000000000003042 ) ;
#6181 = ORIENTED_EDGE ( 'NONE', *, *, #2428, .T. ) ;
#6182 = ORIENTED_EDGE ( 'NONE', *, *, #4306, .T. ) ;
#6183 = ORIENTED_EDGE ( 'NONE', *, *, #2772, .F. ) ;
#6184 = ADVANCED_FACE ( 'NONE', ( #6972 ), #2479, .T. ) ;
#6185 = DIRECTION ( 'NONE',  ( -0.000000000000000000, -1.000000000000000000, -0.000000000000000000 ) ) ;
#6186 = CARTESIAN_POINT ( 'NONE',  ( 2.450000000000013500, 0.1797533162558246356, 1.139999999999974811 ) ) ;
#6187 = ORIENTED_EDGE ( 'NONE', *, *, #377, .F. ) ;
#6188 = AXIS2_PLACEMENT_3D ( 'NONE', #6895, #280, #1905 ) ;
#6189 = ADVANCED_FACE ( 'NONE', ( #3676 ), #2442, .F. ) ;
#6190 = EDGE_CURVE ( 'NONE', #6953, #1324, #5781, .T. ) ;
#6191 = AXIS2_PLACEMENT_3D ( 'NONE', #5945, #7060, #7034 ) ;
#6192 = DIRECTION ( 'NONE',  ( 1.047444401652940007E-14, -0.000000000000000000, 1.000000000000000000 ) ) ;
#6193 = ORIENTED_EDGE ( 'NONE', *, *, #4569, .F. ) ;
#6194 = CARTESIAN_POINT ( 'NONE',  ( 1.721904477684534696, 0.7600000000000000089, 1.459999999999982645 ) ) ;
#6195 = CARTESIAN_POINT ( 'NONE',  ( 1.815873739763098405, 0.5142020143325679582, -1.140000000000019442 ) ) ;
#6196 = AXIS2_PLACEMENT_3D ( 'NONE', #158, #2874, #3974 ) ;
#6197 = DIRECTION ( 'NONE',  ( -0.3420201433256684354, -0.9396926207859085389, 3.582470843790075770E-15 ) ) ;
#6198 = VECTOR ( 'NONE', #356, 1000.000000000000114 ) ;
#6199 = CARTESIAN_POINT ( 'NONE',  ( -1.815873739763091743, 0.5142020143325679582, 1.790000000000019797 ) ) ;
#6200 = CARTESIAN_POINT ( 'NONE',  ( -1.815873739763091743, 0.5142020143325679582, 1.790000000000019797 ) ) ;
#6201 = ORIENTED_EDGE ( 'NONE', *, *, #2964, .T. ) ;
#6202 = DIRECTION ( 'NONE',  ( 1.000000000000000000, 0.000000000000000000, -8.642576025897891774E-15 ) ) ;
#6203 =( NAMED_UNIT ( * ) PLANE_ANGLE_UNIT ( ) SI_UNIT ( $, .RADIAN. ) );
#6204 = EDGE_CURVE ( 'NONE', #5682, #3173, #6910, .T. ) ;
#6205 = CARTESIAN_POINT ( 'NONE',  ( 1.856595201929836809E-14, 0.2400000000000004075, 1.772500000000000631 ) ) ;
#6206 = ORIENTED_EDGE ( 'NONE', *, *, #942, .T. ) ;
#6207 = CARTESIAN_POINT ( 'NONE',  ( 2.079724199617727365, 0.3155636257986206283, -0.8100000000000220357 ) ) ;
#6208 = CARTESIAN_POINT ( 'NONE',  ( -0.7054999999999862492, 0.3399999999999998024, 1.422500000000008091 ) ) ;
#6209 = CARTESIAN_POINT ( 'NONE',  ( 1.721904477684531365, 0.5800000000000004041, 1.139999999999982361 ) ) ;
#6210 = CARTESIAN_POINT ( 'NONE',  ( -1.500000000000021316, 0.7600000000000000089, -2.019499999999985640 ) ) ;
#6211 = UNCERTAINTY_MEASURE_WITH_UNIT (LENGTH_MEASURE( 1.000000000000000082E-05 ), #2355, 'distance_accuracy_value', 'NONE');
#6212 = FACE_OUTER_BOUND ( 'NONE', #1071, .T. ) ;
#6213 = CARTESIAN_POINT ( 'NONE',  ( 0.7055000000000156701, 0.3399999999999998024, 1.422499999999993214 ) ) ;
#6214 = DIRECTION ( 'NONE',  ( 1.047444401652940007E-14, 0.000000000000000000, 1.000000000000000000 ) ) ;
#6215 =( GEOMETRIC_REPRESENTATION_CONTEXT ( 3 ) GLOBAL_UNCERTAINTY_ASSIGNED_CONTEXT ( ( #3531 ) ) GLOBAL_UNIT_ASSIGNED_CONTEXT ( ( #4476, #2242, #4584 ) ) REPRESENTATION_CONTEXT ( 'NONE', 'WORKASPACE' ) );
#6216 = CARTESIAN_POINT ( 'NONE',  ( -1.910579527876290928, 0.2540000000000005587, -1.789999999999980718 ) ) ;
#6217 = ORIENTED_EDGE ( 'NONE', *, *, #1263, .T. ) ;
#6218 = EDGE_CURVE ( 'NONE', #6115, #2341, #4161, .T. ) ;
#6219 = ORIENTED_EDGE ( 'NONE', *, *, #3107, .F. ) ;
#6220 = ORIENTED_EDGE ( 'NONE', *, *, #3828, .F. ) ;
#6221 = ORIENTED_EDGE ( 'NONE', *, *, #3941, .F. ) ;
#6222 = ORIENTED_EDGE ( 'NONE', *, *, #4977, .F. ) ;
#6223 = DIRECTION ( 'NONE',  ( -0.9986295347545742773, 0.05233595624293645165, 1.046008915503959065E-14 ) ) ;
#6224 = LINE ( 'NONE', #94, #1407 ) ;
#6225 = VERTEX_POINT ( 'NONE', #3534 ) ;
#6226 = EDGE_CURVE ( 'NONE', #7012, #2414, #4672, .T. ) ;
#6227 = CARTESIAN_POINT ( 'NONE',  ( -2.450000000000009948, 0.1797533162558246356, -0.8099999999999745182 ) ) ;
#6228 = DIRECTION ( 'NONE',  ( 0.9986295347545742773, -0.05233595624293741616, -1.046008915503959065E-14 ) ) ;
#6229 = CARTESIAN_POINT ( 'NONE',  ( -2.249027405409652403, 0.1902858436350523264, 1.790000000000024016 ) ) ;
#6230 = VECTOR ( 'NONE', #6960, 1000.000000000000000 ) ;
#6231 = DIRECTION ( 'NONE',  ( -0.000000000000000000, -1.000000000000000000, -0.000000000000000000 ) ) ;
#6232 = CARTESIAN_POINT ( 'NONE',  ( 1.721904477684521151, 0.7600000000000000089, 0.1599999999999819622 ) ) ;
#6233 = ADVANCED_FACE ( 'NONE', ( #6356 ), #1376, .F. ) ;
#6234 = VERTEX_POINT ( 'NONE', #6941 ) ;
#6235 = DIRECTION ( 'NONE',  ( -1.000000000000000000, 0.000000000000000000, 1.045480666325307599E-14 ) ) ;
#6236 = CARTESIAN_POINT ( 'NONE',  ( -0.9454999999999817994, 0.3399999999999998024, 1.772500000000010623 ) ) ;
#6237 = EDGE_CURVE ( 'NONE', #5075, #1830, #4195, .T. ) ;
#6238 = DIRECTION ( 'NONE',  ( 0.9986295347545742773, -0.05233595624293645165, -1.046008915503958750E-14 ) ) ;
#6239 =( NAMED_UNIT ( * ) PLANE_ANGLE_UNIT ( ) SI_UNIT ( $, .RADIAN. ) );
#6240 = CARTESIAN_POINT ( 'NONE',  ( 1.721904477684507384, 0.7600000000000000089, -1.140000000000018110 ) ) ;
#6241 = EDGE_CURVE ( 'NONE', #1860, #2299, #7071, .T. ) ;
#6242 = ADVANCED_FACE ( 'NONE', ( #2646 ), #2065, .F. ) ;
#6243 = DIRECTION ( 'NONE',  ( -0.000000000000000000, -1.000000000000000000, -0.000000000000000000 ) ) ;
#6244 = ORIENTED_EDGE ( 'NONE', *, *, #2775, .F. ) ;
#6245 = LINE ( 'NONE', #5099, #1737 ) ;
#6246 = DIRECTION ( 'NONE',  ( 1.047444401652940007E-14, 0.000000000000000000, 1.000000000000000000 ) ) ;
#6247 = EDGE_CURVE ( 'NONE', #5423, #167, #256, .T. ) ;
#6248 = VECTOR ( 'NONE', #3849, 1000.000000000000000 ) ;
#6249 = LINE ( 'NONE', #5105, #818 ) ;
#6250 = FACE_OUTER_BOUND ( 'NONE', #6987, .T. ) ;
#6251 = LINE ( 'NONE', #5543, #967 ) ;
#6252 = ORIENTED_EDGE ( 'NONE', *, *, #3712, .F. ) ;
#6253 = ORIENTED_EDGE ( 'NONE', *, *, #804, .F. ) ;
#6254 = ORIENTED_EDGE ( 'NONE', *, *, #3605, .T. ) ;
#6255 = ORIENTED_EDGE ( 'NONE', *, *, #4569, .T. ) ;
#6256 = VERTEX_POINT ( 'NONE', #5381 ) ;
#6257 = CARTESIAN_POINT ( 'NONE',  ( 1.721904477684517598, 0.4800000000000010369, -0.1600000000000180167 ) ) ;
#6258 = PLANE ( 'NONE',  #4785 ) ;
#6259 = ORIENTED_EDGE ( 'NONE', *, *, #2562, .T. ) ;
#6260 = VERTEX_POINT ( 'NONE', #3782 ) ;
#6261 = ORIENTED_EDGE ( 'NONE', *, *, #6369, .F. ) ;
#6262 = LINE ( 'NONE', #1286, #5401 ) ;
#6263 = LINE ( 'NONE', #3067, #623 ) ;
#6264 = VECTOR ( 'NONE', #1127, 1000.000000000000000 ) ;
#6265 = CARTESIAN_POINT ( 'NONE',  ( 0.7055000000000003491, 0.2400000000000004075, -7.389720253661496764E-15 ) ) ;
#6266 = DIRECTION ( 'NONE',  ( -1.221473969113538888E-16, -1.000000000000000000, 1.279426070712772449E-30 ) ) ;
#6267 = FACE_OUTER_BOUND ( 'NONE', #772, .T. ) ;
#6268 = VECTOR ( 'NONE', #5491, 1000.000000000000000 ) ;
#6269 = CARTESIAN_POINT ( 'NONE',  ( 1.721904477684510937, 0.4800000000000010369, -0.8100000000000183720 ) ) ;
#6270 = CARTESIAN_POINT ( 'NONE',  ( -1.500000000000008660, 0.7600000000000000089, -0.8099999999999843991 ) ) ;
#6271 = PLANE ( 'NONE',  #6979 ) ;
#6272 = SURFACE_SIDE_STYLE ('',( #5211 ) ) ;
#6273 = ORIENTED_EDGE ( 'NONE', *, *, #6775, .T. ) ;
#6274 = VECTOR ( 'NONE', #2899, 1000.000000000000000 ) ;
#6275 = FACE_OUTER_BOUND ( 'NONE', #2684, .T. ) ;
#6276 = AXIS2_PLACEMENT_3D ( 'NONE', #5538, #6656, #550 ) ;
#6277 = EDGE_CURVE ( 'NONE', #7054, #1422, #5453, .T. ) ;
#6278 = CARTESIAN_POINT ( 'NONE',  ( -1.721904477684510937, 0.4800000000000010369, 0.8100000000000183720 ) ) ;
#6279 = EDGE_LOOP ( 'NONE', ( #6, #2764, #6120, #2661 ) ) ;
#6280 = LINE ( 'NONE', #5280, #6501 ) ;
#6281 = DIRECTION ( 'NONE',  ( 1.047444401652940007E-14, 0.000000000000000000, 1.000000000000000000 ) ) ;
#6282 = CIRCLE ( 'NONE', #2464, 0.1000000000000000472 ) ;
#6283 = EDGE_CURVE ( 'NONE', #3389, #6731, #5917, .T. ) ;
#6284 = VECTOR ( 'NONE', #2011, 1000.000000000000000 ) ;
#6285 = ADVANCED_FACE ( 'NONE', ( #3158 ), #3228, .F. ) ;
#6286 =( NAMED_UNIT ( * ) SI_UNIT ( $, .STERADIAN. ) SOLID_ANGLE_UNIT ( ) );
#6287 = CARTESIAN_POINT ( 'NONE',  ( -1.721904477684531365, 0.5800000000000004041, -1.139999999999982361 ) ) ;
#6288 = LINE ( 'NONE', #1304, #1208 ) ;
#6289 = FACE_OUTER_BOUND ( 'NONE', #4452, .T. ) ;
#6290 = ORIENTED_EDGE ( 'NONE', *, *, #6599, .F. ) ;
#6291 = DIRECTION ( 'NONE',  ( -1.047444401652940007E-14, 0.000000000000000000, -1.000000000000000000 ) ) ;
#6292 = VERTEX_POINT ( 'NONE', #1482 ) ;
#6293 = ORIENTED_EDGE ( 'NONE', *, *, #1618, .T. ) ;
#6294 = VERTEX_POINT ( 'NONE', #2615 ) ;
#6295 = VERTEX_POINT ( 'NONE', #1555 ) ;
#6296 = CARTESIAN_POINT ( 'NONE',  ( -1.499999999999981570, 0.5800000000000004041, 1.790000000000016467 ) ) ;
#6297 = DIRECTION ( 'NONE',  ( 1.000000000000000000, 0.000000000000000000, -1.047444401652940007E-14 ) ) ;
#6298 = ORIENTED_EDGE ( 'NONE', *, *, #4664, .F. ) ;
#6299 = VECTOR ( 'NONE', #4308, 1000.000000000000000 ) ;
#6300 = VECTOR ( 'NONE', #2638, 1000.000000000000000 ) ;
#6301 = EDGE_LOOP ( 'NONE', ( #4804, #84, #2966, #1768 ) ) ;
#6302 = ORIENTED_EDGE ( 'NONE', *, *, #3532, .F. ) ;
#6303 = DIRECTION ( 'NONE',  ( -1.000000000000000000, -0.000000000000000000, 1.236182315839216618E-14 ) ) ;
#6304 = DIRECTION ( 'NONE',  ( 0.1710878697460337661, -0.9702875252478136980, -0.1710878697460379849 ) ) ;
#6305 = DIRECTION ( 'NONE',  ( -1.047444401652940007E-14, 0.000000000000000000, -1.000000000000000000 ) ) ;
#6306 = DIRECTION ( 'NONE',  ( -1.000000000000000000, 0.000000000000000000, 1.236182315839216618E-14 ) ) ;
#6307 = DIRECTION ( 'NONE',  ( 1.047444401652940007E-14, -0.000000000000000000, 1.000000000000000000 ) ) ;
#6308 = VECTOR ( 'NONE', #5356, 1000.000000000000114 ) ;
#6309 = ADVANCED_FACE ( 'NONE', ( #4850 ), #1517, .F. ) ;
#6310 = FILL_AREA_STYLE ('',( #1875 ) ) ;
#6311 = VECTOR ( 'NONE', #705, 1000.000000000000000 ) ;
#6312 = CARTESIAN_POINT ( 'NONE',  ( 2.259012843649088165, 0.3808193555679768583, 1.459999999999976872 ) ) ;
#6313 = VERTEX_POINT ( 'NONE', #189 ) ;
#6314 = DIRECTION ( 'NONE',  ( 0.3420201433256684354, 0.9396926207859085389, -3.582470843790075770E-15 ) ) ;
#6315 = AXIS2_PLACEMENT_3D ( 'NONE', #3124, #5351, #368 ) ;
#6316 = LINE ( 'NONE', #4073, #1712 ) ;
#6317 = VECTOR ( 'NONE', #232, 1000.000000000000000 ) ;
#6318 = DIRECTION ( 'NONE',  ( 1.000000000000000000, 0.000000000000000000, -1.114720884278013137E-14 ) ) ;
#6319 = VECTOR ( 'NONE', #5125, 1000.000000000000114 ) ;
#6320 = DIRECTION ( 'NONE',  ( 0.3420201433256684354, 0.9396926207859085389, -3.582470843790075770E-15 ) ) ;
#6321 = EDGE_CURVE ( 'NONE', #901, #3762, #1365, .T. ) ;
#6322 = CARTESIAN_POINT ( 'NONE',  ( 1.721904477684507384, 0.4800000000000010369, -1.140000000000018110 ) ) ;
#6323 = CARTESIAN_POINT ( 'NONE',  ( 2.259012843649053970, 0.3808193555679768583, -1.790000000000024682 ) ) ;
#6324 = EDGE_CURVE ( 'NONE', #5555, #651, #252, .T. ) ;
#6325 = DIRECTION ( 'NONE',  ( -1.047444401652940007E-14, 0.000000000000000000, -1.000000000000000000 ) ) ;
#6326 = ORIENTED_EDGE ( 'NONE', *, *, #1571, .F. ) ;
#6327 = VECTOR ( 'NONE', #2533, 1000.000000000000000 ) ;
#6328 = FACE_OUTER_BOUND ( 'NONE', #4118, .T. ) ;
#6329 = ORIENTED_EDGE ( 'NONE', *, *, #6747, .T. ) ;
#6330 = ORIENTED_EDGE ( 'NONE', *, *, #6747, .F. ) ;
#6331 = ORIENTED_EDGE ( 'NONE', *, *, #3221, .F. ) ;
#6332 = PLANE ( 'NONE',  #5018 ) ;
#6333 = ADVANCED_FACE ( 'NONE', ( #6902 ), #319, .T. ) ;
#6334 = EDGE_CURVE ( 'NONE', #2748, #1087, #2504, .T. ) ;
#6335 = CARTESIAN_POINT ( 'NONE',  ( 0.9455000000000136628, 0.3399999999999998024, 1.272499999999990417 ) ) ;
#6336 = EDGE_LOOP ( 'NONE', ( #1725, #4199, #2737, #3979 ) ) ;
#6337 = ADVANCED_FACE ( 'NONE', ( #288, #5742 ), #4067, .T. ) ;
#6338 = EDGE_LOOP ( 'NONE', ( #7139, #3681, #3504, #2245, #2114, #733, #495, #3803, #694, #3170, #338, #7127 ) ) ;
#6339 =( LENGTH_UNIT ( ) NAMED_UNIT ( * ) SI_UNIT ( .MILLI., .METRE. ) );
#6340 = CARTESIAN_POINT ( 'NONE',  ( 1.721904477684510937, 0.7600000000000000089, -0.8100000000000183720 ) ) ;
#6341 = FACE_OUTER_BOUND ( 'NONE', #4610, .T. ) ;
#6342 = CARTESIAN_POINT ( 'NONE',  ( -0.7054999999999816973, 0.2400000000000004075, 1.772500000000007958 ) ) ;
#6343 = DIRECTION ( 'NONE',  ( -1.047444401652940007E-14, 0.000000000000000000, -1.000000000000000000 ) ) ;
#6344 = DIRECTION ( 'NONE',  ( -1.000000000000000000, 0.000000000000000000, 1.084202172485503961E-14 ) ) ;
#6345 = LINE ( 'NONE', #4186, #6047 ) ;
#6346 = CARTESIAN_POINT ( 'NONE',  ( 1.499999999999998446, 0.7600000000000000089, -0.1600000000000157130 ) ) ;
#6347 = ORIENTED_EDGE ( 'NONE', *, *, #371, .F. ) ;
#6348 = FACE_OUTER_BOUND ( 'NONE', #5454, .T. ) ;
#6349 = AXIS2_PLACEMENT_3D ( 'NONE', #4184, #1396, #3629 ) ;
#6350 = DIRECTION ( 'NONE',  ( 0.9986295347545742773, 0.05233595624293645165, -1.046008915503958750E-14 ) ) ;
#6351 = AXIS2_PLACEMENT_3D ( 'NONE', #3085, #1413, #5217 ) ;
#6352 = ORIENTED_EDGE ( 'NONE', *, *, #4223, .T. ) ;
#6353 = CARTESIAN_POINT ( 'NONE',  ( -2.239606933285943846, 0.01053252737922920866, -0.1599999999999764388 ) ) ;
#6354 = LINE ( 'NONE', #296, #2873 ) ;
#6355 = DIRECTION ( 'NONE',  ( -1.000000000000000000, 1.221473969113538888E-16, 1.047444401652940007E-14 ) ) ;
#6356 = FACE_OUTER_BOUND ( 'NONE', #1242, .T. ) ;
#6357 = LINE ( 'NONE', #1344, #859 ) ;
#6358 = ORIENTED_EDGE ( 'NONE', *, *, #2677, .T. ) ;
#6359 = DIRECTION ( 'NONE',  ( -1.031531367597048598E-14, -0.1736481776669307753, -0.9848077530122080203 ) ) ;
#6360 = ORIENTED_EDGE ( 'NONE', *, *, #6406, .T. ) ;
#6361 = LINE ( 'NONE', #1930, #3894 ) ;
#6362 = CIRCLE ( 'NONE', #3459, 0.1907949898354945883 ) ;
#6363 = ORIENTED_EDGE ( 'NONE', *, *, #2231, .T. ) ;
#6364 = CYLINDRICAL_SURFACE ( 'NONE', #5260, 0.1000000000000000472 ) ;
#6365 = DIRECTION ( 'NONE',  ( 0.9848077530122080203, -0.1736481776669307753, -1.031531367597048598E-14 ) ) ;
#6366 = VERTEX_POINT ( 'NONE', #3485 ) ;
#6367 = ORIENTED_EDGE ( 'NONE', *, *, #1310, .F. ) ;
#6368 = EDGE_CURVE ( 'NONE', #3988, #6558, #5476, .T. ) ;
#6369 = EDGE_CURVE ( 'NONE', #2437, #3736, #757, .T. ) ;
#6370 = CARTESIAN_POINT ( 'NONE',  ( 1.815873739763125716, 0.5142020143325679582, 1.459999999999981313 ) ) ;
#6371 = DIRECTION ( 'NONE',  ( -1.000000000000000000, -1.221473969113538888E-16, 1.047444401652940007E-14 ) ) ;
#6372 = LINE ( 'NONE', #5836, #5730 ) ;
#6373 = CARTESIAN_POINT ( 'NONE',  ( 1.721904477684510937, 0.4800000000000010369, -0.8100000000000183720 ) ) ;
#6374 = FACE_OUTER_BOUND ( 'NONE', #2506, .T. ) ;
#6375 = COLOUR_RGB ( '',0.7921568627450980005, 0.8196078431372548767, 0.9333333333333333481 ) ;
#6376 = DIRECTION ( 'NONE',  ( 1.047444401652940007E-14, 0.000000000000000000, 1.000000000000000000 ) ) ;
#6377 = ORIENTED_EDGE ( 'NONE', *, *, #3928, .T. ) ;
#6378 = PLANE ( 'NONE',  #1515 ) ;
#6379 = ORIENTED_EDGE ( 'NONE', *, *, #1000, .T. ) ;
#6380 = LINE ( 'NONE', #2537, #2123 ) ;
#6381 = CIRCLE ( 'NONE', #3249, 0.3707949898354948592 ) ;
#6382 = PLANE ( 'NONE',  #445 ) ;
#6383 = AXIS2_PLACEMENT_3D ( 'NONE', #5417, #5987, #6607 ) ;
#6384 = EDGE_LOOP ( 'NONE', ( #6617, #4824, #2994, #3813 ) ) ;
#6385 = CARTESIAN_POINT ( 'NONE',  ( 0.7055000000000190008, 0.2400000000000004075, 1.772499999999993525 ) ) ;
#6386 = CARTESIAN_POINT ( 'NONE',  ( -1.721904477684517598, 0.5800000000000004041, 0.1600000000000180167 ) ) ;
#6387 = VECTOR ( 'NONE', #2940, 1000.000000000000114 ) ;
#6388 = FILL_AREA_STYLE ('',( #6940 ) ) ;
#6389 = CARTESIAN_POINT ( 'NONE',  ( 2.449999999999996181, 0.1797533162558246356, -0.4900000000000258038 ) ) ;
#6390 = VECTOR ( 'NONE', #6877, 1000.000000000000000 ) ;
#6391 = DIRECTION ( 'NONE',  ( -0.000000000000000000, -1.000000000000000000, -0.000000000000000000 ) ) ;
#6392 = ORIENTED_EDGE ( 'NONE', *, *, #4618, .T. ) ;
#6393 = AXIS2_PLACEMENT_3D ( 'NONE', #915, #4219, #5236 ) ;
#6394 = CIRCLE ( 'NONE', #6751, 0.1000000000000000472 ) ;
#6395 = CARTESIAN_POINT ( 'NONE',  ( -2.249027405409652403, 0.1902858436350523264, 1.790000000000024016 ) ) ;
#6396 = ORIENTED_EDGE ( 'NONE', *, *, #902, .F. ) ;
#6397 = VECTOR ( 'NONE', #1750, 1000.000000000000000 ) ;
#6398 = ADVANCED_FACE ( 'NONE', ( #3592 ), #5173, .F. ) ;
#6399 = DIRECTION ( 'NONE',  ( 1.000000000000000000, 0.000000000000000000, -9.908630082471227708E-15 ) ) ;
#6400 = VECTOR ( 'NONE', #3316, 1000.000000000000000 ) ;
#6401 = ORIENTED_EDGE ( 'NONE', *, *, #5061, .T. ) ;
#6402 = ORIENTED_EDGE ( 'NONE', *, *, #6737, .F. ) ;
#6403 = DIRECTION ( 'NONE',  ( -1.000000000000000000, 0.000000000000000000, 1.084202172485503961E-14 ) ) ;
#6404 = LINE ( 'NONE', #6335, #1871 ) ;
#6405 = ORIENTED_EDGE ( 'NONE', *, *, #4306, .F. ) ;
#6406 = EDGE_CURVE ( 'NONE', #422, #5775, #6394, .T. ) ;
#6407 = ORIENTED_EDGE ( 'NONE', *, *, #2741, .F. ) ;
#6408 = EDGE_CURVE ( 'NONE', #2842, #4201, #5210, .T. ) ;
#6409 = SURFACE_STYLE_USAGE ( .BOTH. , #4144 ) ;
#6410 = DIRECTION ( 'NONE',  ( -1.000000000000000000, 0.000000000000000000, 1.084202172485504118E-14 ) ) ;
#6411 = CARTESIAN_POINT ( 'NONE',  ( -1.910579527876280492, 0.2540000000000005587, -0.8099999999999800693 ) ) ;
#6412 = VECTOR ( 'NONE', #5549, 1000.000000000000000 ) ;
#6413 = CARTESIAN_POINT ( 'NONE',  ( -1.721904477684504053, 0.7600000000000000089, 1.460000000000018394 ) ) ;
#6414 = EDGE_CURVE ( 'NONE', #6440, #1068, #6345, .T. ) ;
#6415 = EDGE_CURVE ( 'NONE', #4905, #3564, #1401, .T. ) ;
#6416 = CARTESIAN_POINT ( 'NONE',  ( 2.440579527876253429, -2.168404344971008868E-16, -1.790000000000026237 ) ) ;
#6417 = FACE_OUTER_BOUND ( 'NONE', #1430, .T. ) ;
#6418 = CARTESIAN_POINT ( 'NONE',  ( 1.815873739763101735, 0.5142020143325679582, -0.8100000000000192601 ) ) ;
#6419 = ORIENTED_EDGE ( 'NONE', *, *, #2585, .T. ) ;
#6420 = AXIS2_PLACEMENT_3D ( 'NONE', #2783, #5660, #4028 ) ;
#6421 = LINE ( 'NONE', #1915, #5038 ) ;
#6422 = FACE_OUTER_BOUND ( 'NONE', #2228, .T. ) ;
#6423 = VECTOR ( 'NONE', #4870, 1000.000000000000000 ) ;
#6424 = EDGE_CURVE ( 'NONE', #7150, #4775, #820, .T. ) ;
#6425 = ORIENTED_EDGE ( 'NONE', *, *, #176, .T. ) ;
#6426 = DIRECTION ( 'NONE',  ( -1.000000000000000000, 0.000000000000000000, 1.084202172485503330E-14 ) ) ;
#6427 = LINE ( 'NONE', #1920, #5144 ) ;
#6428 = AXIS2_PLACEMENT_3D ( 'NONE', #1834, #3513, #2529 ) ;
#6429 = EDGE_CURVE ( 'NONE', #3281, #1432, #3074, .T. ) ;
#6430 = CARTESIAN_POINT ( 'NONE',  ( -1.721904477684510937, 0.4800000000000010369, 0.8100000000000183720 ) ) ;
#6431 = CARTESIAN_POINT ( 'NONE',  ( 0.9454999999999817994, 0.2400000000000004075, -1.772500000000010623 ) ) ;
#6432 = CIRCLE ( 'NONE', #3302, 0.1000000000000000472 ) ;
#6433 = ORIENTED_EDGE ( 'NONE', *, *, #4314, .T. ) ;
#6434 = CARTESIAN_POINT ( 'NONE',  ( -1.856595201929836809E-14, 0.2400000000000004075, -1.772500000000000631 ) ) ;
#6435 = VECTOR ( 'NONE', #5753, 1000.000000000000000 ) ;
#6436 = CIRCLE ( 'NONE', #2024, 0.1907949898354945883 ) ;
#6437 = ORIENTED_EDGE ( 'NONE', *, *, #4284, .T. ) ;
#6438 = DIRECTION ( 'NONE',  ( -1.000000000000000000, 1.742467777208844552E-15, 1.045480666325306653E-14 ) ) ;
#6439 = LINE ( 'NONE', #333, #1438 ) ;
#6440 = VERTEX_POINT ( 'NONE', #221 ) ;
#6441 = CARTESIAN_POINT ( 'NONE',  ( -0.9455000000000188809, 0.3399999999999998024, -1.772499999999990861 ) ) ;
#6442 = ORIENTED_EDGE ( 'NONE', *, *, #2162, .F. ) ;
#6443 = AXIS2_PLACEMENT_3D ( 'NONE', #5349, #3054, #4200 ) ;
#6444 = ORIENTED_EDGE ( 'NONE', *, *, #5045, .T. ) ;
#6445 = ORIENTED_EDGE ( 'NONE', *, *, #2027, .T. ) ;
#6446 = LINE ( 'NONE', #3724, #7008 ) ;
#6447 = LINE ( 'NONE', #2048, #4680 ) ;
#6448 = ADVANCED_FACE ( 'NONE', ( #2534 ), #6271, .T. ) ;
#6449 = CYLINDRICAL_SURFACE ( 'NONE', #7102, 0.3707949898354948592 ) ;
#6450 = CARTESIAN_POINT ( 'NONE',  ( -2.239606933285933188, 0.01053252737922920866, 0.8100000000000239231 ) ) ;
#6451 = SURFACE_STYLE_USAGE ( .BOTH. , #887 ) ;
#6452 = ORIENTED_EDGE ( 'NONE', *, *, #2086, .F. ) ;
#6453 = VERTEX_POINT ( 'NONE', #2432 ) ;
#6454 = DIRECTION ( 'NONE',  ( -8.642576025897891774E-15, 0.000000000000000000, -1.000000000000000000 ) ) ;
#6455 = DIRECTION ( 'NONE',  ( 1.047444401652940007E-14, 0.000000000000000000, 1.000000000000000000 ) ) ;
#6456 = VERTEX_POINT ( 'NONE', #2402 ) ;
#6457 = FACE_OUTER_BOUND ( 'NONE', #5907, .T. ) ;
#6458 = LINE ( 'NONE', #6021, #4867 ) ;
#6459 = EDGE_CURVE ( 'NONE', #415, #1918, #1294, .T. ) ;
#6460 = FACE_OUTER_BOUND ( 'NONE', #4912, .T. ) ;
#6461 = MANIFOLD_SOLID_BREP ( 'Boss-Extrude4', #2490 ) ;
#6462 = CARTESIAN_POINT ( 'NONE',  ( 1.721904477684534696, 0.4800000000000010369, 1.459999999999982645 ) ) ;
#6463 = SURFACE_STYLE_USAGE ( .BOTH. , #397 ) ;
#6464 = DIRECTION ( 'NONE',  ( 1.047444401652940007E-14, 0.000000000000000000, 1.000000000000000000 ) ) ;
#6465 = ORIENTED_EDGE ( 'NONE', *, *, #4435, .F. ) ;
#6466 = ADVANCED_FACE ( 'NONE', ( #6212 ), #3497, .F. ) ;
#6467 = DIRECTION ( 'NONE',  ( -1.000000000000000000, -0.000000000000000000, 1.047444401652940007E-14 ) ) ;
#6468 = EDGE_CURVE ( 'NONE', #4428, #5337, #3461, .T. ) ;
#6469 = EDGE_CURVE ( 'NONE', #1058, #6894, #2328, .T. ) ;
#6470 = ORIENTED_EDGE ( 'NONE', *, *, #3494, .T. ) ;
#6471 = CARTESIAN_POINT ( 'NONE',  ( 1.721904477684521151, 0.4800000000000010369, 0.1599999999999819622 ) ) ;
#6472 = CARTESIAN_POINT ( 'NONE',  ( -1.910579527876256734, 0.2540000000000005587, 1.460000000000020393 ) ) ;
#6473 = DIRECTION ( 'NONE',  ( -1.047444401652940007E-14, 0.000000000000000000, -1.000000000000000000 ) ) ;
#6474 = ORIENTED_EDGE ( 'NONE', *, *, #2863, .T. ) ;
#6475 = DIRECTION ( 'NONE',  ( 1.804990327736802742E-15, 0.9848077530122080203, 0.1736481776669307753 ) ) ;
#6476 = ORIENTED_EDGE ( 'NONE', *, *, #4311, .T. ) ;
#6477 = VECTOR ( 'NONE', #1681, 1000.000000000000000 ) ;
#6478 = ORIENTED_EDGE ( 'NONE', *, *, #1693, .T. ) ;
#6479 = EDGE_LOOP ( 'NONE', ( #6595, #2296, #1018, #6524 ) ) ;
#6480 = CARTESIAN_POINT ( 'NONE',  ( -2.259012843649067737, 0.3808193555679768583, 0.4900000000000238609 ) ) ;
#6481 = DIRECTION ( 'NONE',  ( -1.047444401652940007E-14, 0.000000000000000000, -1.000000000000000000 ) ) ;
#6482 = MANIFOLD_SOLID_BREP ( 'Cut-Extrude1', #5282 ) ;
#6483 = FACE_OUTER_BOUND ( 'NONE', #2847, .T. ) ;
#6484 = PLANE ( 'NONE',  #323 ) ;
#6485 = VERTEX_POINT ( 'NONE', #196 ) ;
#6486 = ORIENTED_EDGE ( 'NONE', *, *, #5456, .F. ) ;
#6487 = PLANE ( 'NONE',  #2595 ) ;
#6488 = DIRECTION ( 'NONE',  ( 1.000000000000000000, 0.000000000000000000, -1.402715769532989942E-14 ) ) ;
#6489 = VERTEX_POINT ( 'NONE', #6876 ) ;
#6490 = LINE ( 'NONE', #1584, #6300 ) ;
#6491 = LINE ( 'NONE', #1511, #3583 ) ;
#6492 = VERTEX_POINT ( 'NONE', #1887 ) ;
#6493 = DIRECTION ( 'NONE',  ( 1.047444401652940007E-14, 0.000000000000000000, 1.000000000000000000 ) ) ;
#6494 = MANIFOLD_SOLID_BREP ( 'LPattern1[4]', #2132 ) ;
#6495 = DIRECTION ( 'NONE',  ( -1.000000000000000000, 0.000000000000000000, 1.052637691431446117E-14 ) ) ;
#6496 = CARTESIAN_POINT ( 'NONE',  ( -1.721904477684527812, 0.4800000000000010369, -0.8099999999999822897 ) ) ;
#6497 = DIRECTION ( 'NONE',  ( 1.047444401652940007E-14, -0.000000000000000000, 1.000000000000000000 ) ) ;
#6498 = VERTEX_POINT ( 'NONE', #2371 ) ;
#6499 = LINE ( 'NONE', #6647, #1098 ) ;
#6500 = EDGE_CURVE ( 'NONE', #6888, #4495, #2410, .T. ) ;
#6501 = VECTOR ( 'NONE', #794, 1000.000000000000000 ) ;
#6502 = ADVANCED_BREP_SHAPE_REPRESENTATION ( 'LT3045IMSE#TRPBF', ( #4250, #6461, #1824, #6494, #6482, #1697, #6693, #4068, #4110, #6534, #6644, #4225, #4099, #1720, #1665, #873 ), #1912 ) ;
#6503 = EDGE_LOOP ( 'NONE', ( #1180, #5787, #4632, #6995 ) ) ;
#6504 = CARTESIAN_POINT ( 'NONE',  ( -0.9455000000000002292, 0.2400000000000004075, 9.903586817628550255E-15 ) ) ;
#6505 = EDGE_CURVE ( 'NONE', #3582, #6888, #1417, .T. ) ;
#6506 = FACE_OUTER_BOUND ( 'NONE', #1765, .T. ) ;
#6507 = AXIS2_PLACEMENT_3D ( 'NONE', #3118, #5812, #4741 ) ;
#6508 = EDGE_CURVE ( 'NONE', #1918, #6038, #1164, .T. ) ;
#6509 = DIRECTION ( 'NONE',  ( 0.000000000000000000, -1.000000000000000000, 0.000000000000000000 ) ) ;
#6510 = ORIENTED_EDGE ( 'NONE', *, *, #1972, .T. ) ;
#6511 = AXIS2_PLACEMENT_3D ( 'NONE', #3425, #5645, #656 ) ;
#6512 = AXIS2_PLACEMENT_3D ( 'NONE', #4146, #813, #1974 ) ;
#6513 = PLANE ( 'NONE',  #6873 ) ;
#6514 = ORIENTED_EDGE ( 'NONE', *, *, #5238, .F. ) ;
#6515 = EDGE_LOOP ( 'NONE', ( #1626, #4057, #5636, #3298 ) ) ;
#6516 = EDGE_CURVE ( 'NONE', #3650, #2437, #4194, .T. ) ;
#6517 = AXIS2_PLACEMENT_3D ( 'NONE', #697, #3473, #3398 ) ;
#6518 = ORIENTED_EDGE ( 'NONE', *, *, #3453, .F. ) ;
#6519 = ORIENTED_EDGE ( 'NONE', *, *, #1793, .T. ) ;
#6520 = VECTOR ( 'NONE', #3060, 1000.000000000000000 ) ;
#6521 = DIRECTION ( 'NONE',  ( 8.642576025897891774E-15, -0.000000000000000000, 1.000000000000000000 ) ) ;
#6522 = LINE ( 'NONE', #418, #839 ) ;
#6523 = DIRECTION ( 'NONE',  ( -1.000000000000000000, 0.000000000000000000, 1.084202172485503961E-14 ) ) ;
#6524 = ORIENTED_EDGE ( 'NONE', *, *, #6321, .T. ) ;
#6525 = ORIENTED_EDGE ( 'NONE', *, *, #4835, .T. ) ;
#6526 = DIRECTION ( 'NONE',  ( -1.047444401652940007E-14, 0.000000000000000000, -1.000000000000000000 ) ) ;
#6527 = CARTESIAN_POINT ( 'NONE',  ( -0.7054999999999862492, 0.2400000000000004075, 1.422500000000008091 ) ) ;
#6528 = VERTEX_POINT ( 'NONE', #931 ) ;
#6529 = AXIS2_PLACEMENT_3D ( 'NONE', #6594, #2701, #7131 ) ;
#6530 = DIRECTION ( 'NONE',  ( -1.047444401652940007E-14, 0.000000000000000000, -1.000000000000000000 ) ) ;
#6531 = DIRECTION ( 'NONE',  ( 1.221473969113538888E-16, -1.000000000000000000, -1.279426070712772449E-30 ) ) ;
#6532 = ADVANCED_FACE ( 'NONE', ( #4849 ), #1516, .F. ) ;
#6533 = DIRECTION ( 'NONE',  ( 1.000000000000000000, -1.221473969113538888E-16, -1.047444401652940007E-14 ) ) ;
#6534 = MANIFOLD_SOLID_BREP ( 'LPattern1[5]', #4245 ) ;
#6535 = CARTESIAN_POINT ( 'NONE',  ( 2.440579527876267196, -2.168404344971008868E-16, -0.4900000000000258038 ) ) ;
#6536 = AXIS2_PLACEMENT_3D ( 'NONE', #1769, #6684, #2830 ) ;
#6537 = DIRECTION ( 'NONE',  ( 1.000000000000000000, 0.000000000000000000, -1.047444401652940007E-14 ) ) ;
#6538 = DIRECTION ( 'NONE',  ( -3.664421907340615925E-16, 1.000000000000000000, 3.862930115426472391E-30 ) ) ;
#6539 = EDGE_LOOP ( 'NONE', ( #1268, #5843, #7136, #517 ) ) ;
#6540 = DIRECTION ( 'NONE',  ( 1.047444401652940007E-14, -0.000000000000000000, 1.000000000000000000 ) ) ;
#6541 = DIRECTION ( 'NONE',  ( -1.047444401652940007E-14, 0.000000000000000000, -1.000000000000000000 ) ) ;
#6542 = CIRCLE ( 'NONE', #4933, 0.1907949898354945883 ) ;
#6543 = ADVANCED_FACE ( 'NONE', ( #3192 ), #896, .F. ) ;
#6544 = VERTEX_POINT ( 'NONE', #4810 ) ;
#6545 = LINE ( 'NONE', #1012, #954 ) ;
#6546 = CARTESIAN_POINT ( 'NONE',  ( -2.259012843649091273, 0.3808193555679768583, -1.789999999999977165 ) ) ;
#6547 = CIRCLE ( 'NONE', #2247, 0.1750719788243587649 ) ;
#6548 = FACE_OUTER_BOUND ( 'NONE', #1790, .T. ) ;
#6549 = AXIS2_PLACEMENT_3D ( 'NONE', #3319, #4558, #1161 ) ;
#6550 = ORIENTED_EDGE ( 'NONE', *, *, #6204, .T. ) ;
#6551 = AXIS2_PLACEMENT_3D ( 'NONE', #1038, #431, #3115 ) ;
#6552 = EDGE_CURVE ( 'NONE', #5937, #5111, #2478, .T. ) ;
#6553 = CARTESIAN_POINT ( 'NONE',  ( 1.721904477684534696, 0.5800000000000004041, 1.459999999999982645 ) ) ;
#6554 = VERTEX_POINT ( 'NONE', #265 ) ;
#6555 = ORIENTED_EDGE ( 'NONE', *, *, #2332, .T. ) ;
#6556 = ORIENTED_EDGE ( 'NONE', *, *, #4440, .F. ) ;
#6557 = ADVANCED_FACE ( 'NONE', ( #328 ), #2032, .T. ) ;
#6558 = VERTEX_POINT ( 'NONE', #4708 ) ;
#6559 = ORIENTED_EDGE ( 'NONE', *, *, #6727, .T. ) ;
#6560 = EDGE_CURVE ( 'NONE', #4281, #3688, #6909, .T. ) ;
#6561 = CARTESIAN_POINT ( 'NONE',  ( -1.500000000000001998, 0.7600000000000000089, -0.1599999999999843769 ) ) ;
#6562 = ADVANCED_FACE ( 'NONE', ( #1375 ), #6971, .F. ) ;
#6563 = CARTESIAN_POINT ( 'NONE',  ( 1.499999999999991784, 0.7600000000000000089, -0.8100000000000159295 ) ) ;
#6564 = DIRECTION ( 'NONE',  ( -0.9986295347545742773, 0.05233595624293645165, 1.046008915503959065E-14 ) ) ;
#6565 = EDGE_CURVE ( 'NONE', #6558, #3076, #1621, .T. ) ;
#6566 = CARTESIAN_POINT ( 'NONE',  ( 1.721904477684531365, 0.7600000000000000089, 1.139999999999982361 ) ) ;
#6567 = MECHANICAL_DESIGN_GEOMETRIC_PRESENTATION_REPRESENTATION (  '', ( #5642 ), #4723 ) ;
#6568 = VERTEX_POINT ( 'NONE', #1085 ) ;
#6569 = CARTESIAN_POINT ( 'NONE',  ( 1.815873739763095074, 0.5142020143325679582, -1.460000000000019726 ) ) ;
#6570 = EDGE_LOOP ( 'NONE', ( #1194, #980, #3501, #4455 ) ) ;
#6571 = DIRECTION ( 'NONE',  ( 1.000000000000000000, -0.000000000000000000, -1.047444401652940007E-14 ) ) ;
#6572 = ORIENTED_EDGE ( 'NONE', *, *, #5593, .T. ) ;
#6573 = ORIENTED_EDGE ( 'NONE', *, *, #1377, .F. ) ;
#6574 = CARTESIAN_POINT ( 'NONE',  ( 0.9454999999999869065, 0.3399999999999998024, -1.272500000000010179 ) ) ;
#6575 = LINE ( 'NONE', #6200, #1598 ) ;
#6576 = DIRECTION ( 'NONE',  ( -0.3420201433256684354, 0.9396926207859085389, 3.582470843790075770E-15 ) ) ;
#6577 = DIRECTION ( 'NONE',  ( 6.866219186497642887E-15, 0.000000000000000000, 1.000000000000000000 ) ) ;
#6578 = CARTESIAN_POINT ( 'NONE',  ( -1.500000000000015321, 0.7600000000000000089, -1.459999999999985087 ) ) ;
#6579 = ORIENTED_EDGE ( 'NONE', *, *, #2471, .F. ) ;
#6580 = PLANE ( 'NONE',  #2959 ) ;
#6581 = CARTESIAN_POINT ( 'NONE',  ( 1.721904477684510937, 0.4800000000000010369, -0.8100000000000183720 ) ) ;
#6582 = DIRECTION ( 'NONE',  ( 1.000000000000000000, 1.221473969113538888E-16, -1.047444401652940007E-14 ) ) ;
#6583 = CARTESIAN_POINT ( 'NONE',  ( -1.721904477684524482, 0.5800000000000004041, -0.4899999999999822275 ) ) ;
#6584 = FACE_OUTER_BOUND ( 'NONE', #5755, .T. ) ;
#6585 = VERTEX_POINT ( 'NONE', #6681 ) ;
#6586 = VECTOR ( 'NONE', #3884, 1000.000000000000000 ) ;
#6587 = PLANE ( 'NONE',  #3390 ) ;
#6588 = ORIENTED_EDGE ( 'NONE', *, *, #1966, .T. ) ;
#6589 = ORIENTED_EDGE ( 'NONE', *, *, #176, .F. ) ;
#6590 = ORIENTED_EDGE ( 'NONE', *, *, #3804, .F. ) ;
#6591 = CARTESIAN_POINT ( 'NONE',  ( 2.259012843649071289, 0.3808193555679768583, -0.1600000000000234290 ) ) ;
#6592 = EDGE_CURVE ( 'NONE', #1348, #720, #4370, .T. ) ;
#6593 = DIRECTION ( 'NONE',  ( -1.000000000000000000, 1.221473969113538888E-16, 1.047444401652940007E-14 ) ) ;
#6594 = CARTESIAN_POINT ( 'NONE',  ( 1.500000000000005551, 0.5800000000000004041, 0.4899999999999845035 ) ) ;
#6595 = ORIENTED_EDGE ( 'NONE', *, *, #3171, .T. ) ;
#6596 = VECTOR ( 'NONE', #7065, 1000.000000000000000 ) ;
#6597 = CARTESIAN_POINT ( 'NONE',  ( -1.721904477684517598, 0.4800000000000010369, 0.1600000000000180167 ) ) ;
#6598 = ADVANCED_FACE ( 'NONE', ( #1694 ), #5562, .T. ) ;
#6599 = EDGE_CURVE ( 'NONE', #5775, #7091, #434, .T. ) ;
#6600 = DIRECTION ( 'NONE',  ( 1.000000000000000000, 0.000000000000000000, -1.047444401652940007E-14 ) ) ;
#6601 = EDGE_LOOP ( 'NONE', ( #6604, #3149, #3324, #6157 ) ) ;
#6602 = CARTESIAN_POINT ( 'NONE',  ( -1.815873739763125716, 0.5142020143325679582, -1.459999999999981535 ) ) ;
#6603 = VERTEX_POINT ( 'NONE', #6131 ) ;
#6604 = ORIENTED_EDGE ( 'NONE', *, *, #5653, .F. ) ;
#6605 = CARTESIAN_POINT ( 'NONE',  ( -1.721904477684521151, 0.7600000000000000089, -0.1599999999999819622 ) ) ;
#6606 = FACE_OUTER_BOUND ( 'NONE', #5480, .T. ) ;
#6607 = DIRECTION ( 'NONE',  ( -1.000000000000000000, 0.000000000000000000, 1.047444401652940007E-14 ) ) ;
#6608 = FACE_OUTER_BOUND ( 'NONE', #5960, .T. ) ;
#6609 = EDGE_LOOP ( 'NONE', ( #5944, #547, #4347, #1542 ) ) ;
#6610 = DIRECTION ( 'NONE',  ( -1.047444401652940007E-14, 0.000000000000000000, -1.000000000000000000 ) ) ;
#6611 = CARTESIAN_POINT ( 'NONE',  ( 1.721904477684510937, 0.7600000000000000089, -0.8100000000000183720 ) ) ;
#6612 = VERTEX_POINT ( 'NONE', #6578 ) ;
#6613 = DIRECTION ( 'NONE',  ( 1.047444401652940007E-14, 0.000000000000000000, 1.000000000000000000 ) ) ;
#6614 = PLANE ( 'NONE',  #4559 ) ;
#6615 = FACE_OUTER_BOUND ( 'NONE', #1371, .T. ) ;
#6616 = FACE_OUTER_BOUND ( 'NONE', #1469, .T. ) ;
#6617 = ORIENTED_EDGE ( 'NONE', *, *, #6949, .T. ) ;
#6618 = COLOUR_RGB ( '',1.000000000000000000, 1.000000000000000000, 1.000000000000000000 ) ;
#6619 = CARTESIAN_POINT ( 'NONE',  ( -2.440579527876260091, -2.168404344971008868E-16, 1.140000000000025882 ) ) ;
#6620 = EDGE_LOOP ( 'NONE', ( #2045, #6187, #2782, #1384 ) ) ;
#6621 = EDGE_CURVE ( 'NONE', #6366, #2220, #3308, .T. ) ;
#6622 = VERTEX_POINT ( 'NONE', #1588 ) ;
#6623 = VECTOR ( 'NONE', #351, 1000.000000000000000 ) ;
#6624 = ORIENTED_EDGE ( 'NONE', *, *, #3117, .F. ) ;
#6625 = VECTOR ( 'NONE', #4926, 1000.000000000000000 ) ;
#6626 = FACE_OUTER_BOUND ( 'NONE', #4175, .T. ) ;
#6627 = DIRECTION ( 'NONE',  ( -0.3420201433256684354, -0.9396926207859085389, 3.582470843790075770E-15 ) ) ;
#6628 = DIRECTION ( 'NONE',  ( -1.047444401652940007E-14, 0.000000000000000000, -1.000000000000000000 ) ) ;
#6629 = ORIENTED_EDGE ( 'NONE', *, *, #384, .T. ) ;
#6630 = EDGE_CURVE ( 'NONE', #5301, #7120, #6027, .T. ) ;
#6631 = DIRECTION ( 'NONE',  ( -1.000000000000000000, 0.000000000000000000, 1.022859097168414451E-14 ) ) ;
#6632 = VECTOR ( 'NONE', #1863, 1000.000000000000000 ) ;
#6633 = VECTOR ( 'NONE', #4625, 1000.000000000000000 ) ;
#6634 = AXIS2_PLACEMENT_3D ( 'NONE', #6951, #4921, #2521 ) ;
#6635 = EDGE_CURVE ( 'NONE', #1843, #5119, #2756, .T. ) ;
#6636 = DIRECTION ( 'NONE',  ( -1.047444401652940007E-14, 0.000000000000000000, -1.000000000000000000 ) ) ;
#6637 = ORIENTED_EDGE ( 'NONE', *, *, #169, .F. ) ;
#6638 = CARTESIAN_POINT ( 'NONE',  ( 1.721904477684507384, 0.4800000000000010369, -1.140000000000018110 ) ) ;
#6639 = EDGE_LOOP ( 'NONE', ( #1898, #5272, #5902, #3433 ) ) ;
#6640 = CARTESIAN_POINT ( 'NONE',  ( -2.079724199617738023, 0.3155636257986206283, -0.1599999999999780764 ) ) ;
#6641 = EDGE_CURVE ( 'NONE', #3710, #87, #5020, .T. ) ;
#6642 = DIRECTION ( 'NONE',  ( -0.05233595624293645165, -0.9986295347545742773, 5.481900437181702824E-16 ) ) ;
#6643 = LINE ( 'NONE', #5526, #4593 ) ;
#6644 = MANIFOLD_SOLID_BREP ( 'Boss-Extrude6', #3760 ) ;
#6645 = DIRECTION ( 'NONE',  ( 0.000000000000000000, -1.000000000000000000, 0.000000000000000000 ) ) ;
#6646 = ORIENTED_EDGE ( 'NONE', *, *, #1909, .T. ) ;
#6647 = CARTESIAN_POINT ( 'NONE',  ( -1.489989661351307806E-14, 0.3399999999999998024, -1.422500000000000542 ) ) ;
#6648 = ADVANCED_FACE ( 'NONE', ( #7070 ), #1554, .F. ) ;
#6649 =( NAMED_UNIT ( * ) PLANE_ANGLE_UNIT ( ) SI_UNIT ( $, .RADIAN. ) );
#6650 = VECTOR ( 'NONE', #3247, 1000.000000000000000 ) ;
#6651 = ORIENTED_EDGE ( 'NONE', *, *, #4707, .T. ) ;
#6652 = CIRCLE ( 'NONE', #4113, 0.1907949898354945883 ) ;
#6653 = CARTESIAN_POINT ( 'NONE',  ( -1.500000000000015321, 0.5800000000000004041, -1.459999999999984643 ) ) ;
#6654 = CARTESIAN_POINT ( 'NONE',  ( -0.9455000000000136628, 0.2400000000000004075, -1.272499999999990417 ) ) ;
#6655 = ADVANCED_FACE ( 'NONE', ( #7181 ), #4441, .F. ) ;
#6656 = DIRECTION ( 'NONE',  ( -3.664421907340615925E-16, 1.000000000000000000, 3.862930115426472391E-30 ) ) ;
#6657 = EDGE_CURVE ( 'NONE', #125, #6489, #5989, .T. ) ;
#6658 = DIRECTION ( 'NONE',  ( 1.047444401652940007E-14, 0.000000000000000000, 1.000000000000000000 ) ) ;
#6659 = ORIENTED_EDGE ( 'NONE', *, *, #1972, .F. ) ;
#6660 = CIRCLE ( 'NONE', #2591, 0.1907949898354945883 ) ;
#6661 = CARTESIAN_POINT ( 'NONE',  ( 1.721904477684537804, 0.4800000000000010369, 1.789999999999982716 ) ) ;
#6662 = ORIENTED_EDGE ( 'NONE', *, *, #198, .F. ) ;
#6663 = VECTOR ( 'NONE', #5335, 1000.000000000000000 ) ;
#6664 = CIRCLE ( 'NONE', #3537, 0.1000000000000000472 ) ;
#6665 = ORIENTED_EDGE ( 'NONE', *, *, #3848, .T. ) ;
#6666 = ORIENTED_EDGE ( 'NONE', *, *, #2121, .F. ) ;
#6667 = VECTOR ( 'NONE', #1250, 1000.000000000000114 ) ;
#6668 = DIRECTION ( 'NONE',  ( 1.000000000000000000, 0.000000000000000000, -1.047444401652940007E-14 ) ) ;
#6669 = AXIS2_PLACEMENT_3D ( 'NONE', #4597, #1819, #3499 ) ;
#6670 = LINE ( 'NONE', #1795, #2571 ) ;
#6671 = ORIENTED_EDGE ( 'NONE', *, *, #2243, .F. ) ;
#6672 = CARTESIAN_POINT ( 'NONE',  ( -2.440579527876290733, -2.168404344971008868E-16, -1.789999999999974944 ) ) ;
#6673 = DIRECTION ( 'NONE',  ( -6.866219186497642887E-15, 0.000000000000000000, -1.000000000000000000 ) ) ;
#6674 = CARTESIAN_POINT ( 'NONE',  ( -1.217400630678597828, 1.100000000000000089, -1.490642050501195692 ) ) ;
#6675 = CARTESIAN_POINT ( 'NONE',  ( 2.450000000000006395, 0.1797533162558246356, 0.4899999999999744005 ) ) ;
#6676 = ADVANCED_FACE ( 'NONE', ( #1006 ), #2244, .F. ) ;
#6677 = LINE ( 'NONE', #6125, #7001 ) ;
#6678 = DIRECTION ( 'NONE',  ( -0.000000000000000000, -1.000000000000000000, -0.000000000000000000 ) ) ;
#6679 = ORIENTED_EDGE ( 'NONE', *, *, #3420, .T. ) ;
#6680 = DIRECTION ( 'NONE',  ( -1.047444401652940007E-14, -0.000000000000000000, -1.000000000000000000 ) ) ;
#6681 = CARTESIAN_POINT ( 'NONE',  ( 1.440048826559102269, 0.2400000000000004075, -1.959548826559138535 ) ) ;
#6682 = VECTOR ( 'NONE', #4619, 1000.000000000000114 ) ;
#6683 = ORIENTED_EDGE ( 'NONE', *, *, #6552, .T. ) ;
#6684 = DIRECTION ( 'NONE',  ( -1.047444401652940007E-14, 0.000000000000000000, -1.000000000000000000 ) ) ;
#6685 = EDGE_CURVE ( 'NONE', #1432, #641, #4660, .T. ) ;
#6686 = SURFACE_STYLE_FILL_AREA ( #3418 ) ;
#6687 = ORIENTED_EDGE ( 'NONE', *, *, #6685, .T. ) ;
#6688 = DIRECTION ( 'NONE',  ( -0.000000000000000000, -1.000000000000000000, -0.000000000000000000 ) ) ;
#6689 = DIRECTION ( 'NONE',  ( 1.000000000000000000, 0.000000000000000000, -1.047444401652940007E-14 ) ) ;
#6690 = EDGE_CURVE ( 'NONE', #881, #254, #4112, .T. ) ;
#6691 = ADVANCED_FACE ( 'NONE', ( #2363 ), #1727, .F. ) ;
#6692 = LINE ( 'NONE', #3973, #5705 ) ;
#6693 = MANIFOLD_SOLID_BREP ( 'LPattern1[6]', #1435 ) ;
#6694 = LINE ( 'NONE', #5715, #2605 ) ;
#6695 = ORIENTED_EDGE ( 'NONE', *, *, #1809, .T. ) ;
#6696 = EDGE_CURVE ( 'NONE', #1111, #3173, #6716, .T. ) ;
#6697 = DIRECTION ( 'NONE',  ( -1.047444401652940007E-14, 0.000000000000000000, -1.000000000000000000 ) ) ;
#6698 = ORIENTED_EDGE ( 'NONE', *, *, #2815, .F. ) ;
#6699 = ORIENTED_EDGE ( 'NONE', *, *, #5661, .F. ) ;
#6700 = EDGE_LOOP ( 'NONE', ( #844, #1536, #4759, #6044 ) ) ;
#6701 = VERTEX_POINT ( 'NONE', #644 ) ;
#6702 = PLANE ( 'NONE',  #1486 ) ;
#6703 = LINE ( 'NONE', #2965, #4213 ) ;
#6704 = ORIENTED_EDGE ( 'NONE', *, *, #6023, .F. ) ;
#6705 = CARTESIAN_POINT ( 'NONE',  ( -1.815873739763098405, 0.5142020143325679582, 1.140000000000019442 ) ) ;
#6706 = VERTEX_POINT ( 'NONE', #5093 ) ;
#6707 = DIRECTION ( 'NONE',  ( 1.047444401652940007E-14, -0.000000000000000000, 1.000000000000000000 ) ) ;
#6708 = VERTEX_POINT ( 'NONE', #110 ) ;
#6709 = DIRECTION ( 'NONE',  ( -0.9396926207859085389, 0.3420201433256684354, 9.842757749167790628E-15 ) ) ;
#6710 = ORIENTED_EDGE ( 'NONE', *, *, #419, .F. ) ;
#6711 = VECTOR ( 'NONE', #5416, 1000.000000000000000 ) ;
#6712 = CARTESIAN_POINT ( 'NONE',  ( -2.249027405409672831, 0.1902858436350523264, -0.1599999999999763278 ) ) ;
#6713 = CYLINDRICAL_SURFACE ( 'NONE', #2421, 0.1000000000000000472 ) ;
#6714 = CARTESIAN_POINT ( 'NONE',  ( -0.9455000000000188809, 0.2400000000000004075, -1.772499999999990861 ) ) ;
#6715 = EDGE_CURVE ( 'NONE', #6294, #6612, #2317, .T. ) ;
#6716 = LINE ( 'NONE', #2979, #473 ) ;
#6717 = VERTEX_POINT ( 'NONE', #4069 ) ;
#6718 = LINE ( 'NONE', #4037, #5160 ) ;
#6719 = CARTESIAN_POINT ( 'NONE',  ( -1.985018411504592351, 0.5757656401311880279, -1.789999999999980052 ) ) ;
#6720 = ORIENTED_EDGE ( 'NONE', *, *, #3614, .T. ) ;
#6721 = CARTESIAN_POINT ( 'NONE',  ( -1.499999999999984901, 0.4800000000000010369, 1.460000000000016174 ) ) ;
#6722 = CARTESIAN_POINT ( 'NONE',  ( 2.449999999999999289, 0.1797533162558246356, -0.1600000000000254274 ) ) ;
#6723 = EDGE_CURVE ( 'NONE', #1614, #1136, #6381, .T. ) ;
#6724 = FILL_AREA_STYLE ('',( #787 ) ) ;
#6725 = LINE ( 'NONE', #6287, #2565 ) ;
#6726 = CARTESIAN_POINT ( 'NONE',  ( -2.079724199617721148, 0.3155636257986206283, 1.460000000000022391 ) ) ;
#6727 = EDGE_CURVE ( 'NONE', #5361, #54, #613, .T. ) ;
#6728 = EDGE_CURVE ( 'NONE', #6544, #1939, #4510, .T. ) ;
#6729 = FACE_OUTER_BOUND ( 'NONE', #4746, .T. ) ;
#6730 = EDGE_LOOP ( 'NONE', ( #5132, #6944, #2474, #5831 ) ) ;
#6731 = VERTEX_POINT ( 'NONE', #3450 ) ;
#6732 = VERTEX_POINT ( 'NONE', #677 ) ;
#6733 = VERTEX_POINT ( 'NONE', #149 ) ;
#6734 = EDGE_LOOP ( 'NONE', ( #2034, #2104, #15, #2926 ) ) ;
#6735 = FILL_AREA_STYLE_COLOUR ( '', #5930 ) ;
#6736 = VECTOR ( 'NONE', #4770, 1000.000000000000000 ) ;
#6737 = EDGE_CURVE ( 'NONE', #2367, #210, #2828, .T. ) ;
#6738 = DIRECTION ( 'NONE',  ( -0.9986295347545742773, 0.05233595624293647247, 1.046008915503959065E-14 ) ) ;
#6739 = VERTEX_POINT ( 'NONE', #71 ) ;
#6740 = VECTOR ( 'NONE', #4772, 1000.000000000000000 ) ;
#6741 = ORIENTED_EDGE ( 'NONE', *, *, #2249, .F. ) ;
#6742 = CARTESIAN_POINT ( 'NONE',  ( -1.721904477684504053, 0.4800000000000010369, 1.460000000000018394 ) ) ;
#6743 = VECTOR ( 'NONE', #197, 1000.000000000000000 ) ;
#6744 = ORIENTED_EDGE ( 'NONE', *, *, #3709, .T. ) ;
#6745 = LINE ( 'NONE', #4058, #2148 ) ;
#6746 = CARTESIAN_POINT ( 'NONE',  ( 0.9455000000000136628, 0.3399999999999998024, 1.272499999999990417 ) ) ;
#6747 = EDGE_CURVE ( 'NONE', #2118, #668, #5175, .T. ) ;
#6748 = DIRECTION ( 'NONE',  ( -0.9986295347545741663, 0.05233595624293794352, 1.046008915503958592E-14 ) ) ;
#6749 = CARTESIAN_POINT ( 'NONE',  ( -2.249027405409683045, 0.1902858436350523264, -1.139999999999976810 ) ) ;
#6750 = LINE ( 'NONE', #1223, #3701 ) ;
#6751 = AXIS2_PLACEMENT_3D ( 'NONE', #6930, #2978, #1876 ) ;
#6752 = PLANE ( 'NONE',  #3306 ) ;
#6753 = ORIENTED_EDGE ( 'NONE', *, *, #2115, .F. ) ;
#6754 = SURFACE_STYLE_FILL_AREA ( #1083 ) ;
#6755 = AXIS2_PLACEMENT_3D ( 'NONE', #2653, #4887, #4340 ) ;
#6756 = VECTOR ( 'NONE', #5709, 1000.000000000000000 ) ;
#6757 = ORIENTED_EDGE ( 'NONE', *, *, #1076, .F. ) ;
#6758 = CARTESIAN_POINT ( 'NONE',  ( -2.440579527876267196, -2.168404344971008868E-16, 0.4900000000000258038 ) ) ;
#6759 = EDGE_CURVE ( 'NONE', #6612, #4246, #5128, .T. ) ;
#6760 = ORIENTED_EDGE ( 'NONE', *, *, #7160, .T. ) ;
#6761 = CARTESIAN_POINT ( 'NONE',  ( -0.7055000000000190008, 0.3399999999999998024, -1.772499999999993525 ) ) ;
#6762 = FACE_OUTER_BOUND ( 'NONE', #2130, .T. ) ;
#6763 = CARTESIAN_POINT ( 'NONE',  ( 1.500000000000011990, 0.7600000000000000089, 1.139999999999984581 ) ) ;
#6764 = CYLINDRICAL_SURFACE ( 'NONE', #2381, 0.1000000000000000472 ) ;
#6765 = AXIS2_PLACEMENT_3D ( 'NONE', #6898, #6959, #2501 ) ;
#6766 = ADVANCED_FACE ( 'NONE', ( #388 ), #4262, .T. ) ;
#6767 = CARTESIAN_POINT ( 'NONE',  ( -1.985018411504585467, 0.5757656401311880279, -1.139999999999979252 ) ) ;
#6768 = EDGE_LOOP ( 'NONE', ( #7167, #6699, #376, #4532 ) ) ;
#6769 = ORIENTED_EDGE ( 'NONE', *, *, #6817, .T. ) ;
#6770 = ORIENTED_EDGE ( 'NONE', *, *, #3839, .F. ) ;
#6771 = AXIS2_PLACEMENT_3D ( 'NONE', #3219, #5911, #1001 ) ;
#6772 = ORIENTED_EDGE ( 'NONE', *, *, #4527, .F. ) ;
#6773 = ORIENTED_EDGE ( 'NONE', *, *, #5196, .F. ) ;
#6774 = ORIENTED_EDGE ( 'NONE', *, *, #6728, .T. ) ;
#6775 = EDGE_CURVE ( 'NONE', #4858, #3552, #4800, .T. ) ;
#6776 = AXIS2_PLACEMENT_3D ( 'NONE', #4427, #6673, #7170 ) ;
#6777 = DIRECTION ( 'NONE',  ( -1.047444401652940007E-14, 0.000000000000000000, -1.000000000000000000 ) ) ;
#6778 = LINE ( 'NONE', #5155, #1534 ) ;
#6779 = ORIENTED_EDGE ( 'NONE', *, *, #6696, .F. ) ;
#6780 = CIRCLE ( 'NONE', #2251, 0.2800000000000000822 ) ;
#6781 = ORIENTED_EDGE ( 'NONE', *, *, #6414, .T. ) ;
#6782 = VECTOR ( 'NONE', #5118, 1000.000000000000114 ) ;
#6783 = PLANE ( 'NONE',  #6315 ) ;
#6784 = EDGE_CURVE ( 'NONE', #3567, #7178, #290, .T. ) ;
#6785 = ADVANCED_FACE ( 'NONE', ( #2505 ), #253, .F. ) ;
#6786 = CARTESIAN_POINT ( 'NONE',  ( 1.985018411504585467, 0.5757656401311880279, 1.139999999999979252 ) ) ;
#6787 = CARTESIAN_POINT ( 'NONE',  ( 1.500000000000008660, 0.7600000000000000089, 0.8099999999999843991 ) ) ;
#6788 = VECTOR ( 'NONE', #1925, 1000.000000000000000 ) ;
#6789 = PLANE ( 'NONE',  #3528 ) ;
#6790 = VECTOR ( 'NONE', #316, 1000.000000000000000 ) ;
#6791 = EDGE_CURVE ( 'NONE', #6498, #2879, #930, .T. ) ;
#6792 = LINE ( 'NONE', #2895, #4572 ) ;
#6793 = CARTESIAN_POINT ( 'NONE',  ( -1.910579527876266948, 0.2540000000000005587, 0.4900000000000202527 ) ) ;
#6794 = ORIENTED_EDGE ( 'NONE', *, *, #5935, .F. ) ;
#6795 = CARTESIAN_POINT ( 'NONE',  ( -1.499999999999988010, 0.5800000000000004041, 1.140000000000015890 ) ) ;
#6796 = DIRECTION ( 'NONE',  ( 0.000000000000000000, 1.000000000000000000, 0.000000000000000000 ) ) ;
#6797 = FACE_OUTER_BOUND ( 'NONE', #3913, .T. ) ;
#6798 = FACE_OUTER_BOUND ( 'NONE', #3507, .T. ) ;
#6799 = VECTOR ( 'NONE', #604, 1000.000000000000114 ) ;
#6800 = ORIENTED_EDGE ( 'NONE', *, *, #3185, .F. ) ;
#6801 = CARTESIAN_POINT ( 'NONE',  ( -0.7055000000000191118, 0.3399999999999998024, -1.772499999999993303 ) ) ;
#6802 = DIRECTION ( 'NONE',  ( 1.000000000000000000, 0.000000000000000000, -1.047444401652940007E-14 ) ) ;
#6803 =( GEOMETRIC_REPRESENTATION_CONTEXT ( 3 ) GLOBAL_UNCERTAINTY_ASSIGNED_CONTEXT ( ( #3970 ) ) GLOBAL_UNIT_ASSIGNED_CONTEXT ( ( #3519, #6901, #5800 ) ) REPRESENTATION_CONTEXT ( 'NONE', 'WORKASPACE' ) );
#6804 = LINE ( 'NONE', #620, #3850 ) ;
#6805 = CARTESIAN_POINT ( 'NONE',  ( -1.985018411504568148, 0.5757656401311880279, 0.4900000000000210298 ) ) ;
#6806 = AXIS2_PLACEMENT_3D ( 'NONE', #5342, #3191, #2643 ) ;
#6807 = CARTESIAN_POINT ( 'NONE',  ( -1.910579527876260508, 0.2540000000000005587, 1.140000000000020330 ) ) ;
#6808 = ORIENTED_EDGE ( 'NONE', *, *, #5782, .T. ) ;
#6809 = ORIENTED_EDGE ( 'NONE', *, *, #5634, .T. ) ;
#6810 = ORIENTED_EDGE ( 'NONE', *, *, #1480, .T. ) ;
#6811 = ORIENTED_EDGE ( 'NONE', *, *, #4083, .T. ) ;
#6812 = VERTEX_POINT ( 'NONE', #2568 ) ;
#6813 = CARTESIAN_POINT ( 'NONE',  ( -0.9454999999999869065, 0.2400000000000004075, 1.272500000000010623 ) ) ;
#6814 = DIRECTION ( 'NONE',  ( 1.000000000000000000, 0.000000000000000000, -1.047444401652940007E-14 ) ) ;
#6815 = ORIENTED_EDGE ( 'NONE', *, *, #5350, .F. ) ;
#6816 = ORIENTED_EDGE ( 'NONE', *, *, #2334, .F. ) ;
#6817 = EDGE_CURVE ( 'NONE', #3465, #7054, #6999, .T. ) ;
#6818 = LINE ( 'NONE', #3512, #7023 ) ;
#6819 = DIRECTION ( 'NONE',  ( 1.047444401652940007E-14, 0.000000000000000000, 1.000000000000000000 ) ) ;
#6820 = CARTESIAN_POINT ( 'NONE',  ( -1.500000000000008660, 0.7600000000000000089, -0.8099999999999843991 ) ) ;
#6821 = DIRECTION ( 'NONE',  ( -1.000000000000000000, 8.771980761928717646E-16, 1.052637691431446117E-14 ) ) ;
#6822 = DIRECTION ( 'NONE',  ( -1.047444401652940007E-14, 0.000000000000000000, -1.000000000000000000 ) ) ;
#6823 = ADVANCED_FACE ( 'NONE', ( #1472 ), #4840, .F. ) ;
#6824 = EDGE_CURVE ( 'NONE', #13, #6841, #3667, .T. ) ;
#6825 = ORIENTED_EDGE ( 'NONE', *, *, #6560, .T. ) ;
#6826 = FACE_OUTER_BOUND ( 'NONE', #1459, .T. ) ;
#6827 = CARTESIAN_POINT ( 'NONE',  ( -1.499999999999988010, 0.5800000000000004041, 1.140000000000015890 ) ) ;
#6828 = DIRECTION ( 'NONE',  ( 0.05233595624293647941, -0.9986295347545742773, -5.481900437181704796E-16 ) ) ;
#6829 = CARTESIAN_POINT ( 'NONE',  ( -2.440579527876277410, -2.168404344971008868E-16, -0.4899999999999745115 ) ) ;
#6830 = ORIENTED_EDGE ( 'NONE', *, *, #6727, .F. ) ;
#6831 = CARTESIAN_POINT ( 'NONE',  ( 1.856595201929836809E-14, 0.2400000000000004075, 1.772500000000000631 ) ) ;
#6832 = VECTOR ( 'NONE', #7141, 1000.000000000000000 ) ;
#6833 = LINE ( 'NONE', #6934, #2766 ) ;
#6834 = DIRECTION ( 'NONE',  ( 1.047444401652940007E-14, -0.000000000000000000, 1.000000000000000000 ) ) ;
#6835 = CYLINDRICAL_SURFACE ( 'NONE', #6351, 0.1000000000000000472 ) ;
#6836 = CIRCLE ( 'NONE', #2883, 0.1907949898354945883 ) ;
#6837 = FILL_AREA_STYLE_COLOUR ( '', #6375 ) ;
#6838 = LINE ( 'NONE', #6763, #4897 ) ;
#6839 = PLANE ( 'NONE',  #7119 ) ;
#6840 = CARTESIAN_POINT ( 'NONE',  ( -1.721904477684521151, 0.4800000000000010369, -0.1599999999999819622 ) ) ;
#6841 = VERTEX_POINT ( 'NONE', #5909 ) ;
#6842 = DIRECTION ( 'NONE',  ( 0.05233595624293647247, 0.9986295347545742773, -5.481900437181704796E-16 ) ) ;
#6843 = ORIENTED_EDGE ( 'NONE', *, *, #3620, .T. ) ;
#6844 = EDGE_LOOP ( 'NONE', ( #2128, #3393, #6572, #737 ) ) ;
#6845 = ORIENTED_EDGE ( 'NONE', *, *, #649, .T. ) ;
#6846 = ORIENTED_EDGE ( 'NONE', *, *, #7172, .F. ) ;
#6847 = EDGE_CURVE ( 'NONE', #5682, #236, #788, .T. ) ;
#6848 =( NAMED_UNIT ( * ) PLANE_ANGLE_UNIT ( ) SI_UNIT ( $, .RADIAN. ) );
#6849 = LINE ( 'NONE', #2453, #1290 ) ;
#6850 = ORIENTED_EDGE ( 'NONE', *, *, #2585, .F. ) ;
#6851 = VERTEX_POINT ( 'NONE', #5310 ) ;
#6852 = LINE ( 'NONE', #2423, #3299 ) ;
#6853 = VECTOR ( 'NONE', #2983, 1000.000000000000114 ) ;
#6854 = DIRECTION ( 'NONE',  ( -1.000000000000000000, -3.664421907340615925E-16, 1.047444401652940007E-14 ) ) ;
#6855 = LINE ( 'NONE', #5631, #3047 ) ;
#6856 = FACE_OUTER_BOUND ( 'NONE', #4966, .T. ) ;
#6857 = MECHANICAL_DESIGN_GEOMETRIC_PRESENTATION_REPRESENTATION (  '', ( #1747 ), #354 ) ;
#6858 = EDGE_CURVE ( 'NONE', #3771, #6732, #3012, .T. ) ;
#6859 = DIRECTION ( 'NONE',  ( 1.000000000000000000, 3.664421907340616418E-16, -1.047444401652940007E-14 ) ) ;
#6860 = CARTESIAN_POINT ( 'NONE',  ( -1.721904477684534696, 0.7600000000000000089, -1.459999999999982645 ) ) ;
#6861 = DIRECTION ( 'NONE',  ( 0.000000000000000000, -1.000000000000000000, 0.000000000000000000 ) ) ;
#6862 = DIRECTION ( 'NONE',  ( 8.642576025897891774E-15, 0.000000000000000000, 1.000000000000000000 ) ) ;
#6863 = VERTEX_POINT ( 'NONE', #2468 ) ;
#6864 = AXIS2_PLACEMENT_3D ( 'NONE', #5878, #1948, #5336 ) ;
#6865 = FACE_OUTER_BOUND ( 'NONE', #5148, .T. ) ;
#6866 = ADVANCED_FACE ( 'NONE', ( #2535 ), #860, .F. ) ;
#6867 = VECTOR ( 'NONE', #3640, 1000.000000000000000 ) ;
#6868 = AXIS2_PLACEMENT_3D ( 'NONE', #4792, #1022, #3244 ) ;
#6869 = DIRECTION ( 'NONE',  ( -1.047444401652940007E-14, 0.000000000000000000, -1.000000000000000000 ) ) ;
#6870 = ORIENTED_EDGE ( 'NONE', *, *, #594, .T. ) ;
#6871 = LINE ( 'NONE', #4119, #469 ) ;
#6872 = LINE ( 'NONE', #4771, #6984 ) ;
#6873 = AXIS2_PLACEMENT_3D ( 'NONE', #6001, #3756, #4967 ) ;
#6874 = UNCERTAINTY_MEASURE_WITH_UNIT (LENGTH_MEASURE( 1.000000000000000082E-05 ), #3610, 'distance_accuracy_value', 'NONE');
#6875 = STYLED_ITEM ( 'NONE', ( #1932 ), #1720 ) ;
#6876 = CARTESIAN_POINT ( 'NONE',  ( 1.721904477684504053, 0.5800000000000004041, -1.460000000000018394 ) ) ;
#6877 = DIRECTION ( 'NONE',  ( -0.000000000000000000, -1.000000000000000000, -0.000000000000000000 ) ) ;
#6878 = EDGE_CURVE ( 'NONE', #4023, #2437, #3148, .T. ) ;
#6879 = CARTESIAN_POINT ( 'NONE',  ( -1.721904477684514045, 0.5800000000000004041, 0.4900000000000183098 ) ) ;
#6880 = EDGE_CURVE ( 'NONE', #1904, #4015, #4187, .T. ) ;
#6881 = ADVANCED_FACE ( 'NONE', ( #6903 ), #6378, .F. ) ;
#6882 = DIRECTION ( 'NONE',  ( -1.000000000000000000, 0.000000000000000000, 1.045327707463171542E-14 ) ) ;
#6883 = VERTEX_POINT ( 'NONE', #1403 ) ;
#6884 = CARTESIAN_POINT ( 'NONE',  ( 2.259012843649057523, 0.3808193555679768583, -1.460000000000023945 ) ) ;
#6885 = ORIENTED_EDGE ( 'NONE', *, *, #4920, .F. ) ;
#6886 = ADVANCED_FACE ( 'NONE', ( #1366 ), #3593, .T. ) ;
#6887 = CIRCLE ( 'NONE', #5494, 0.1000000000000000472 ) ;
#6888 = VERTEX_POINT ( 'NONE', #4766 ) ;
#6889 = ORIENTED_EDGE ( 'NONE', *, *, #5888, .F. ) ;
#6890 = FILL_AREA_STYLE ('',( #6735 ) ) ;
#6891 = FACE_OUTER_BOUND ( 'NONE', #2887, .T. ) ;
#6892 = ORIENTED_EDGE ( 'NONE', *, *, #24, .T. ) ;
#6893 = AXIS2_PLACEMENT_3D ( 'NONE', #4842, #2133, #3811 ) ;
#6894 = VERTEX_POINT ( 'NONE', #3110 ) ;
#6895 = CARTESIAN_POINT ( 'NONE',  ( 2.259012843649077951, 0.3808193555679768583, 0.4899999999999766764 ) ) ;
#6896 = CARTESIAN_POINT ( 'NONE',  ( -0.9454999999999869065, 0.3399999999999998024, 1.272500000000010179 ) ) ;
#6897 = AXIS2_PLACEMENT_3D ( 'NONE', #2970, #5203, #1326 ) ;
#6898 = CARTESIAN_POINT ( 'NONE',  ( -1.721904477684507384, 0.4800000000000010369, 1.140000000000018110 ) ) ;
#6899 = CARTESIAN_POINT ( 'NONE',  ( 1.721904477684500723, 0.5800000000000004041, -1.790000000000018465 ) ) ;
#6900 = VECTOR ( 'NONE', #5754, 1000.000000000000000 ) ;
#6901 =( NAMED_UNIT ( * ) PLANE_ANGLE_UNIT ( ) SI_UNIT ( $, .RADIAN. ) );
#6902 = FACE_OUTER_BOUND ( 'NONE', #3594, .T. ) ;
#6903 = FACE_OUTER_BOUND ( 'NONE', #6013, .T. ) ;
#6904 = ORIENTED_EDGE ( 'NONE', *, *, #4839, .T. ) ;
#6905 = CARTESIAN_POINT ( 'NONE',  ( 1.721904477684500723, 0.4800000000000010369, -1.790000000000018465 ) ) ;
#6906 = CARTESIAN_POINT ( 'NONE',  ( -1.910579527876280492, 0.2540000000000005587, -0.8099999999999800693 ) ) ;
#6907 = CARTESIAN_POINT ( 'NONE',  ( -1.910579527876266948, 0.2540000000000005587, 0.4900000000000202527 ) ) ;
#6908 = DIRECTION ( 'NONE',  ( -1.000000000000000000, 0.000000000000000000, 1.022859097168414451E-14 ) ) ;
#6909 = LINE ( 'NONE', #1923, #6740 ) ;
#6910 = LINE ( 'NONE', #1957, #933 ) ;
#6911 = LINE ( 'NONE', #6434, #4939 ) ;
#6912 = EDGE_CURVE ( 'NONE', #2680, #7012, #358, .T. ) ;
#6913 = ORIENTED_EDGE ( 'NONE', *, *, #3860, .T. ) ;
#6914 = COLOUR_RGB ( '',0.7921568627450980005, 0.8196078431372548767, 0.9333333333333333481 ) ;
#6915 = EDGE_CURVE ( 'NONE', #1137, #758, #494, .T. ) ;
#6916 = LINE ( 'NONE', #1960, #4843 ) ;
#6917 = EDGE_LOOP ( 'NONE', ( #2881, #3353, #4562, #6095 ) ) ;
#6918 = DIRECTION ( 'NONE',  ( -0.3420201433256698231, 0.9396926207859079838, 3.582470843790089969E-15 ) ) ;
#6919 = CIRCLE ( 'NONE', #1341, 0.2800000000000003042 ) ;
#6920 = ORIENTED_EDGE ( 'NONE', *, *, #1389, .T. ) ;
#6921 = SURFACE_SIDE_STYLE ('',( #3027 ) ) ;
#6922 = LINE ( 'NONE', #3097, #4682 ) ;
#6923 = ORIENTED_EDGE ( 'NONE', *, *, #1485, .T. ) ;
#6924 = ORIENTED_EDGE ( 'NONE', *, *, #6500, .F. ) ;
#6925 = DIRECTION ( 'NONE',  ( -1.000000000000000000, 0.000000000000000000, 1.022859097168414451E-14 ) ) ;
#6926 = LINE ( 'NONE', #6820, #2458 ) ;
#6927 = FACE_OUTER_BOUND ( 'NONE', #175, .T. ) ;
#6928 = CARTESIAN_POINT ( 'NONE',  ( -1.500000000000001998, 0.7600000000000000089, -0.1599999999999843769 ) ) ;
#6929 = DIRECTION ( 'NONE',  ( 0.000000000000000000, 1.000000000000000000, 0.000000000000000000 ) ) ;
#6930 = CARTESIAN_POINT ( 'NONE',  ( -1.721904477684521151, 0.4800000000000010369, -0.1599999999999819622 ) ) ;
#6931 = DIRECTION ( 'NONE',  ( 0.3420201433256698786, 0.9396926207859079838, -3.582470843790090758E-15 ) ) ;
#6932 = VERTEX_POINT ( 'NONE', #3217 ) ;
#6933 = DIRECTION ( 'NONE',  ( 0.9986295347545742773, -0.05233595624293645165, -1.046008915503958750E-14 ) ) ;
#6934 = CARTESIAN_POINT ( 'NONE',  ( 0.8254999999999871330, 0.3399999999999998024, -1.272500000000008846 ) ) ;
#6935 = ADVANCED_FACE ( 'NONE', ( #424 ), #5481, .F. ) ;
#6936 = AXIS2_PLACEMENT_3D ( 'NONE', #2904, #1734, #2795 ) ;
#6937 = VERTEX_POINT ( 'NONE', #2636 ) ;
#6938 = LINE ( 'NONE', #4738, #2204 ) ;
#6939 = CARTESIAN_POINT ( 'NONE',  ( -1.721904477684531365, 0.4800000000000010369, -1.139999999999982361 ) ) ;
#6940 = FILL_AREA_STYLE_COLOUR ( '', #2092 ) ;
#6941 = CARTESIAN_POINT ( 'NONE',  ( 0.9454999999999817994, 0.3399999999999998024, -1.772500000000010623 ) ) ;
#6942 = CARTESIAN_POINT ( 'NONE',  ( 1.500000000000022427, 0.7600000000000000089, 2.019499999999983864 ) ) ;
#6943 = VECTOR ( 'NONE', #1655, 1000.000000000000114 ) ;
#6944 = ORIENTED_EDGE ( 'NONE', *, *, #3491, .F. ) ;
#6945 = DIRECTION ( 'NONE',  ( 0.9986295347545742773, 0.05233595624293647247, -1.046008915503959065E-14 ) ) ;
#6946 = EDGE_LOOP ( 'NONE', ( #6178, #4909, #209, #3646 ) ) ;
#6947 = CARTESIAN_POINT ( 'NONE',  ( 0.9455000000000136628, 0.2400000000000004075, 1.272499999999990417 ) ) ;
#6948 = ORIENTED_EDGE ( 'NONE', *, *, #2194, .T. ) ;
#6949 = EDGE_CURVE ( 'NONE', #4531, #3166, #4327, .T. ) ;
#6950 = ADVANCED_FACE ( 'NONE', ( #4908 ), #4397, .F. ) ;
#6951 = CARTESIAN_POINT ( 'NONE',  ( -1.815873739763112171, 0.5142020143325679582, -0.1599999999999808520 ) ) ;
#6952 = DIRECTION ( 'NONE',  ( 0.1736481776669307753, 0.9848077530122080203, -1.804990327736802742E-15 ) ) ;
#6953 = VERTEX_POINT ( 'NONE', #3735 ) ;
#6954 = EDGE_LOOP ( 'NONE', ( #3872, #5344, #7162, #2623 ) ) ;
#6955 = ORIENTED_EDGE ( 'NONE', *, *, #5971, .T. ) ;
#6956 = CARTESIAN_POINT ( 'NONE',  ( -0.7054999999999862492, 0.3399999999999998024, 1.422500000000008091 ) ) ;
#6957 = CARTESIAN_POINT ( 'NONE',  ( -2.450000000000003286, 0.1797533162558246356, -0.1599999999999743294 ) ) ;
#6958 = ADVANCED_FACE ( 'NONE', ( #457 ), #2669, .F. ) ;
#6959 = DIRECTION ( 'NONE',  ( -1.047444401652940007E-14, 0.000000000000000000, -1.000000000000000000 ) ) ;
#6960 = DIRECTION ( 'NONE',  ( 1.047444401652940007E-14, 0.000000000000000000, 1.000000000000000000 ) ) ;
#6961 = CARTESIAN_POINT ( 'NONE',  ( 2.259012843649088165, 0.3808193555679768583, 1.459999999999976872 ) ) ;
#6962 = DIRECTION ( 'NONE',  ( 0.9396926207859079838, -0.3420201433256698786, -9.842757749167782739E-15 ) ) ;
#6963 = EDGE_LOOP ( 'NONE', ( #4980, #6139 ) ) ;
#6964 = LINE ( 'NONE', #5276, #729 ) ;
#6965 = VECTOR ( 'NONE', #1230, 1000.000000000000000 ) ;
#6966 = CARTESIAN_POINT ( 'NONE',  ( 1.499999999999984901, 0.7600000000000000089, -1.460000000000016174 ) ) ;
#6967 = ORIENTED_EDGE ( 'NONE', *, *, #6505, .F. ) ;
#6968 = DIRECTION ( 'NONE',  ( -1.000000000000000000, -0.000000000000000000, 1.047444401652940007E-14 ) ) ;
#6969 = DIRECTION ( 'NONE',  ( 1.047444401652940007E-14, -0.000000000000000000, 1.000000000000000000 ) ) ;
#6970 = VECTOR ( 'NONE', #4036, 1000.000000000000000 ) ;
#6971 = PLANE ( 'NONE',  #7 ) ;
#6972 = FACE_OUTER_BOUND ( 'NONE', #1677, .T. ) ;
#6973 = EDGE_CURVE ( 'NONE', #2446, #5567, #3296, .T. ) ;
#6974 = VECTOR ( 'NONE', #1303, 1000.000000000000000 ) ;
#6975 = EDGE_LOOP ( 'NONE', ( #1859, #6290, #4650, #5032 ) ) ;
#6976 = FACE_OUTER_BOUND ( 'NONE', #1771, .T. ) ;
#6977 = VERTEX_POINT ( 'NONE', #4981 ) ;
#6978 = VECTOR ( 'NONE', #337, 1000.000000000000000 ) ;
#6979 = AXIS2_PLACEMENT_3D ( 'NONE', #1980, #1261, #5700 ) ;
#6980 = FACE_OUTER_BOUND ( 'NONE', #3122, .T. ) ;
#6981 = AXIS2_PLACEMENT_3D ( 'NONE', #527, #2188, #1642 ) ;
#6982 = CYLINDRICAL_SURFACE ( 'NONE', #7011, 0.1750719788243587649 ) ;
#6983 = VECTOR ( 'NONE', #1525, 1000.000000000000000 ) ;
#6984 = VECTOR ( 'NONE', #4234, 1000.000000000000114 ) ;
#6985 = ORIENTED_EDGE ( 'NONE', *, *, #2639, .T. ) ;
#6986 = LINE ( 'NONE', #3551, #21 ) ;
#6987 = EDGE_LOOP ( 'NONE', ( #4456, #5686, #302, #590 ) ) ;
#6988 = CARTESIAN_POINT ( 'NONE',  ( -0.8255000000000134452, 0.3399999999999998024, -1.272499999999991527 ) ) ;
#6989 = DIRECTION ( 'NONE',  ( 1.000000000000000000, -0.000000000000000000, -6.866219186497642887E-15 ) ) ;
#6990 = AXIS2_PLACEMENT_3D ( 'NONE', #3663, #5367, #5873 ) ;
#6991 = DIRECTION ( 'NONE',  ( -1.000000000000000000, 0.000000000000000000, 1.047444401652940007E-14 ) ) ;
#6992 = CARTESIAN_POINT ( 'NONE',  ( -2.079724199617751346, 0.3155636257986206283, -1.459999999999978648 ) ) ;
#6993 =( NAMED_UNIT ( * ) PLANE_ANGLE_UNIT ( ) SI_UNIT ( $, .RADIAN. ) );
#6994 = EDGE_CURVE ( 'NONE', #2879, #3465, #5946, .T. ) ;
#6995 = ORIENTED_EDGE ( 'NONE', *, *, #5679, .T. ) ;
#6996 = EDGE_CURVE ( 'NONE', #557, #878, #1050, .T. ) ;
#6997 = ORIENTED_EDGE ( 'NONE', *, *, #3605, .F. ) ;
#6998 = CARTESIAN_POINT ( 'NONE',  ( 0.7055000000000190008, 0.2400000000000004075, 1.772499999999993525 ) ) ;
#6999 = LINE ( 'NONE', #4226, #1629 ) ;
#7000 = ORIENTED_EDGE ( 'NONE', *, *, #2258, .T. ) ;
#7001 = VECTOR ( 'NONE', #2461, 1000.000000000000000 ) ;
#7002 = FACE_OUTER_BOUND ( 'NONE', #5039, .T. ) ;
#7003 = CARTESIAN_POINT ( 'NONE',  ( 1.500000000000011990, 0.5800000000000004041, 1.139999999999984581 ) ) ;
#7004 = AXIS2_PLACEMENT_3D ( 'NONE', #2445, #6325, #4675 ) ;
#7005 = ORIENTED_EDGE ( 'NONE', *, *, #6912, .T. ) ;
#7006 = CARTESIAN_POINT ( 'NONE',  ( -1.721904477684507384, 0.4800000000000010369, 1.140000000000018110 ) ) ;
#7007 = CARTESIAN_POINT ( 'NONE',  ( 2.249027405409686153, 0.1902858436350523264, 1.459999999999976650 ) ) ;
#7008 = VECTOR ( 'NONE', #3660, 1000.000000000000000 ) ;
#7009 = DIRECTION ( 'NONE',  ( 1.047444401652940007E-14, 0.000000000000000000, 1.000000000000000000 ) ) ;
#7010 = DIRECTION ( 'NONE',  ( 1.047444401652940007E-14, 0.000000000000000000, 1.000000000000000000 ) ) ;
#7011 = AXIS2_PLACEMENT_3D ( 'NONE', #1962, #139, #6399 ) ;
#7012 = VERTEX_POINT ( 'NONE', #2166 ) ;
#7013 = LINE ( 'NONE', #301, #4712 ) ;
#7014 = AXIS2_PLACEMENT_3D ( 'NONE', #4490, #82, #3388 ) ;
#7015 = AXIS2_PLACEMENT_3D ( 'NONE', #148, #5599, #7179 ) ;
#7016 = ORIENTED_EDGE ( 'NONE', *, *, #4753, .T. ) ;
#7017 = CARTESIAN_POINT ( 'NONE',  ( 1.815873739763091743, 0.5142020143325679582, -1.790000000000019797 ) ) ;
#7018 = CARTESIAN_POINT ( 'NONE',  ( 2.440579527876260091, -2.168404344971008868E-16, -1.140000000000025882 ) ) ;
#7019 = CARTESIAN_POINT ( 'NONE',  ( -1.500000000000011990, 0.4800000000000010369, -1.139999999999984581 ) ) ;
#7020 = VERTEX_POINT ( 'NONE', #5444 ) ;
#7021 = CARTESIAN_POINT ( 'NONE',  ( 2.440579527876263644, -2.168404344971008868E-16, -0.8100000000000256994 ) ) ;
#7022 = ORIENTED_EDGE ( 'NONE', *, *, #2334, .T. ) ;
#7023 = VECTOR ( 'NONE', #1833, 1000.000000000000227 ) ;
#7024 = ORIENTED_EDGE ( 'NONE', *, *, #3714, .F. ) ;
#7025 = VECTOR ( 'NONE', #4714, 1000.000000000000114 ) ;
#7026 = ORIENTED_EDGE ( 'NONE', *, *, #4075, .F. ) ;
#7027 = ORIENTED_EDGE ( 'NONE', *, *, #6065, .T. ) ;
#7028 = DIRECTION ( 'NONE',  ( 1.047444401652940007E-14, -0.000000000000000000, 1.000000000000000000 ) ) ;
#7029 = CYLINDRICAL_SURFACE ( 'NONE', #7086, 0.3707949898354948592 ) ;
#7030 = DIRECTION ( 'NONE',  ( 1.047444401652940007E-14, 0.000000000000000000, 1.000000000000000000 ) ) ;
#7031 = DIRECTION ( 'NONE',  ( -1.000000000000000000, 0.000000000000000000, 1.022859097168414451E-14 ) ) ;
#7032 = PRESENTATION_STYLE_ASSIGNMENT (( #6451 ) ) ;
#7033 = ORIENTED_EDGE ( 'NONE', *, *, #2006, .T. ) ;
#7034 = DIRECTION ( 'NONE',  ( 0.9986295347545742773, 0.05233595624293645165, -1.046008915503958750E-14 ) ) ;
#7035 = DIRECTION ( 'NONE',  ( 0.9986295347545742773, 0.05233595624293647247, -1.046008915503959065E-14 ) ) ;
#7036 = ORIENTED_EDGE ( 'NONE', *, *, #2482, .F. ) ;
#7037 = CARTESIAN_POINT ( 'NONE',  ( -1.499999999999981570, 0.7600000000000000089, 1.790000000000016467 ) ) ;
#7038 = EDGE_CURVE ( 'NONE', #53, #2633, #1072, .T. ) ;
#7039 = EDGE_CURVE ( 'NONE', #5969, #1796, #7173, .T. ) ;
#7040 = CYLINDRICAL_SURFACE ( 'NONE', #4757, 0.1907949898354945883 ) ;
#7041 = DIRECTION ( 'NONE',  ( 1.000000000000000000, 0.000000000000000000, -1.047444401652940007E-14 ) ) ;
#7042 = DIRECTION ( 'NONE',  ( 1.047444401652940007E-14, 0.000000000000000000, 1.000000000000000000 ) ) ;
#7043 = CIRCLE ( 'NONE', #2630, 0.3707949898354946372 ) ;
#7044 = CARTESIAN_POINT ( 'NONE',  ( -1.815873739763098182, 0.5142020143325679582, 1.140000000000019442 ) ) ;
#7045 = ORIENTED_EDGE ( 'NONE', *, *, #3769, .F. ) ;
#7046 = CARTESIAN_POINT ( 'NONE',  ( 0.7055000000000007931, 0.2400000000000004075, -7.389720253661501497E-15 ) ) ;
#7047 = ORIENTED_EDGE ( 'NONE', *, *, #686, .T. ) ;
#7048 = CARTESIAN_POINT ( 'NONE',  ( -1.499999999999991784, 0.4800000000000010369, 0.8100000000000159295 ) ) ;
#7049 = FACE_OUTER_BOUND ( 'NONE', #5254, .T. ) ;
#7050 = CARTESIAN_POINT ( 'NONE',  ( -2.079724199617744240, 0.3155636257986206283, -0.8099999999999781819 ) ) ;
#7051 = VERTEX_POINT ( 'NONE', #5982 ) ;
#7052 = DIRECTION ( 'NONE',  ( -0.9396926207859079838, -0.3420201433256698786, 9.842757749167782739E-15 ) ) ;
#7053 = ORIENTED_EDGE ( 'NONE', *, *, #1595, .F. ) ;
#7054 = VERTEX_POINT ( 'NONE', #2234 ) ;
#7055 = ADVANCED_FACE ( 'NONE', ( #1581 ), #3774, .F. ) ;
#7056 = FACE_OUTER_BOUND ( 'NONE', #4896, .T. ) ;
#7057 = CARTESIAN_POINT ( 'NONE',  ( 2.450000000000019718, 0.1797533162558246356, 1.789999999999975167 ) ) ;
#7058 = LINE ( 'NONE', #5403, #2287 ) ;
#7059 = EDGE_LOOP ( 'NONE', ( #204, #4169, #6081, #2495 ) ) ;
#7060 = DIRECTION ( 'NONE',  ( 0.05233595624293645165, -0.9986295347545742773, -5.481900437181702824E-16 ) ) ;
#7061 = CARTESIAN_POINT ( 'NONE',  ( 2.449999999999993072, 0.1797533162558246356, -0.8100000000000260325 ) ) ;
#7062 = ORIENTED_EDGE ( 'NONE', *, *, #3042, .F. ) ;
#7063 = EDGE_CURVE ( 'NONE', #1827, #3098, #3808, .T. ) ;
#7064 = FACE_OUTER_BOUND ( 'NONE', #2919, .T. ) ;
#7065 = DIRECTION ( 'NONE',  ( -1.047444401652940007E-14, 0.000000000000000000, -1.000000000000000000 ) ) ;
#7066 = ORIENTED_EDGE ( 'NONE', *, *, #6247, .F. ) ;
#7067 = DIRECTION ( 'NONE',  ( -1.047444401652940007E-14, 0.000000000000000000, -1.000000000000000000 ) ) ;
#7068 = CARTESIAN_POINT ( 'NONE',  ( 1.721904477684514045, 0.4800000000000010369, -0.4900000000000183098 ) ) ;
#7069 = ADVANCED_FACE ( 'NONE', ( #570 ), #2781, .F. ) ;
#7070 = FACE_OUTER_BOUND ( 'NONE', #3022, .T. ) ;
#7071 = LINE ( 'NONE', #7044, #3730 ) ;
#7072 = ORIENTED_EDGE ( 'NONE', *, *, #1933, .F. ) ;
#7073 = DIRECTION ( 'NONE',  ( 1.047444401652940007E-14, 0.000000000000000000, 1.000000000000000000 ) ) ;
#7074 = CIRCLE ( 'NONE', #4546, 0.3707949898354946372 ) ;
#7075 = ADVANCED_FACE ( 'NONE', ( #1507 ), #962, .F. ) ;
#7076 = CARTESIAN_POINT ( 'NONE',  ( 1.499999999999994893, 0.5800000000000004041, -0.4900000000000158118 ) ) ;
#7077 = CARTESIAN_POINT ( 'NONE',  ( 2.079724199617717595, 0.3155636257986206283, -1.790000000000022462 ) ) ;
#7078 = CARTESIAN_POINT ( 'NONE',  ( -2.449999999999986411, 0.1797533162558246356, 1.460000000000025944 ) ) ;
#7079 = VECTOR ( 'NONE', #504, 1000.000000000000000 ) ;
#7080 = ADVANCED_FACE ( 'NONE', ( #2892 ), #5693, .F. ) ;
#7081 = EDGE_CURVE ( 'NONE', #1602, #4367, #5734, .T. ) ;
#7082 = DIRECTION ( 'NONE',  ( -1.047444401652940007E-14, 0.000000000000000000, -1.000000000000000000 ) ) ;
#7083 = ORIENTED_EDGE ( 'NONE', *, *, #298, .T. ) ;
#7084 = EDGE_CURVE ( 'NONE', #882, #7012, #6745, .T. ) ;
#7085 = AXIS2_PLACEMENT_3D ( 'NONE', #408, #2074, #4312 ) ;
#7086 = AXIS2_PLACEMENT_3D ( 'NONE', #6591, #1604, #1538 ) ;
#7087 = DIRECTION ( 'NONE',  ( 1.031531367597048598E-14, -0.1736481776669307753, 0.9848077530122080203 ) ) ;
#7088 = VERTEX_POINT ( 'NONE', #1182 ) ;
#7089 = VECTOR ( 'NONE', #929, 1000.000000000000000 ) ;
#7090 = ORIENTED_EDGE ( 'NONE', *, *, #4753, .F. ) ;
#7091 = VERTEX_POINT ( 'NONE', #749 ) ;
#7092 = VECTOR ( 'NONE', #579, 1000.000000000000114 ) ;
#7093 = DIRECTION ( 'NONE',  ( -1.047444401652940007E-14, 0.000000000000000000, -1.000000000000000000 ) ) ;
#7094 = DIRECTION ( 'NONE',  ( 0.05233595624293645165, -0.9986295347545742773, -5.481900437181702824E-16 ) ) ;
#7095 = DIRECTION ( 'NONE',  ( 1.047444401652940007E-14, 0.000000000000000000, 1.000000000000000000 ) ) ;
#7096 = LINE ( 'NONE', #2124, #4859 ) ;
#7097 = ORIENTED_EDGE ( 'NONE', *, *, #637, .T. ) ;
#7098 = ORIENTED_EDGE ( 'NONE', *, *, #3990, .F. ) ;
#7099 = DIRECTION ( 'NONE',  ( -1.000000000000000000, 0.000000000000000000, 1.051271849867537044E-14 ) ) ;
#7100 = CARTESIAN_POINT ( 'NONE',  ( -2.249027405409662173, 0.1902858436350523264, 0.8100000000000235900 ) ) ;
#7101 = ORIENTED_EDGE ( 'NONE', *, *, #713, .F. ) ;
#7102 = AXIS2_PLACEMENT_3D ( 'NONE', #1467, #3692, #1330 ) ;
#7103 = CYLINDRICAL_SURFACE ( 'NONE', #6893, 0.2800000000000000822 ) ;
#7104 = FACE_OUTER_BOUND ( 'NONE', #771, .T. ) ;
#7105 = ORIENTED_EDGE ( 'NONE', *, *, #3680, .F. ) ;
#7106 = CARTESIAN_POINT ( 'NONE',  ( -0.9454999999999817994, 0.2400000000000004075, 1.772500000000010623 ) ) ;
#7107 = DIRECTION ( 'NONE',  ( 1.000000000000000000, 0.000000000000000000, -1.047444401652940007E-14 ) ) ;
#7108 = VECTOR ( 'NONE', #3892, 1000.000000000000000 ) ;
#7109 = CARTESIAN_POINT ( 'NONE',  ( -0.9454999999999869065, 0.3399999999999998024, 1.272500000000010623 ) ) ;
#7110 = CARTESIAN_POINT ( 'NONE',  ( 2.249027405409655511, 0.1902858436350523264, -1.460000000000023945 ) ) ;
#7111 = LINE ( 'NONE', #1964, #367 ) ;
#7112 = CLOSED_SHELL ( 'NONE', ( #3496, #5288, #4529, #1779, #852, #5716, #780, #4884, #1798, #4845, #990, #3628, #4740, #3267 ) ) ;
#7113 = ORIENTED_EDGE ( 'NONE', *, *, #1880, .F. ) ;
#7114 = LINE ( 'NONE', #3314, #40 ) ;
#7115 = CARTESIAN_POINT ( 'NONE',  ( -1.500000000000015321, 0.7600000000000000089, -1.459999999999984643 ) ) ;
#7116 = AXIS2_PLACEMENT_3D ( 'NONE', #1470, #2667, #2707 ) ;
#7117 = EDGE_CURVE ( 'NONE', #3281, #1350, #3441, .T. ) ;
#7118 = CARTESIAN_POINT ( 'NONE',  ( -1.499999999999984679, 0.5800000000000004041, 1.460000000000016396 ) ) ;
#7119 = AXIS2_PLACEMENT_3D ( 'NONE', #1853, #2443, #3020 ) ;
#7120 = VERTEX_POINT ( 'NONE', #2851 ) ;
#7121 = AXIS2_PLACEMENT_3D ( 'NONE', #6269, #5771, #6235 ) ;
#7122 = ADVANCED_FACE ( 'NONE', ( #3953 ), #63, .F. ) ;
#7123 = ADVANCED_FACE ( 'NONE', ( #4502 ), #5626, .F. ) ;
#7124 = DIRECTION ( 'NONE',  ( -1.000000000000000000, 3.664421907340615925E-16, 1.047444401652940007E-14 ) ) ;
#7125 = VERTEX_POINT ( 'NONE', #2930 ) ;
#7126 = ORIENTED_EDGE ( 'NONE', *, *, #4722, .T. ) ;
#7127 = ORIENTED_EDGE ( 'NONE', *, *, #4266, .F. ) ;
#7128 = ORIENTED_EDGE ( 'NONE', *, *, #5981, .T. ) ;
#7129 = LINE ( 'NONE', #2559, #146 ) ;
#7130 = CARTESIAN_POINT ( 'NONE',  ( 1.499999999999998446, 0.7600000000000000089, -0.1600000000000157130 ) ) ;
#7131 = DIRECTION ( 'NONE',  ( -1.000000000000000000, 3.664421907340615925E-16, 1.047444401652940007E-14 ) ) ;
#7132 = ORIENTED_EDGE ( 'NONE', *, *, #7172, .T. ) ;
#7133 = CARTESIAN_POINT ( 'NONE',  ( 2.249027405409672831, 0.1902858436350523264, 0.1599999999999763278 ) ) ;
#7134 = AXIS2_PLACEMENT_3D ( 'NONE', #6884, #1311, #3023 ) ;
#7135 = LINE ( 'NONE', #5372, #1318 ) ;
#7136 = ORIENTED_EDGE ( 'NONE', *, *, #3997, .F. ) ;
#7137 = DIRECTION ( 'NONE',  ( 1.047444401652940007E-14, 0.000000000000000000, 1.000000000000000000 ) ) ;
#7138 = ORIENTED_EDGE ( 'NONE', *, *, #3401, .F. ) ;
#7139 = ORIENTED_EDGE ( 'NONE', *, *, #7163, .F. ) ;
#7140 = CARTESIAN_POINT ( 'NONE',  ( 2.249027405409675495, 0.1902858436350523264, 0.4899999999999764544 ) ) ;
#7141 = DIRECTION ( 'NONE',  ( -1.047444401652940007E-14, 0.000000000000000000, -1.000000000000000000 ) ) ;
#7142 = EDGE_LOOP ( 'NONE', ( #6769, #1168, #3102, #3240 ) ) ;
#7143 = LINE ( 'NONE', #3673, #862 ) ;
#7144 = CARTESIAN_POINT ( 'NONE',  ( 0.8255000000000134452, 0.2400000000000004075, 1.272499999999991527 ) ) ;
#7145 =( LENGTH_UNIT ( ) NAMED_UNIT ( * ) SI_UNIT ( .MILLI., .METRE. ) );
#7146 = ORIENTED_EDGE ( 'NONE', *, *, #5935, .T. ) ;
#7147 = CARTESIAN_POINT ( 'NONE',  ( 2.449999999999986411, 0.1797533162558246356, -1.460000000000026388 ) ) ;
#7148 = EDGE_CURVE ( 'NONE', #592, #1107, #1219, .T. ) ;
#7149 = FACE_OUTER_BOUND ( 'NONE', #6336, .T. ) ;
#7150 = VERTEX_POINT ( 'NONE', #4537 ) ;
#7151 = CARTESIAN_POINT ( 'NONE',  ( -1.721904477684500723, 0.5800000000000004041, 1.790000000000018465 ) ) ;
#7152 = CARTESIAN_POINT ( 'NONE',  ( 2.079724199617754898, 0.3155636257986206283, 1.789999999999979163 ) ) ;
#7153 = DIRECTION ( 'NONE',  ( -3.664421907340615925E-16, 1.000000000000000000, 3.862930115426472391E-30 ) ) ;
#7154 = CARTESIAN_POINT ( 'NONE',  ( -1.721904477684527812, 0.7600000000000000089, -0.8099999999999822897 ) ) ;
#7155 = ORIENTED_EDGE ( 'NONE', *, *, #1789, .F. ) ;
#7156 = EDGE_CURVE ( 'NONE', #6062, #3333, #5590, .T. ) ;
#7158 = ADVANCED_FACE ( 'NONE', ( #5120 ), #6123, .F. ) ;
#7157 = DIRECTION ( 'NONE',  ( -1.000000000000000000, 0.000000000000000000, 1.047444401652940007E-14 ) ) ;
#7159 = ORIENTED_EDGE ( 'NONE', *, *, #3839, .T. ) ;
#7160 = EDGE_CURVE ( 'NONE', #1100, #5320, #179, .T. ) ;
#7161 = ORIENTED_EDGE ( 'NONE', *, *, #3174, .F. ) ;
#7162 = ORIENTED_EDGE ( 'NONE', *, *, #3320, .F. ) ;
#7163 = EDGE_CURVE ( 'NONE', #3024, #3790, #4615, .T. ) ;
#7164 = CARTESIAN_POINT ( 'NONE',  ( 1.500000000000005551, 0.5800000000000004041, 0.4899999999999845035 ) ) ;
#7165 = DIRECTION ( 'NONE',  ( 1.000000000000000000, 3.664421907340616418E-16, -1.047444401652940007E-14 ) ) ;
#7166 = DIRECTION ( 'NONE',  ( -1.000000000000000000, 0.000000000000000000, 1.084202172485503961E-14 ) ) ;
#7167 = ORIENTED_EDGE ( 'NONE', *, *, #6241, .T. ) ;
#7168 = AXIS2_PLACEMENT_3D ( 'NONE', #1691, #3926, #6127 ) ;
#7169 = CARTESIAN_POINT ( 'NONE',  ( 1.985018411504585467, 0.5757656401311880279, 1.139999999999979252 ) ) ;
#7170 = DIRECTION ( 'NONE',  ( -1.000000000000000000, 0.000000000000000000, 6.866219186497642887E-15 ) ) ;
#7171 = ORIENTED_EDGE ( 'NONE', *, *, #6114, .T. ) ;
#7172 = EDGE_CURVE ( 'NONE', #5011, #5027, #6818, .T. ) ;
#7173 = LINE ( 'NONE', #535, #591 ) ;
#7174 = DIRECTION ( 'NONE',  ( 1.000000000000000000, 0.000000000000000000, -1.047444401652940007E-14 ) ) ;
#7175 = CARTESIAN_POINT ( 'NONE',  ( 2.259012843649091273, 0.3808193555679768583, 1.789999999999977165 ) ) ;
#7176 = EDGE_CURVE ( 'NONE', #3916, #2450, #6262, .T. ) ;
#7177 = LINE ( 'NONE', #104, #1140 ) ;
#7178 = VERTEX_POINT ( 'NONE', #6674 ) ;
#7179 = DIRECTION ( 'NONE',  ( 1.000000000000000000, 0.000000000000000000, -1.047444401652940007E-14 ) ) ;
#7180 = CARTESIAN_POINT ( 'NONE',  ( 1.721904477684524482, 0.5800000000000004041, 0.4899999999999822275 ) ) ;
#7181 = FACE_OUTER_BOUND ( 'NONE', #912, .T. ) ;
#7182 = EDGE_LOOP ( 'NONE', ( #3336, #6815, #4683, #136 ) ) ;
#7183 = FACE_OUTER_BOUND ( 'NONE', #2177, .T. ) ;
#7184 = CARTESIAN_POINT ( 'NONE',  ( 1.500000000000021982, 0.7600000000000000089, 2.019499999999983864 ) ) ;
ENDSEC;
END-ISO-10303-21;
